datetime,sigai,bucket,index,cluster
2023-01-01 00:00:00,0.00504938,16:10 - 00:10,31,0
2023-01-01 00:01:00,0.00504938,16:10 - 00:10,31,0
2023-01-01 00:02:00,0.00504938,16:10 - 00:10,31,0
2023-01-01 00:03:00,0.00504938,16:10 - 00:10,31,0
2023-01-01 00:04:00,0.00504938,16:10 - 00:10,31,0
2023-01-01 00:05:00,0.00504938,16:10 - 00:10,31,0
2023-01-01 00:06:00,0.00504938,16:10 - 00:10,31,0
2023-01-01 00:07:00,0.00504938,16:10 - 00:10,31,0
2023-01-01 00:08:00,0.00504938,16:10 - 00:10,31,0
2023-01-01 00:09:00,0.00504938,16:10 - 00:10,31,0
2023-01-01 00:10:00,0.00504938,00:10 - 08:10,32,0
2023-01-01 00:11:00,0.00504938,00:10 - 08:10,32,0
2023-01-01 00:12:00,0.00504938,00:10 - 08:10,32,0
2023-01-01 00:13:00,0.00504938,00:10 - 08:10,32,0
2023-01-01 00:14:00,0.00504938,00:10 - 08:10,32,0
2023-01-01 00:15:00,0.00504938,00:10 - 08:10,32,0
2023-01-01 00:16:00,0.00504938,00:10 - 08:10,32,0
2023-01-01 00:17:00,0.00504938,00:10 - 08:10,32,0
2023-01-01 00:18:00,0.00504938,00:10 - 08:10,32,0
2023-01-01 00:19:00,0.00504938,00:10 - 08:10,32,0
2023-01-01 00:20:00,0.00504938,00:10 - 08:10,32,0
2023-01-01 00:21:00,0.00504938,00:10 - 08:10,32,0
2023-01-01 00:22:00,0.00504938,00:10 - 08:10,32,0
2023-01-01 00:23:00,0.00504938,00:10 - 08:10,32,0
2023-01-01 00:24:00,0.00504938,00:10 - 08:10,32,0
2023-01-01 00:25:00,0.00504938,00:10 - 08:10,32,0
2023-01-01 00:26:00,0.00504938,00:10 - 08:10,32,0
2023-01-01 00:27:00,0.00504938,00:10 - 08:10,32,0
2023-01-01 00:28:00,0.00504938,00:10 - 08:10,32,0
2023-01-01 00:29:00,0.00504938,00:10 - 08:10,32,0
2023-01-01 00:30:00,0.00504938,00:10 - 08:10,32,0
2023-01-01 00:31:00,0.00504938,00:10 - 08:10,32,0
2023-01-01 00:32:00,0.00504938,00:10 - 08:10,32,0
2023-01-01 00:33:00,0.00504938,00:10 - 08:10,32,0
2023-01-01 00:34:00,0.00504938,00:10 - 08:10,32,0
2023-01-01 00:35:00,0.00504938,00:10 - 08:10,32,0
2023-01-01 00:36:00,0.00504938,00:10 - 08:10,32,0
2023-01-01 00:37:00,0.00504938,00:10 - 08:10,32,0
2023-01-01 00:38:00,0.00504938,00:10 - 08:10,32,0
2023-01-01 00:39:00,0.00504938,00:10 - 08:10,32,0
2023-01-01 00:40:00,0.00504938,00:10 - 08:10,32,0
2023-01-01 00:41:00,0.00504938,00:10 - 08:10,32,0
2023-01-01 00:42:00,0.00504938,00:10 - 08:10,32,0
2023-01-01 00:43:00,0.00504938,00:10 - 08:10,32,0
2023-01-01 00:44:00,0.00504938,00:10 - 08:10,32,0
2023-01-01 00:45:00,0.00504938,00:10 - 08:10,32,0
2023-01-01 00:46:00,0.00504938,00:10 - 08:10,32,0
2023-01-01 00:47:00,0.00504938,00:10 - 08:10,32,0
2023-01-01 00:48:00,0.00504938,00:10 - 08:10,32,0
2023-01-01 00:49:00,0.00504938,00:10 - 08:10,32,0
2023-01-01 00:50:00,0.00504938,00:10 - 08:10,32,0
2023-01-01 00:51:00,0.00504938,00:10 - 08:10,32,0
2023-01-01 00:52:00,0.00504938,00:10 - 08:10,32,0
2023-01-01 00:53:00,0.00504938,00:10 - 08:10,32,0
2023-01-01 00:54:00,0.00504938,00:10 - 08:10,32,0
2023-01-01 00:55:00,0.00504938,00:10 - 08:10,32,0
2023-01-01 00:56:00,0.00504938,00:10 - 08:10,32,0
2023-01-01 00:57:00,0.00504938,00:10 - 08:10,32,0
2023-01-01 00:58:00,0.00504938,00:10 - 08:10,32,0
2023-01-01 00:59:00,0.00504938,00:10 - 08:10,32,0
2023-01-01 01:00:00,0.00504938,00:10 - 08:10,32,0
2023-01-01 01:01:00,0.00504938,00:10 - 08:10,32,0
2023-01-01 01:02:00,0.00504938,00:10 - 08:10,32,0
2023-01-01 01:03:00,0.00504938,00:10 - 08:10,32,0
2023-01-01 01:04:00,0.00504938,00:10 - 08:10,32,0
2023-01-01 01:05:00,0.00504938,00:10 - 08:10,32,0
2023-01-01 01:06:00,0.00504938,00:10 - 08:10,32,0
2023-01-01 01:07:00,0.00504938,00:10 - 08:10,32,0
2023-01-01 01:08:00,0.00504938,00:10 - 08:10,32,0
2023-01-01 01:09:00,0.00504938,00:10 - 08:10,32,0
2023-01-01 01:10:00,0.00504938,00:10 - 08:10,32,0
2023-01-01 01:11:00,0.00504938,00:10 - 08:10,32,0
2023-01-01 01:12:00,0.00504938,00:10 - 08:10,32,0
2023-01-01 01:13:00,0.00504938,00:10 - 08:10,32,0
2023-01-01 01:14:00,0.00504938,00:10 - 08:10,32,0
2023-01-01 01:15:00,0.00504938,00:10 - 08:10,32,0
2023-01-01 01:16:00,0.00504938,00:10 - 08:10,32,0
2023-01-01 01:17:00,0.00504938,00:10 - 08:10,32,0
2023-01-01 01:18:00,0.00504922,00:10 - 08:10,32,0
2023-01-01 01:19:00,0.00504922,00:10 - 08:10,32,0
2023-01-01 01:20:00,0.00504922,00:10 - 08:10,32,0
2023-01-01 01:21:00,0.00504922,00:10 - 08:10,32,0
2023-01-01 01:22:00,0.00504922,00:10 - 08:10,32,0
2023-01-01 01:23:00,0.00504922,00:10 - 08:10,32,0
2023-01-01 01:24:00,0.00504922,00:10 - 08:10,32,0
2023-01-01 01:25:00,0.00504922,00:10 - 08:10,32,0
2023-01-01 01:26:00,0.00504922,00:10 - 08:10,32,0
2023-01-01 01:27:00,0.00504922,00:10 - 08:10,32,0
2023-01-01 01:28:00,0.00504922,00:10 - 08:10,32,0
2023-01-01 01:29:00,0.00504922,00:10 - 08:10,32,0
2023-01-01 01:30:00,0.00504922,00:10 - 08:10,32,0
2023-01-01 01:31:00,0.00504922,00:10 - 08:10,32,0
2023-01-01 01:32:00,0.00504922,00:10 - 08:10,32,0
2023-01-01 01:33:00,0.00504922,00:10 - 08:10,32,0
2023-01-01 01:34:00,0.00504922,00:10 - 08:10,32,0
2023-01-01 01:35:00,0.00504922,00:10 - 08:10,32,0
2023-01-01 01:36:00,0.00504922,00:10 - 08:10,32,0
2023-01-01 01:37:00,0.00504922,00:10 - 08:10,32,0
2023-01-01 01:38:00,0.00504922,00:10 - 08:10,32,0
2023-01-01 01:39:00,0.00504922,00:10 - 08:10,32,0
2023-01-01 01:40:00,0.00504922,00:10 - 08:10,32,0
2023-01-01 01:41:00,0.00504922,00:10 - 08:10,32,0
2023-01-01 01:42:00,0.00504922,00:10 - 08:10,32,0
2023-01-01 01:43:00,0.00504922,00:10 - 08:10,32,0
2023-01-01 01:44:00,0.00504922,00:10 - 08:10,32,0
2023-01-01 01:45:00,0.00504922,00:10 - 08:10,32,0
2023-01-01 01:46:00,0.00504922,00:10 - 08:10,32,0
2023-01-01 01:47:00,0.00504922,00:10 - 08:10,32,0
2023-01-01 01:48:00,0.00504922,00:10 - 08:10,32,0
2023-01-01 01:49:00,0.00504922,00:10 - 08:10,32,0
2023-01-01 01:50:00,0.00504922,00:10 - 08:10,32,0
2023-01-01 01:51:00,0.00504922,00:10 - 08:10,32,0
2023-01-01 01:52:00,0.00504922,00:10 - 08:10,32,0
2023-01-01 01:53:00,0.00504922,00:10 - 08:10,32,0
2023-01-01 01:54:00,0.00504922,00:10 - 08:10,32,0
2023-01-01 01:55:00,0.00504922,00:10 - 08:10,32,0
2023-01-01 01:56:00,0.00504922,00:10 - 08:10,32,0
2023-01-01 01:57:00,0.00504922,00:10 - 08:10,32,0
2023-01-01 01:58:00,0.00504922,00:10 - 08:10,32,0
2023-01-01 01:59:00,0.00504922,00:10 - 08:10,32,0
2023-01-01 02:00:00,0.00504922,00:10 - 08:10,32,0
2023-01-01 02:01:00,0.00504922,00:10 - 08:10,32,0
2023-01-01 02:02:00,0.00504922,00:10 - 08:10,32,0
2023-01-01 02:03:00,0.00504922,00:10 - 08:10,32,0
2023-01-01 02:04:00,0.00504938,00:10 - 08:10,32,0
2023-01-01 02:05:00,0.00504938,00:10 - 08:10,32,0
2023-01-01 02:06:00,0.00504938,00:10 - 08:10,32,0
2023-01-01 02:07:00,0.00504938,00:10 - 08:10,32,0
2023-01-01 02:08:00,0.00504938,00:10 - 08:10,32,0
2023-01-01 02:09:00,0.00504938,00:10 - 08:10,32,0
2023-01-01 02:10:00,0.00504938,00:10 - 08:10,32,0
2023-01-01 02:11:00,0.00504938,00:10 - 08:10,32,0
2023-01-01 02:12:00,0.00504938,00:10 - 08:10,32,0
2023-01-01 02:13:00,0.00504938,00:10 - 08:10,32,0
2023-01-01 02:14:00,0.00504938,00:10 - 08:10,32,0
2023-01-01 02:15:00,0.00504938,00:10 - 08:10,32,0
2023-01-01 02:16:00,0.00504938,00:10 - 08:10,32,0
2023-01-01 02:17:00,0.00504938,00:10 - 08:10,32,0
2023-01-01 02:18:00,0.00504938,00:10 - 08:10,32,0
2023-01-01 02:19:00,0.00504922,00:10 - 08:10,32,0
2023-01-01 02:20:00,0.00504922,00:10 - 08:10,32,0
2023-01-01 02:21:00,0.00504922,00:10 - 08:10,32,0
2023-01-01 02:22:00,0.00504922,00:10 - 08:10,32,0
2023-01-01 02:23:00,0.00504922,00:10 - 08:10,32,0
2023-01-01 02:24:00,0.00504922,00:10 - 08:10,32,0
2023-01-01 02:25:00,0.00504922,00:10 - 08:10,32,0
2023-01-01 02:26:00,0.00504922,00:10 - 08:10,32,0
2023-01-01 02:27:00,0.00504922,00:10 - 08:10,32,0
2023-01-01 02:28:00,0.00504922,00:10 - 08:10,32,0
2023-01-01 02:29:00,0.00504922,00:10 - 08:10,32,0
2023-01-01 02:30:00,0.00504855,00:10 - 08:10,32,0
2023-01-01 02:31:00,0.00504772,00:10 - 08:10,32,0
2023-01-01 02:32:00,0.00504772,00:10 - 08:10,32,0
2023-01-01 02:33:00,0.00504772,00:10 - 08:10,32,0
2023-01-01 02:34:00,0.00504772,00:10 - 08:10,32,0
2023-01-01 02:35:00,0.00504772,00:10 - 08:10,32,0
2023-01-01 02:36:00,0.00504772,00:10 - 08:10,32,0
2023-01-01 02:37:00,0.00504772,00:10 - 08:10,32,0
2023-01-01 02:38:00,0.00504772,00:10 - 08:10,32,0
2023-01-01 02:39:00,0.00504772,00:10 - 08:10,32,0
2023-01-01 02:40:00,0.00504772,00:10 - 08:10,32,0
2023-01-01 02:41:00,0.00504772,00:10 - 08:10,32,0
2023-01-01 02:42:00,0.00504772,00:10 - 08:10,32,0
2023-01-01 02:43:00,0.00504772,00:10 - 08:10,32,0
2023-01-01 02:44:00,0.00504772,00:10 - 08:10,32,0
2023-01-01 02:45:00,0.00504772,00:10 - 08:10,32,0
2023-01-01 02:46:00,0.00504772,00:10 - 08:10,32,0
2023-01-01 02:47:00,0.00504772,00:10 - 08:10,32,0
2023-01-01 02:48:00,0.00504772,00:10 - 08:10,32,0
2023-01-01 02:49:00,0.00504772,00:10 - 08:10,32,0
2023-01-01 02:50:00,0.00504772,00:10 - 08:10,32,0
2023-01-01 02:51:00,0.00504772,00:10 - 08:10,32,0
2023-01-01 02:52:00,0.00504772,00:10 - 08:10,32,0
2023-01-01 02:53:00,0.00504772,00:10 - 08:10,32,0
2023-01-01 02:54:00,0.00504772,00:10 - 08:10,32,0
2023-01-01 02:55:00,0.00504772,00:10 - 08:10,32,0
2023-01-01 02:56:00,0.00504772,00:10 - 08:10,32,0
2023-01-01 02:57:00,0.00504772,00:10 - 08:10,32,0
2023-01-01 02:58:00,0.00504772,00:10 - 08:10,32,0
2023-01-01 02:59:00,0.00504772,00:10 - 08:10,32,0
2023-01-01 03:00:00,0.00504772,00:10 - 08:10,32,0
2023-01-01 03:01:00,0.00504772,00:10 - 08:10,32,0
2023-01-01 03:02:00,0.00504772,00:10 - 08:10,32,0
2023-01-01 03:03:00,0.00504772,00:10 - 08:10,32,0
2023-01-01 03:04:00,0.00504772,00:10 - 08:10,32,0
2023-01-01 03:05:00,0.00504772,00:10 - 08:10,32,0
2023-01-01 03:06:00,0.00504772,00:10 - 08:10,32,0
2023-01-01 03:07:00,0.00504772,00:10 - 08:10,32,0
2023-01-01 03:08:00,0.00504772,00:10 - 08:10,32,0
2023-01-01 03:09:00,0.00504772,00:10 - 08:10,32,0
2023-01-01 03:10:00,0.00504772,00:10 - 08:10,32,0
2023-01-01 03:11:00,0.00504772,00:10 - 08:10,32,0
2023-01-01 03:12:00,0.00504772,00:10 - 08:10,32,0
2023-01-01 03:13:00,0.00504772,00:10 - 08:10,32,0
2023-01-01 03:14:00,0.00504772,00:10 - 08:10,32,0
2023-01-01 03:15:00,0.00504772,00:10 - 08:10,32,0
2023-01-01 03:16:00,0.00504772,00:10 - 08:10,32,0
2023-01-01 03:17:00,0.00504772,00:10 - 08:10,32,0
2023-01-01 03:18:00,0.00504772,00:10 - 08:10,32,0
2023-01-01 03:19:00,0.00504772,00:10 - 08:10,32,0
2023-01-01 03:20:00,0.00504772,00:10 - 08:10,32,0
2023-01-01 03:21:00,0.00504772,00:10 - 08:10,32,0
2023-01-01 03:22:00,0.00504772,00:10 - 08:10,32,0
2023-01-01 03:23:00,0.00504772,00:10 - 08:10,32,0
2023-01-01 03:24:00,0.00504772,00:10 - 08:10,32,0
2023-01-01 03:25:00,0.00504772,00:10 - 08:10,32,0
2023-01-01 03:26:00,0.00504772,00:10 - 08:10,32,0
2023-01-01 03:27:00,0.00504772,00:10 - 08:10,32,0
2023-01-01 03:28:00,0.00504772,00:10 - 08:10,32,0
2023-01-01 03:29:00,0.00504772,00:10 - 08:10,32,0
2023-01-01 03:30:00,0.00504772,00:10 - 08:10,32,0
2023-01-01 03:31:00,0.00504772,00:10 - 08:10,32,0
2023-01-01 03:32:00,0.00504772,00:10 - 08:10,32,0
2023-01-01 03:33:00,0.00504772,00:10 - 08:10,32,0
2023-01-01 03:34:00,0.00504772,00:10 - 08:10,32,0
2023-01-01 03:35:00,0.00504772,00:10 - 08:10,32,0
2023-01-01 03:36:00,0.00504772,00:10 - 08:10,32,0
2023-01-01 03:37:00,0.00504772,00:10 - 08:10,32,0
2023-01-01 03:38:00,0.00504772,00:10 - 08:10,32,0
2023-01-01 03:39:00,0.00504772,00:10 - 08:10,32,0
2023-01-01 03:40:00,0.00504772,00:10 - 08:10,32,0
2023-01-01 03:41:00,0.00504772,00:10 - 08:10,32,0
2023-01-01 03:42:00,0.00504772,00:10 - 08:10,32,0
2023-01-01 03:43:00,0.00504772,00:10 - 08:10,32,0
2023-01-01 03:44:00,0.00504772,00:10 - 08:10,32,0
2023-01-01 03:45:00,0.00504772,00:10 - 08:10,32,0
2023-01-01 03:46:00,0.00504772,00:10 - 08:10,32,0
2023-01-01 03:47:00,0.00504772,00:10 - 08:10,32,0
2023-01-01 03:48:00,0.00504755,00:10 - 08:10,32,0
2023-01-01 03:49:00,0.00504505,00:10 - 08:10,32,0
2023-01-01 03:50:00,0.00504472,00:10 - 08:10,32,0
2023-01-01 03:51:00,0.00504472,00:10 - 08:10,32,0
2023-01-01 03:52:00,0.00504472,00:10 - 08:10,32,0
2023-01-01 03:53:00,0.00504455,00:10 - 08:10,32,0
2023-01-01 03:54:00,0.00504455,00:10 - 08:10,32,0
2023-01-01 03:55:00,0.00504388,00:10 - 08:10,32,0
2023-01-01 03:56:00,0.00504355,00:10 - 08:10,32,0
2023-01-01 03:57:00,0.00504355,00:10 - 08:10,32,0
2023-01-01 03:58:00,0.00504355,00:10 - 08:10,32,0
2023-01-01 03:59:00,0.00622688,00:10 - 08:10,32,0
2023-01-01 04:00:00,0.00621022,00:10 - 08:10,32,0
2023-01-01 04:01:00,0.00621022,00:10 - 08:10,32,0
2023-01-01 04:02:00,0.00621022,00:10 - 08:10,32,0
2023-01-01 04:03:00,0.00621022,00:10 - 08:10,32,0
2023-01-01 04:04:00,0.00621022,00:10 - 08:10,32,0
2023-01-01 04:05:00,0.00621022,00:10 - 08:10,32,0
2023-01-01 04:06:00,0.00621022,00:10 - 08:10,32,0
2023-01-01 04:07:00,0.00621022,00:10 - 08:10,32,0
2023-01-01 04:08:00,0.00621022,00:10 - 08:10,32,0
2023-01-01 04:09:00,0.00621022,00:10 - 08:10,32,0
2023-01-01 04:10:00,0.00621022,00:10 - 08:10,32,0
2023-01-01 04:11:00,0.00621022,00:10 - 08:10,32,0
2023-01-01 04:12:00,0.00621022,00:10 - 08:10,32,0
2023-01-01 04:13:00,0.00621022,00:10 - 08:10,32,0
2023-01-01 04:14:00,0.00621022,00:10 - 08:10,32,0
2023-01-01 04:15:00,0.00621022,00:10 - 08:10,32,0
2023-01-01 04:16:00,0.00621022,00:10 - 08:10,32,0
2023-01-01 04:17:00,0.00621022,00:10 - 08:10,32,0
2023-01-01 04:18:00,0.00621022,00:10 - 08:10,32,0
2023-01-01 04:19:00,0.00621022,00:10 - 08:10,32,0
2023-01-01 04:20:00,0.00621022,00:10 - 08:10,32,0
2023-01-01 04:21:00,0.00621022,00:10 - 08:10,32,0
2023-01-01 04:22:00,0.00621022,00:10 - 08:10,32,0
2023-01-01 04:23:00,0.00621022,00:10 - 08:10,32,0
2023-01-01 04:24:00,0.00621022,00:10 - 08:10,32,0
2023-01-01 04:25:00,0.00621022,00:10 - 08:10,32,0
2023-01-01 04:26:00,0.00621022,00:10 - 08:10,32,0
2023-01-01 04:27:00,0.00621022,00:10 - 08:10,32,0
2023-01-01 04:28:00,0.00621022,00:10 - 08:10,32,0
2023-01-01 04:29:00,0.00621022,00:10 - 08:10,32,0
2023-01-01 04:30:00,0.00621022,00:10 - 08:10,32,0
2023-01-01 04:31:00,0.00621022,00:10 - 08:10,32,0
2023-01-01 04:32:00,0.00621022,00:10 - 08:10,32,0
2023-01-01 04:33:00,0.00621022,00:10 - 08:10,32,0
2023-01-01 04:34:00,0.00621022,00:10 - 08:10,32,0
2023-01-01 04:35:00,0.00621022,00:10 - 08:10,32,0
2023-01-01 04:36:00,0.00621022,00:10 - 08:10,32,0
2023-01-01 04:37:00,0.00621022,00:10 - 08:10,32,0
2023-01-01 04:38:00,0.00621022,00:10 - 08:10,32,0
2023-01-01 04:39:00,0.00621022,00:10 - 08:10,32,0
2023-01-01 04:40:00,0.00621022,00:10 - 08:10,32,0
2023-01-01 04:41:00,0.00621022,00:10 - 08:10,32,0
2023-01-01 04:42:00,0.00621022,00:10 - 08:10,32,0
2023-01-01 04:43:00,0.00621022,00:10 - 08:10,32,0
2023-01-01 04:44:00,0.00621022,00:10 - 08:10,32,0
2023-01-01 04:45:00,0.00621022,00:10 - 08:10,32,0
2023-01-01 04:46:00,0.00621022,00:10 - 08:10,32,0
2023-01-01 04:47:00,0.00621022,00:10 - 08:10,32,0
2023-01-01 04:48:00,0.00621022,00:10 - 08:10,32,0
2023-01-01 04:49:00,0.00621022,00:10 - 08:10,32,0
2023-01-01 04:50:00,0.00621022,00:10 - 08:10,32,0
2023-01-01 04:51:00,0.00621022,00:10 - 08:10,32,0
2023-01-01 04:52:00,0.00621022,00:10 - 08:10,32,0
2023-01-01 04:53:00,0.00621022,00:10 - 08:10,32,0
2023-01-01 04:54:00,0.00621022,00:10 - 08:10,32,0
2023-01-01 04:55:00,0.00621022,00:10 - 08:10,32,0
2023-01-01 04:56:00,0.00621022,00:10 - 08:10,32,0
2023-01-01 04:57:00,0.00621022,00:10 - 08:10,32,0
2023-01-01 04:58:00,0.00621022,00:10 - 08:10,32,0
2023-01-01 04:59:00,0.00621022,00:10 - 08:10,32,0
2023-01-01 05:00:00,0.00621022,00:10 - 08:10,32,0
2023-01-01 05:01:00,0.00621022,00:10 - 08:10,32,0
2023-01-01 05:02:00,0.00621022,00:10 - 08:10,32,0
2023-01-01 05:03:00,0.00621022,00:10 - 08:10,32,0
2023-01-01 05:04:00,0.00621022,00:10 - 08:10,32,0
2023-01-01 05:05:00,0.00621022,00:10 - 08:10,32,0
2023-01-01 05:06:00,0.00621022,00:10 - 08:10,32,0
2023-01-01 05:07:00,0.00620988,00:10 - 08:10,32,0
2023-01-01 05:08:00,0.00620838,00:10 - 08:10,32,0
2023-01-01 05:09:00,0.00620688,00:10 - 08:10,32,0
2023-01-01 05:10:00,0.00620538,00:10 - 08:10,32,0
2023-01-01 05:11:00,0.00620371,00:10 - 08:10,32,0
2023-01-01 05:12:00,0.00620222,00:10 - 08:10,32,0
2023-01-01 05:13:00,0.00620105,00:10 - 08:10,32,0
2023-01-01 05:14:00,0.00619972,00:10 - 08:10,32,0
2023-01-01 05:15:00,0.00619955,00:10 - 08:10,32,0
2023-01-01 05:16:00,0.00619905,00:10 - 08:10,32,0
2023-01-01 05:17:00,0.00619705,00:10 - 08:10,32,0
2023-01-01 05:18:00,0.00619538,00:10 - 08:10,32,0
2023-01-01 05:19:00,0.00619405,00:10 - 08:10,32,0
2023-01-01 05:20:00,0.00619238,00:10 - 08:10,32,0
2023-01-01 05:21:00,0.00618922,00:10 - 08:10,32,0
2023-01-01 05:22:00,0.00618288,00:10 - 08:10,32,0
2023-01-01 05:23:00,0.00617471,00:10 - 08:10,32,0
2023-01-01 05:24:00,0.00616605,00:10 - 08:10,32,0
2023-01-01 05:25:00,0.00615738,00:10 - 08:10,32,0
2023-01-01 05:26:00,0.00615438,00:10 - 08:10,32,0
2023-01-01 05:27:00,0.00615372,00:10 - 08:10,32,0
2023-01-01 05:28:00,0.00615372,00:10 - 08:10,32,0
2023-01-01 05:29:00,0.00615372,00:10 - 08:10,32,0
2023-01-01 05:30:00,0.00615372,00:10 - 08:10,32,0
2023-01-01 05:31:00,0.00615372,00:10 - 08:10,32,0
2023-01-01 05:32:00,0.00615288,00:10 - 08:10,32,0
2023-01-01 05:33:00,0.00615238,00:10 - 08:10,32,0
2023-01-01 05:34:00,0.00615238,00:10 - 08:10,32,0
2023-01-01 05:35:00,0.00615238,00:10 - 08:10,32,0
2023-01-01 05:36:00,0.00615238,00:10 - 08:10,32,0
2023-01-01 05:37:00,0.00615238,00:10 - 08:10,32,0
2023-01-01 05:38:00,0.00615238,00:10 - 08:10,32,0
2023-01-01 05:39:00,0.00615238,00:10 - 08:10,32,0
2023-01-01 05:40:00,0.00615238,00:10 - 08:10,32,0
2023-01-01 05:41:00,0.00615238,00:10 - 08:10,32,0
2023-01-01 05:42:00,0.00615238,00:10 - 08:10,32,0
2023-01-01 05:43:00,0.00615238,00:10 - 08:10,32,0
2023-01-01 05:44:00,0.00615238,00:10 - 08:10,32,0
2023-01-01 05:45:00,0.00615238,00:10 - 08:10,32,0
2023-01-01 05:46:00,0.00615238,00:10 - 08:10,32,0
2023-01-01 05:47:00,0.00615238,00:10 - 08:10,32,0
2023-01-01 05:48:00,0.00615238,00:10 - 08:10,32,0
2023-01-01 05:49:00,0.00615238,00:10 - 08:10,32,0
2023-01-01 05:50:00,0.00615238,00:10 - 08:10,32,0
2023-01-01 05:51:00,0.00615238,00:10 - 08:10,32,0
2023-01-01 05:52:00,0.00615238,00:10 - 08:10,32,0
2023-01-01 05:53:00,0.00615238,00:10 - 08:10,32,0
2023-01-01 05:54:00,0.00615238,00:10 - 08:10,32,0
2023-01-01 05:55:00,0.00615238,00:10 - 08:10,32,0
2023-01-01 05:56:00,0.00615238,00:10 - 08:10,32,0
2023-01-01 05:57:00,0.00615238,00:10 - 08:10,32,0
2023-01-01 05:58:00,0.00615238,00:10 - 08:10,32,0
2023-01-01 05:59:00,0.00615238,00:10 - 08:10,32,0
2023-01-01 06:00:00,0.00615238,00:10 - 08:10,32,0
2023-01-01 06:01:00,0.00615238,00:10 - 08:10,32,0
2023-01-01 06:02:00,0.00615238,00:10 - 08:10,32,0
2023-01-01 06:03:00,0.00615238,00:10 - 08:10,32,0
2023-01-01 06:04:00,0.00615238,00:10 - 08:10,32,0
2023-01-01 06:05:00,0.00615238,00:10 - 08:10,32,0
2023-01-01 06:06:00,0.00615238,00:10 - 08:10,32,0
2023-01-01 06:07:00,0.00615238,00:10 - 08:10,32,0
2023-01-01 06:08:00,0.00615238,00:10 - 08:10,32,0
2023-01-01 06:09:00,0.00615238,00:10 - 08:10,32,0
2023-01-01 06:10:00,0.00615238,00:10 - 08:10,32,0
2023-01-01 06:11:00,0.00615238,00:10 - 08:10,32,0
2023-01-01 06:12:00,0.00615238,00:10 - 08:10,32,0
2023-01-01 06:13:00,0.00615238,00:10 - 08:10,32,0
2023-01-01 06:14:00,0.00615188,00:10 - 08:10,32,0
2023-01-01 06:15:00,0.00615171,00:10 - 08:10,32,0
2023-01-01 06:16:00,0.00615155,00:10 - 08:10,32,0
2023-01-01 06:17:00,0.00615155,00:10 - 08:10,32,0
2023-01-01 06:18:00,0.00615155,00:10 - 08:10,32,0
2023-01-01 06:19:00,0.00615155,00:10 - 08:10,32,0
2023-01-01 06:20:00,0.00615155,00:10 - 08:10,32,0
2023-01-01 06:21:00,0.00615155,00:10 - 08:10,32,0
2023-01-01 06:22:00,0.00615155,00:10 - 08:10,32,0
2023-01-01 06:23:00,0.00615155,00:10 - 08:10,32,0
2023-01-01 06:24:00,0.00615155,00:10 - 08:10,32,0
2023-01-01 06:25:00,0.00615155,00:10 - 08:10,32,0
2023-01-01 06:26:00,0.00615155,00:10 - 08:10,32,0
2023-01-01 06:27:00,0.00615155,00:10 - 08:10,32,0
2023-01-01 06:28:00,0.00615155,00:10 - 08:10,32,0
2023-01-01 06:29:00,0.00615155,00:10 - 08:10,32,0
2023-01-01 06:30:00,0.00615155,00:10 - 08:10,32,0
2023-01-01 06:31:00,0.00615155,00:10 - 08:10,32,0
2023-01-01 06:32:00,0.00615155,00:10 - 08:10,32,0
2023-01-01 06:33:00,0.00615155,00:10 - 08:10,32,0
2023-01-01 06:34:00,0.00615155,00:10 - 08:10,32,0
2023-01-01 06:35:00,0.00615155,00:10 - 08:10,32,0
2023-01-01 06:36:00,0.00615155,00:10 - 08:10,32,0
2023-01-01 06:37:00,0.00615155,00:10 - 08:10,32,0
2023-01-01 06:38:00,0.00615155,00:10 - 08:10,32,0
2023-01-01 06:39:00,0.00615155,00:10 - 08:10,32,0
2023-01-01 06:40:00,0.00615155,00:10 - 08:10,32,0
2023-01-01 06:41:00,0.00615155,00:10 - 08:10,32,0
2023-01-01 06:42:00,0.00615155,00:10 - 08:10,32,0
2023-01-01 06:43:00,0.00615155,00:10 - 08:10,32,0
2023-01-01 06:44:00,0.00615155,00:10 - 08:10,32,0
2023-01-01 06:45:00,0.00615155,00:10 - 08:10,32,0
2023-01-01 06:46:00,0.00615155,00:10 - 08:10,32,0
2023-01-01 06:47:00,0.00615155,00:10 - 08:10,32,0
2023-01-01 06:48:00,0.00615155,00:10 - 08:10,32,0
2023-01-01 06:49:00,0.00615155,00:10 - 08:10,32,0
2023-01-01 06:50:00,0.00615155,00:10 - 08:10,32,0
2023-01-01 06:51:00,0.00615155,00:10 - 08:10,32,0
2023-01-01 06:52:00,0.00615155,00:10 - 08:10,32,0
2023-01-01 06:53:00,0.00615155,00:10 - 08:10,32,0
2023-01-01 06:54:00,0.00615155,00:10 - 08:10,32,0
2023-01-01 06:55:00,0.00615155,00:10 - 08:10,32,0
2023-01-01 06:56:00,0.00615155,00:10 - 08:10,32,0
2023-01-01 06:57:00,0.00615155,00:10 - 08:10,32,0
2023-01-01 06:58:00,0.00615155,00:10 - 08:10,32,0
2023-01-01 06:59:00,0.00615155,00:10 - 08:10,32,0
2023-01-01 07:00:00,0.00615155,00:10 - 08:10,32,0
2023-01-01 07:01:00,0.00615155,00:10 - 08:10,32,0
2023-01-01 07:02:00,0.00615155,00:10 - 08:10,32,0
2023-01-01 07:03:00,0.00615155,00:10 - 08:10,32,0
2023-01-01 07:04:00,0.00615155,00:10 - 08:10,32,0
2023-01-01 07:05:00,0.00615155,00:10 - 08:10,32,0
2023-01-01 07:06:00,0.00615155,00:10 - 08:10,32,0
2023-01-01 07:07:00,0.00615155,00:10 - 08:10,32,0
2023-01-01 07:08:00,0.00615155,00:10 - 08:10,32,0
2023-01-01 07:09:00,0.00615155,00:10 - 08:10,32,0
2023-01-01 07:10:00,0.00615155,00:10 - 08:10,32,0
2023-01-01 07:11:00,0.00615122,00:10 - 08:10,32,0
2023-01-01 07:12:00,0.00614921,00:10 - 08:10,32,0
2023-01-01 07:13:00,0.00614738,00:10 - 08:10,32,0
2023-01-01 07:14:00,0.00614638,00:10 - 08:10,32,0
2023-01-01 07:15:00,0.00614572,00:10 - 08:10,32,0
2023-01-01 07:16:00,0.00614488,00:10 - 08:10,32,0
2023-01-01 07:17:00,0.00614488,00:10 - 08:10,32,0
2023-01-01 07:18:00,0.00614488,00:10 - 08:10,32,0
2023-01-01 07:19:00,0.00614488,00:10 - 08:10,32,0
2023-01-01 07:20:00,0.00614488,00:10 - 08:10,32,0
2023-01-01 07:21:00,0.00614488,00:10 - 08:10,32,0
2023-01-01 07:22:00,0.00614488,00:10 - 08:10,32,0
2023-01-01 07:23:00,0.00614488,00:10 - 08:10,32,0
2023-01-01 07:24:00,0.00614488,00:10 - 08:10,32,0
2023-01-01 07:25:00,0.00614488,00:10 - 08:10,32,0
2023-01-01 07:26:00,0.00614488,00:10 - 08:10,32,0
2023-01-01 07:27:00,0.00614488,00:10 - 08:10,32,0
2023-01-01 07:28:00,0.00614488,00:10 - 08:10,32,0
2023-01-01 07:29:00,0.00614488,00:10 - 08:10,32,0
2023-01-01 07:30:00,0.00614488,00:10 - 08:10,32,0
2023-01-01 07:31:00,0.00614488,00:10 - 08:10,32,0
2023-01-01 07:32:00,0.00614488,00:10 - 08:10,32,0
2023-01-01 07:33:00,0.00614488,00:10 - 08:10,32,0
2023-01-01 07:34:00,0.00614405,00:10 - 08:10,32,0
2023-01-01 07:35:00,0.00614205,00:10 - 08:10,32,0
2023-01-01 07:36:00,0.00614005,00:10 - 08:10,32,0
2023-01-01 07:37:00,0.00613555,00:10 - 08:10,32,0
2023-01-01 07:38:00,0.00613121,00:10 - 08:10,32,0
2023-01-01 07:39:00,0.00612722,00:10 - 08:10,32,0
2023-01-01 07:40:00,0.00612322,00:10 - 08:10,32,0
2023-01-01 07:41:00,0.00612005,00:10 - 08:10,32,0
2023-01-01 07:42:00,0.00611688,00:10 - 08:10,32,0
2023-01-01 07:43:00,0.00611455,00:10 - 08:10,32,0
2023-01-01 07:44:00,0.00611422,00:10 - 08:10,32,0
2023-01-01 07:45:00,0.00611422,00:10 - 08:10,32,0
2023-01-01 07:46:00,0.00611422,00:10 - 08:10,32,0
2023-01-01 07:47:00,0.00611422,00:10 - 08:10,32,0
2023-01-01 07:48:00,0.00611422,00:10 - 08:10,32,0
2023-01-01 07:49:00,0.00611422,00:10 - 08:10,32,0
2023-01-01 07:50:00,0.00611422,00:10 - 08:10,32,0
2023-01-01 07:51:00,0.00611422,00:10 - 08:10,32,0
2023-01-01 07:52:00,0.00611422,00:10 - 08:10,32,0
2023-01-01 07:53:00,0.00611422,00:10 - 08:10,32,0
2023-01-01 07:54:00,0.00611422,00:10 - 08:10,32,0
2023-01-01 07:55:00,0.00611422,00:10 - 08:10,32,0
2023-01-01 07:56:00,0.00611422,00:10 - 08:10,32,0
2023-01-01 07:57:00,0.00611422,00:10 - 08:10,32,0
2023-01-01 07:58:00,0.00611422,00:10 - 08:10,32,0
2023-01-01 07:59:00,0.00611422,00:10 - 08:10,32,0
2023-01-01 08:00:00,0.00842997,00:10 - 08:10,32,0
2023-01-01 08:01:00,0.00842997,00:10 - 08:10,32,0
2023-01-01 08:02:00,0.00842997,00:10 - 08:10,32,0
2023-01-01 08:03:00,0.00842997,00:10 - 08:10,32,0
2023-01-01 08:04:00,0.00842997,00:10 - 08:10,32,0
2023-01-01 08:05:00,0.00842997,00:10 - 08:10,32,0
2023-01-01 08:06:00,0.00842997,00:10 - 08:10,32,0
2023-01-01 08:07:00,0.00842997,00:10 - 08:10,32,0
2023-01-01 08:08:00,0.00842997,00:10 - 08:10,32,0
2023-01-01 08:09:00,0.00842997,00:10 - 08:10,32,0
2023-01-01 08:10:00,0.00842997,08:10 - 16:10,33,0
2023-01-01 08:11:00,0.00842997,08:10 - 16:10,33,0
2023-01-01 08:12:00,0.00842997,08:10 - 16:10,33,0
2023-01-01 08:13:00,0.00842997,08:10 - 16:10,33,0
2023-01-01 08:14:00,0.00842997,08:10 - 16:10,33,0
2023-01-01 08:15:00,0.00842997,08:10 - 16:10,33,0
2023-01-01 08:16:00,0.00842997,08:10 - 16:10,33,0
2023-01-01 08:17:00,0.00842997,08:10 - 16:10,33,0
2023-01-01 08:18:00,0.00842997,08:10 - 16:10,33,0
2023-01-01 08:19:00,0.00842997,08:10 - 16:10,33,0
2023-01-01 08:20:00,0.00842997,08:10 - 16:10,33,0
2023-01-01 08:21:00,0.00842997,08:10 - 16:10,33,0
2023-01-01 08:22:00,0.00842997,08:10 - 16:10,33,0
2023-01-01 08:23:00,0.00842997,08:10 - 16:10,33,0
2023-01-01 08:24:00,0.00842997,08:10 - 16:10,33,0
2023-01-01 08:25:00,0.00842997,08:10 - 16:10,33,0
2023-01-01 08:26:00,0.00842997,08:10 - 16:10,33,0
2023-01-01 08:27:00,0.00842997,08:10 - 16:10,33,0
2023-01-01 08:28:00,0.00842997,08:10 - 16:10,33,0
2023-01-01 08:29:00,0.00842997,08:10 - 16:10,33,0
2023-01-01 08:30:00,0.00842997,08:10 - 16:10,33,0
2023-01-01 08:31:00,0.00842997,08:10 - 16:10,33,0
2023-01-01 08:32:00,0.00842997,08:10 - 16:10,33,0
2023-01-01 08:33:00,0.00842997,08:10 - 16:10,33,0
2023-01-01 08:34:00,0.00842997,08:10 - 16:10,33,0
2023-01-01 08:35:00,0.00842997,08:10 - 16:10,33,0
2023-01-01 08:36:00,0.00842997,08:10 - 16:10,33,0
2023-01-01 08:37:00,0.00842997,08:10 - 16:10,33,0
2023-01-01 08:38:00,0.00842997,08:10 - 16:10,33,0
2023-01-01 08:39:00,0.00842997,08:10 - 16:10,33,0
2023-01-01 08:40:00,0.00842997,08:10 - 16:10,33,0
2023-01-01 08:41:00,0.00842997,08:10 - 16:10,33,0
2023-01-01 08:42:00,0.00842997,08:10 - 16:10,33,0
2023-01-01 08:43:00,0.00842997,08:10 - 16:10,33,0
2023-01-01 08:44:00,0.00842997,08:10 - 16:10,33,0
2023-01-01 08:45:00,0.00842997,08:10 - 16:10,33,0
2023-01-01 08:46:00,0.00842997,08:10 - 16:10,33,0
2023-01-01 08:47:00,0.00842997,08:10 - 16:10,33,0
2023-01-01 08:48:00,0.00842997,08:10 - 16:10,33,0
2023-01-01 08:49:00,0.00842997,08:10 - 16:10,33,0
2023-01-01 08:50:00,0.00842997,08:10 - 16:10,33,0
2023-01-01 08:51:00,0.00842997,08:10 - 16:10,33,0
2023-01-01 08:52:00,0.00842997,08:10 - 16:10,33,0
2023-01-01 08:53:00,0.00842997,08:10 - 16:10,33,0
2023-01-01 08:54:00,0.00842997,08:10 - 16:10,33,0
2023-01-01 08:55:00,0.0084263,08:10 - 16:10,33,0
2023-01-01 08:56:00,0.00840947,08:10 - 16:10,33,0
2023-01-01 08:57:00,0.0083963,08:10 - 16:10,33,0
2023-01-01 08:58:00,0.0083813,08:10 - 16:10,33,0
2023-01-01 08:59:00,0.00836147,08:10 - 16:10,33,0
2023-01-01 09:00:00,0.00836147,08:10 - 16:10,33,0
2023-01-01 09:01:00,0.00834347,08:10 - 16:10,33,0
2023-01-01 09:02:00,0.0083243,08:10 - 16:10,33,0
2023-01-01 09:03:00,0.0083073,08:10 - 16:10,33,0
2023-01-01 09:04:00,0.00829164,08:10 - 16:10,33,0
2023-01-01 09:05:00,0.00829164,08:10 - 16:10,33,0
2023-01-01 09:06:00,0.00827614,08:10 - 16:10,33,0
2023-01-01 09:07:00,0.00827614,08:10 - 16:10,33,0
2023-01-01 09:08:00,0.00823147,08:10 - 16:10,33,0
2023-01-01 09:09:00,0.00823147,08:10 - 16:10,33,0
2023-01-01 09:10:00,0.0081863,08:10 - 16:10,33,0
2023-01-01 09:11:00,0.0081863,08:10 - 16:10,33,0
2023-01-01 09:12:00,0.00816864,08:10 - 16:10,33,0
2023-01-01 09:13:00,0.0081513,08:10 - 16:10,33,0
2023-01-01 09:14:00,0.00813163,08:10 - 16:10,33,0
2023-01-01 09:15:00,0.00811164,08:10 - 16:10,33,0
2023-01-01 09:16:00,0.00809447,08:10 - 16:10,33,0
2023-01-01 09:17:00,0.00809447,08:10 - 16:10,33,0
2023-01-01 09:18:00,0.0080838,08:10 - 16:10,33,0
2023-01-01 09:19:00,0.00807164,08:10 - 16:10,33,0
2023-01-01 09:20:00,0.0080563,08:10 - 16:10,33,0
2023-01-01 09:21:00,0.0080458,08:10 - 16:10,33,0
2023-01-01 09:22:00,0.00803147,08:10 - 16:10,33,0
2023-01-01 09:23:00,0.00803147,08:10 - 16:10,33,0
2023-01-01 09:24:00,0.00802164,08:10 - 16:10,33,0
2023-01-01 09:25:00,0.0080178,08:10 - 16:10,33,0
2023-01-01 09:26:00,0.00801397,08:10 - 16:10,33,0
2023-01-01 09:27:00,0.00800864,08:10 - 16:10,33,0
2023-01-01 09:28:00,0.00800464,08:10 - 16:10,33,0
2023-01-01 09:29:00,0.00800464,08:10 - 16:10,33,0
2023-01-01 09:30:00,0.00800464,08:10 - 16:10,33,0
2023-01-01 09:31:00,0.00798664,08:10 - 16:10,33,0
2023-01-01 09:32:00,0.00797497,08:10 - 16:10,33,0
2023-01-01 09:33:00,0.0079688,08:10 - 16:10,33,0
2023-01-01 09:34:00,0.0079613,08:10 - 16:10,33,0
2023-01-01 09:35:00,0.0079613,08:10 - 16:10,33,0
2023-01-01 09:36:00,0.00795497,08:10 - 16:10,33,0
2023-01-01 09:37:00,0.00794814,08:10 - 16:10,33,0
2023-01-01 09:38:00,0.00794397,08:10 - 16:10,33,0
2023-01-01 09:39:00,0.00794147,08:10 - 16:10,33,0
2023-01-01 09:40:00,0.00793947,08:10 - 16:10,33,0
2023-01-01 09:41:00,0.00793947,08:10 - 16:10,33,0
2023-01-01 09:42:00,0.0079323,08:10 - 16:10,33,0
2023-01-01 09:43:00,0.0079238,08:10 - 16:10,33,0
2023-01-01 09:44:00,0.00792397,08:10 - 16:10,33,0
2023-01-01 09:45:00,0.0079253,08:10 - 16:10,33,0
2023-01-01 09:46:00,0.0079253,08:10 - 16:10,33,0
2023-01-01 09:47:00,0.0079218,08:10 - 16:10,33,0
2023-01-01 09:48:00,0.0079148,08:10 - 16:10,33,0
2023-01-01 09:49:00,0.00791064,08:10 - 16:10,33,0
2023-01-01 09:50:00,0.00791297,08:10 - 16:10,33,0
2023-01-01 09:51:00,0.00791613,08:10 - 16:10,33,0
2023-01-01 09:52:00,0.00791613,08:10 - 16:10,33,0
2023-01-01 09:53:00,0.00791613,08:10 - 16:10,33,0
2023-01-01 09:54:00,0.00791364,08:10 - 16:10,33,0
2023-01-01 09:55:00,0.00790997,08:10 - 16:10,33,0
2023-01-01 09:56:00,0.00791064,08:10 - 16:10,33,0
2023-01-01 09:57:00,0.00791064,08:10 - 16:10,33,0
2023-01-01 09:58:00,0.00791197,08:10 - 16:10,33,0
2023-01-01 09:59:00,0.00791547,08:10 - 16:10,33,0
2023-01-01 10:00:00,0.0079183,08:10 - 16:10,33,0
2023-01-01 10:01:00,0.00791463,08:10 - 16:10,33,0
2023-01-01 10:02:00,0.0079103,08:10 - 16:10,33,0
2023-01-01 10:03:00,0.00790963,08:10 - 16:10,33,0
2023-01-01 10:04:00,0.00790963,08:10 - 16:10,33,0
2023-01-01 10:05:00,0.0079083,08:10 - 16:10,33,0
2023-01-01 10:06:00,0.00790464,08:10 - 16:10,33,0
2023-01-01 10:07:00,0.00790364,08:10 - 16:10,33,0
2023-01-01 10:08:00,0.00790397,08:10 - 16:10,33,0
2023-01-01 10:09:00,0.00790397,08:10 - 16:10,33,0
2023-01-01 10:10:00,0.0079013,08:10 - 16:10,33,0
2023-01-01 10:11:00,0.00790347,08:10 - 16:10,33,0
2023-01-01 10:12:00,0.0079028,08:10 - 16:10,33,0
2023-01-01 10:13:00,0.0079068,08:10 - 16:10,33,0
2023-01-01 10:14:00,0.00791113,08:10 - 16:10,33,0
2023-01-01 10:15:00,0.00791113,08:10 - 16:10,33,0
2023-01-01 10:16:00,0.00791697,08:10 - 16:10,33,0
2023-01-01 10:17:00,0.0079253,08:10 - 16:10,33,0
2023-01-01 10:18:00,0.0079333,08:10 - 16:10,33,0
2023-01-01 10:19:00,0.0079383,08:10 - 16:10,33,0
2023-01-01 10:20:00,0.00793997,08:10 - 16:10,33,0
2023-01-01 10:21:00,0.00793997,08:10 - 16:10,33,0
2023-01-01 10:22:00,0.00794297,08:10 - 16:10,33,0
2023-01-01 10:23:00,0.00794597,08:10 - 16:10,33,0
2023-01-01 10:24:00,0.00794197,08:10 - 16:10,33,0
2023-01-01 10:25:00,0.00793814,08:10 - 16:10,33,0
2023-01-01 10:26:00,0.00793397,08:10 - 16:10,33,0
2023-01-01 10:27:00,0.00793397,08:10 - 16:10,33,0
2023-01-01 10:28:00,0.00792914,08:10 - 16:10,33,0
2023-01-01 10:29:00,0.0079248,08:10 - 16:10,33,0
2023-01-01 10:30:00,0.00792364,08:10 - 16:10,33,0
2023-01-01 10:31:00,0.00791997,08:10 - 16:10,33,0
2023-01-01 10:32:00,0.00791197,08:10 - 16:10,33,0
2023-01-01 10:33:00,0.00791197,08:10 - 16:10,33,0
2023-01-01 10:34:00,0.00790213,08:10 - 16:10,33,0
2023-01-01 10:35:00,0.00789297,08:10 - 16:10,33,0
2023-01-01 10:36:00,0.0078843,08:10 - 16:10,33,0
2023-01-01 10:37:00,0.00787914,08:10 - 16:10,33,0
2023-01-01 10:38:00,0.00787747,08:10 - 16:10,33,0
2023-01-01 10:39:00,0.00787747,08:10 - 16:10,33,0
2023-01-01 10:40:00,0.00787313,08:10 - 16:10,33,0
2023-01-01 10:41:00,0.00786597,08:10 - 16:10,33,0
2023-01-01 10:42:00,0.00785563,08:10 - 16:10,33,0
2023-01-01 10:43:00,0.00784713,08:10 - 16:10,33,0
2023-01-01 10:44:00,0.0078393,08:10 - 16:10,33,0
2023-01-01 10:45:00,0.0078393,08:10 - 16:10,33,0
2023-01-01 10:46:00,0.00783447,08:10 - 16:10,33,0
2023-01-01 10:47:00,0.0078273,08:10 - 16:10,33,0
2023-01-01 10:48:00,0.00782664,08:10 - 16:10,33,0
2023-01-01 10:49:00,0.0078303,08:10 - 16:10,33,0
2023-01-01 10:50:00,0.00783364,08:10 - 16:10,33,0
2023-01-01 10:51:00,0.00783364,08:10 - 16:10,33,0
2023-01-01 10:52:00,0.0078358,08:10 - 16:10,33,0
2023-01-01 10:53:00,0.00783697,08:10 - 16:10,33,0
2023-01-01 10:54:00,0.00783597,08:10 - 16:10,33,0
2023-01-01 10:55:00,0.00783547,08:10 - 16:10,33,0
2023-01-01 10:56:00,0.00783747,08:10 - 16:10,33,0
2023-01-01 10:57:00,0.00783747,08:10 - 16:10,33,0
2023-01-01 10:58:00,0.0078398,08:10 - 16:10,33,0
2023-01-01 10:59:00,0.0078398,08:10 - 16:10,33,0
2023-01-01 11:00:00,0.00785647,08:10 - 16:10,33,0
2023-01-01 11:01:00,0.00787063,08:10 - 16:10,33,0
2023-01-01 11:02:00,0.00788314,08:10 - 16:10,33,0
2023-01-01 11:03:00,0.00788314,08:10 - 16:10,33,0
2023-01-01 11:04:00,0.0078958,08:10 - 16:10,33,0
2023-01-01 11:05:00,0.0079073,08:10 - 16:10,33,0
2023-01-01 11:06:00,0.00791847,08:10 - 16:10,33,0
2023-01-01 11:07:00,0.00791847,08:10 - 16:10,33,0
2023-01-01 11:08:00,0.0079278,08:10 - 16:10,33,0
2023-01-01 11:09:00,0.0079343,08:10 - 16:10,33,0
2023-01-01 11:10:00,0.00793663,08:10 - 16:10,33,0
2023-01-01 11:11:00,0.00794464,08:10 - 16:10,33,0
2023-01-01 11:12:00,0.0079558,08:10 - 16:10,33,0
2023-01-01 11:13:00,0.0079688,08:10 - 16:10,33,0
2023-01-01 11:14:00,0.0079688,08:10 - 16:10,33,0
2023-01-01 11:15:00,0.00798264,08:10 - 16:10,33,0
2023-01-01 11:16:00,0.0079903,08:10 - 16:10,33,0
2023-01-01 11:17:00,0.00799297,08:10 - 16:10,33,0
2023-01-01 11:18:00,0.00799097,08:10 - 16:10,33,0
2023-01-01 11:19:00,0.0079893,08:10 - 16:10,33,0
2023-01-01 11:20:00,0.0079893,08:10 - 16:10,33,0
2023-01-01 11:21:00,0.00798847,08:10 - 16:10,33,0
2023-01-01 11:22:00,0.00798863,08:10 - 16:10,33,0
2023-01-01 11:23:00,0.00798863,08:10 - 16:10,33,0
2023-01-01 11:24:00,0.00798863,08:10 - 16:10,33,0
2023-01-01 11:25:00,0.0079938,08:10 - 16:10,33,0
2023-01-01 11:26:00,0.0079938,08:10 - 16:10,33,0
2023-01-01 11:27:00,0.0079963,08:10 - 16:10,33,0
2023-01-01 11:28:00,0.00799897,08:10 - 16:10,33,0
2023-01-01 11:29:00,0.00799847,08:10 - 16:10,33,0
2023-01-01 11:30:00,0.00799847,08:10 - 16:10,33,0
2023-01-01 11:31:00,0.00799463,08:10 - 16:10,33,0
2023-01-01 11:32:00,0.00799463,08:10 - 16:10,33,0
2023-01-01 11:33:00,0.0079913,08:10 - 16:10,33,0
2023-01-01 11:34:00,0.00798697,08:10 - 16:10,33,0
2023-01-01 11:35:00,0.0079828,08:10 - 16:10,33,0
2023-01-01 11:36:00,0.0079833,08:10 - 16:10,33,0
2023-01-01 11:37:00,0.0079833,08:10 - 16:10,33,0
2023-01-01 11:38:00,0.0079823,08:10 - 16:10,33,0
2023-01-01 11:39:00,0.00798097,08:10 - 16:10,33,0
2023-01-01 11:40:00,0.00797997,08:10 - 16:10,33,0
2023-01-01 11:41:00,0.00797947,08:10 - 16:10,33,0
2023-01-01 11:42:00,0.00798447,08:10 - 16:10,33,0
2023-01-01 11:43:00,0.00798447,08:10 - 16:10,33,0
2023-01-01 11:44:00,0.0079883,08:10 - 16:10,33,0
2023-01-01 11:45:00,0.00799764,08:10 - 16:10,33,0
2023-01-01 11:46:00,0.00800414,08:10 - 16:10,33,0
2023-01-01 11:47:00,0.00801214,08:10 - 16:10,33,0
2023-01-01 11:48:00,0.00802363,08:10 - 16:10,33,0
2023-01-01 11:49:00,0.00802363,08:10 - 16:10,33,0
2023-01-01 11:50:00,0.0080258,08:10 - 16:10,33,0
2023-01-01 11:51:00,0.00802797,08:10 - 16:10,33,0
2023-01-01 11:52:00,0.00802763,08:10 - 16:10,33,0
2023-01-01 11:53:00,0.00802647,08:10 - 16:10,33,0
2023-01-01 11:54:00,0.00802647,08:10 - 16:10,33,0
2023-01-01 11:55:00,0.0080243,08:10 - 16:10,33,0
2023-01-01 11:56:00,0.00802114,08:10 - 16:10,33,0
2023-01-01 11:57:00,0.00801947,08:10 - 16:10,33,0
2023-01-01 11:58:00,0.00802063,08:10 - 16:10,33,0
2023-01-01 11:59:00,0.0043718,08:10 - 16:10,33,0
2023-01-01 12:00:00,0.00435514,08:10 - 16:10,33,0
2023-01-01 12:01:00,0.00435714,08:10 - 16:10,33,0
2023-01-01 12:02:00,0.00435714,08:10 - 16:10,33,0
2023-01-01 12:03:00,0.00435897,08:10 - 16:10,33,0
2023-01-01 12:04:00,0.00436097,08:10 - 16:10,33,0
2023-01-01 12:05:00,0.00436564,08:10 - 16:10,33,0
2023-01-01 12:06:00,0.00436564,08:10 - 16:10,33,0
2023-01-01 12:07:00,0.0043603,08:10 - 16:10,33,0
2023-01-01 12:08:00,0.0043493,08:10 - 16:10,33,0
2023-01-01 12:09:00,0.00434114,08:10 - 16:10,33,0
2023-01-01 12:10:00,0.0043318,08:10 - 16:10,33,0
2023-01-01 12:11:00,0.0043213,08:10 - 16:10,33,0
2023-01-01 12:12:00,0.0043213,08:10 - 16:10,33,0
2023-01-01 12:13:00,0.0043133,08:10 - 16:10,33,0
2023-01-01 12:14:00,0.0043083,08:10 - 16:10,33,0
2023-01-01 12:15:00,0.00430764,08:10 - 16:10,33,0
2023-01-01 12:16:00,0.00430314,08:10 - 16:10,33,0
2023-01-01 12:17:00,0.00430314,08:10 - 16:10,33,0
2023-01-01 12:18:00,0.00430097,08:10 - 16:10,33,0
2023-01-01 12:19:00,0.00429514,08:10 - 16:10,33,0
2023-01-01 12:20:00,0.0042918,08:10 - 16:10,33,0
2023-01-01 12:21:00,0.0042858,08:10 - 16:10,33,0
2023-01-01 12:22:00,0.00427664,08:10 - 16:10,33,0
2023-01-01 12:23:00,0.00427664,08:10 - 16:10,33,0
2023-01-01 12:24:00,0.0042633,08:10 - 16:10,33,0
2023-01-01 12:25:00,0.00424997,08:10 - 16:10,33,0
2023-01-01 12:26:00,0.00424147,08:10 - 16:10,33,0
2023-01-01 12:27:00,0.00423714,08:10 - 16:10,33,0
2023-01-01 12:28:00,0.0042288,08:10 - 16:10,33,0
2023-01-01 12:29:00,0.0042288,08:10 - 16:10,33,0
2023-01-01 12:30:00,0.0042198,08:10 - 16:10,33,0
2023-01-01 12:31:00,0.00421314,08:10 - 16:10,33,0
2023-01-01 12:32:00,0.00421314,08:10 - 16:10,33,0
2023-01-01 12:33:00,0.00419097,08:10 - 16:10,33,0
2023-01-01 12:34:00,0.00417214,08:10 - 16:10,33,0
2023-01-01 12:35:00,0.00417214,08:10 - 16:10,33,0
2023-01-01 12:36:00,0.00417214,08:10 - 16:10,33,0
2023-01-01 12:37:00,0.00413814,08:10 - 16:10,33,0
2023-01-01 12:38:00,0.0041273,08:10 - 16:10,33,0
2023-01-01 12:39:00,0.0041273,08:10 - 16:10,33,0
2023-01-01 12:40:00,0.0041108,08:10 - 16:10,33,0
2023-01-01 12:41:00,0.0041108,08:10 - 16:10,33,0
2023-01-01 12:42:00,0.0041018,08:10 - 16:10,33,0
2023-01-01 12:43:00,0.0040918,08:10 - 16:10,33,0
2023-01-01 12:44:00,0.0040828,08:10 - 16:10,33,0
2023-01-01 12:45:00,0.0040713,08:10 - 16:10,33,0
2023-01-01 12:46:00,0.0040713,08:10 - 16:10,33,0
2023-01-01 12:47:00,0.00406347,08:10 - 16:10,33,0
2023-01-01 12:48:00,0.00405514,08:10 - 16:10,33,0
2023-01-01 12:49:00,0.00404714,08:10 - 16:10,33,0
2023-01-01 12:50:00,0.00402914,08:10 - 16:10,33,0
2023-01-01 12:51:00,0.00401597,08:10 - 16:10,33,0
2023-01-01 12:52:00,0.00400614,08:10 - 16:10,33,0
2023-01-01 12:53:00,0.00400614,08:10 - 16:10,33,0
2023-01-01 12:54:00,0.00399214,08:10 - 16:10,33,0
2023-01-01 12:55:00,0.00397947,08:10 - 16:10,33,0
2023-01-01 12:56:00,0.00396697,08:10 - 16:10,33,0
2023-01-01 12:57:00,0.00395747,08:10 - 16:10,33,0
2023-01-01 12:58:00,0.0039533,08:10 - 16:10,33,0
2023-01-01 12:59:00,0.0039533,08:10 - 16:10,33,0
2023-01-01 13:00:00,0.0039498,08:10 - 16:10,33,0
2023-01-01 13:01:00,0.00394864,08:10 - 16:10,33,0
2023-01-01 13:02:00,0.00395014,08:10 - 16:10,33,0
2023-01-01 13:03:00,0.0039533,08:10 - 16:10,33,0
2023-01-01 13:04:00,0.00395697,08:10 - 16:10,33,0
2023-01-01 13:05:00,0.00395697,08:10 - 16:10,33,0
2023-01-01 13:06:00,0.00396097,08:10 - 16:10,33,0
2023-01-01 13:07:00,0.00396147,08:10 - 16:10,33,0
2023-01-01 13:08:00,0.0039653,08:10 - 16:10,33,0
2023-01-01 13:09:00,0.00396897,08:10 - 16:10,33,0
2023-01-01 13:10:00,0.00396897,08:10 - 16:10,33,0
2023-01-01 13:11:00,0.00396814,08:10 - 16:10,33,0
2023-01-01 13:12:00,0.00396247,08:10 - 16:10,33,0
2023-01-01 13:13:00,0.00395364,08:10 - 16:10,33,0
2023-01-01 13:14:00,0.00394097,08:10 - 16:10,33,0
2023-01-01 13:15:00,0.00393214,08:10 - 16:10,33,0
2023-01-01 13:16:00,0.0039223,08:10 - 16:10,33,0
2023-01-01 13:17:00,0.0039223,08:10 - 16:10,33,0
2023-01-01 13:18:00,0.00390514,08:10 - 16:10,33,0
2023-01-01 13:19:00,0.0038888,08:10 - 16:10,33,0
2023-01-01 13:20:00,0.00387397,08:10 - 16:10,33,0
2023-01-01 13:21:00,0.00385947,08:10 - 16:10,33,0
2023-01-01 13:22:00,0.00385947,08:10 - 16:10,33,0
2023-01-01 13:23:00,0.00384514,08:10 - 16:10,33,0
2023-01-01 13:24:00,0.00383064,08:10 - 16:10,33,0
2023-01-01 13:25:00,0.00381664,08:10 - 16:10,33,0
2023-01-01 13:26:00,0.00381664,08:10 - 16:10,33,0
2023-01-01 13:27:00,0.00379314,08:10 - 16:10,33,0
2023-01-01 13:28:00,0.00379314,08:10 - 16:10,33,0
2023-01-01 13:29:00,0.0037833,08:10 - 16:10,33,0
2023-01-01 13:30:00,0.00376897,08:10 - 16:10,33,0
2023-01-01 13:31:00,0.0037543,08:10 - 16:10,33,0
2023-01-01 13:32:00,0.00374497,08:10 - 16:10,33,0
2023-01-01 13:33:00,0.00373747,08:10 - 16:10,33,0
2023-01-01 13:34:00,0.00373747,08:10 - 16:10,33,0
2023-01-01 13:35:00,0.0037323,08:10 - 16:10,33,0
2023-01-01 13:36:00,0.00372464,08:10 - 16:10,33,0
2023-01-01 13:37:00,0.0037113,08:10 - 16:10,33,0
2023-01-01 13:38:00,0.00370464,08:10 - 16:10,33,0
2023-01-01 13:39:00,0.00369747,08:10 - 16:10,33,0
2023-01-01 13:40:00,0.00369747,08:10 - 16:10,33,0
2023-01-01 13:41:00,0.00368897,08:10 - 16:10,33,0
2023-01-01 13:42:00,0.00368547,08:10 - 16:10,33,0
2023-01-01 13:43:00,0.0036843,08:10 - 16:10,33,0
2023-01-01 13:44:00,0.00368347,08:10 - 16:10,33,0
2023-01-01 13:45:00,0.00368347,08:10 - 16:10,33,0
2023-01-01 13:46:00,0.00367314,08:10 - 16:10,33,0
2023-01-01 13:47:00,0.0036593,08:10 - 16:10,33,0
2023-01-01 13:48:00,0.00364464,08:10 - 16:10,33,0
2023-01-01 13:49:00,0.00363064,08:10 - 16:10,33,0
2023-01-01 13:50:00,0.00362047,08:10 - 16:10,33,0
2023-01-01 13:51:00,0.00362047,08:10 - 16:10,33,0
2023-01-01 13:52:00,0.0036118,08:10 - 16:10,33,0
2023-01-01 13:53:00,0.0036023,08:10 - 16:10,33,0
2023-01-01 13:54:00,0.00358614,08:10 - 16:10,33,0
2023-01-01 13:55:00,0.00357397,08:10 - 16:10,33,0
2023-01-01 13:56:00,0.0035668,08:10 - 16:10,33,0
2023-01-01 13:57:00,0.0035668,08:10 - 16:10,33,0
2023-01-01 13:58:00,0.00356364,08:10 - 16:10,33,0
2023-01-01 13:59:00,0.00356214,08:10 - 16:10,33,0
2023-01-01 14:00:00,0.00356297,08:10 - 16:10,33,0
2023-01-01 14:01:00,0.00356314,08:10 - 16:10,33,0
2023-01-01 14:02:00,0.00356347,08:10 - 16:10,33,0
2023-01-01 14:03:00,0.00356347,08:10 - 16:10,33,0
2023-01-01 14:04:00,0.00356464,08:10 - 16:10,33,0
2023-01-01 14:05:00,0.0035648,08:10 - 16:10,33,0
2023-01-01 14:06:00,0.00356547,08:10 - 16:10,33,0
2023-01-01 14:07:00,0.00356564,08:10 - 16:10,33,0
2023-01-01 14:08:00,0.00356664,08:10 - 16:10,33,0
2023-01-01 14:09:00,0.00356664,08:10 - 16:10,33,0
2023-01-01 14:10:00,0.00356514,08:10 - 16:10,33,0
2023-01-01 14:11:00,0.0035593,08:10 - 16:10,33,0
2023-01-01 14:12:00,0.0035593,08:10 - 16:10,33,0
2023-01-01 14:13:00,0.00355447,08:10 - 16:10,33,0
2023-01-01 14:14:00,0.0035333,08:10 - 16:10,33,0
2023-01-01 14:15:00,0.0035333,08:10 - 16:10,33,0
2023-01-01 14:16:00,0.00352247,08:10 - 16:10,33,0
2023-01-01 14:17:00,0.00351314,08:10 - 16:10,33,0
2023-01-01 14:18:00,0.00350614,08:10 - 16:10,33,0
2023-01-01 14:19:00,0.0035048,08:10 - 16:10,33,0
2023-01-01 14:20:00,0.00350247,08:10 - 16:10,33,0
2023-01-01 14:21:00,0.00350247,08:10 - 16:10,33,0
2023-01-01 14:22:00,0.00350197,08:10 - 16:10,33,0
2023-01-01 14:23:00,0.00350164,08:10 - 16:10,33,0
2023-01-01 14:24:00,0.0035028,08:10 - 16:10,33,0
2023-01-01 14:25:00,0.0035063,08:10 - 16:10,33,0
2023-01-01 14:26:00,0.0035063,08:10 - 16:10,33,0
2023-01-01 14:27:00,0.00350847,08:10 - 16:10,33,0
2023-01-01 14:28:00,0.0035063,08:10 - 16:10,33,0
2023-01-01 14:29:00,0.00350497,08:10 - 16:10,33,0
2023-01-01 14:30:00,0.0035048,08:10 - 16:10,33,0
2023-01-01 14:31:00,0.0035053,08:10 - 16:10,33,0
2023-01-01 14:32:00,0.0035078,08:10 - 16:10,33,0
2023-01-01 14:33:00,0.0035078,08:10 - 16:10,33,0
2023-01-01 14:34:00,0.00351114,08:10 - 16:10,33,0
2023-01-01 14:35:00,0.00351297,08:10 - 16:10,33,0
2023-01-01 14:36:00,0.00351364,08:10 - 16:10,33,0
2023-01-01 14:37:00,0.0035133,08:10 - 16:10,33,0
2023-01-01 14:38:00,0.0035133,08:10 - 16:10,33,0
2023-01-01 14:39:00,0.00351047,08:10 - 16:10,33,0
2023-01-01 14:40:00,0.0035088,08:10 - 16:10,33,0
2023-01-01 14:41:00,0.00350697,08:10 - 16:10,33,0
2023-01-01 14:42:00,0.00350564,08:10 - 16:10,33,0
2023-01-01 14:43:00,0.0035023,08:10 - 16:10,33,0
2023-01-01 14:44:00,0.00349864,08:10 - 16:10,33,0
2023-01-01 14:45:00,0.00349864,08:10 - 16:10,33,0
2023-01-01 14:46:00,0.00349664,08:10 - 16:10,33,0
2023-01-01 14:47:00,0.00349297,08:10 - 16:10,33,0
2023-01-01 14:48:00,0.00348747,08:10 - 16:10,33,0
2023-01-01 14:49:00,0.00347814,08:10 - 16:10,33,0
2023-01-01 14:50:00,0.0034698,08:10 - 16:10,33,0
2023-01-01 14:51:00,0.0034698,08:10 - 16:10,33,0
2023-01-01 14:52:00,0.0034618,08:10 - 16:10,33,0
2023-01-01 14:53:00,0.00345564,08:10 - 16:10,33,0
2023-01-01 14:54:00,0.00345097,08:10 - 16:10,33,0
2023-01-01 14:55:00,0.0034468,08:10 - 16:10,33,0
2023-01-01 14:56:00,0.0034413,08:10 - 16:10,33,0
2023-01-01 14:57:00,0.0034413,08:10 - 16:10,33,0
2023-01-01 14:58:00,0.00343214,08:10 - 16:10,33,0
2023-01-01 14:59:00,0.00342097,08:10 - 16:10,33,0
2023-01-01 15:00:00,0.00341047,08:10 - 16:10,33,0
2023-01-01 15:01:00,0.00340214,08:10 - 16:10,33,0
2023-01-01 15:02:00,0.00340214,08:10 - 16:10,33,0
2023-01-01 15:03:00,0.00339464,08:10 - 16:10,33,0
2023-01-01 15:04:00,0.00338497,08:10 - 16:10,33,0
2023-01-01 15:05:00,0.0033773,08:10 - 16:10,33,0
2023-01-01 15:06:00,0.0033703,08:10 - 16:10,33,0
2023-01-01 15:07:00,0.00336747,08:10 - 16:10,33,0
2023-01-01 15:08:00,0.00336747,08:10 - 16:10,33,0
2023-01-01 15:09:00,0.00336547,08:10 - 16:10,33,0
2023-01-01 15:10:00,0.0033653,08:10 - 16:10,33,0
2023-01-01 15:11:00,0.0033673,08:10 - 16:10,33,0
2023-01-01 15:12:00,0.00336914,08:10 - 16:10,33,0
2023-01-01 15:13:00,0.00336864,08:10 - 16:10,33,0
2023-01-01 15:14:00,0.00336914,08:10 - 16:10,33,0
2023-01-01 15:15:00,0.00336764,08:10 - 16:10,33,0
2023-01-01 15:16:00,0.00336547,08:10 - 16:10,33,0
2023-01-01 15:17:00,0.0033643,08:10 - 16:10,33,0
2023-01-01 15:18:00,0.00336364,08:10 - 16:10,33,0
2023-01-01 15:19:00,0.00336364,08:10 - 16:10,33,0
2023-01-01 15:20:00,0.00335897,08:10 - 16:10,33,0
2023-01-01 15:21:00,0.0033553,08:10 - 16:10,33,0
2023-01-01 15:22:00,0.00334664,08:10 - 16:10,33,0
2023-01-01 15:23:00,0.00333464,08:10 - 16:10,33,0
2023-01-01 15:24:00,0.00332097,08:10 - 16:10,33,0
2023-01-01 15:25:00,0.00332097,08:10 - 16:10,33,0
2023-01-01 15:26:00,0.00330547,08:10 - 16:10,33,0
2023-01-01 15:27:00,0.00329114,08:10 - 16:10,33,0
2023-01-01 15:28:00,0.00327997,08:10 - 16:10,33,0
2023-01-01 15:29:00,0.00327597,08:10 - 16:10,33,0
2023-01-01 15:30:00,0.00327597,08:10 - 16:10,33,0
2023-01-01 15:31:00,0.0032698,08:10 - 16:10,33,0
2023-01-01 15:32:00,0.00326364,08:10 - 16:10,33,0
2023-01-01 15:33:00,0.00325997,08:10 - 16:10,33,0
2023-01-01 15:34:00,0.0032538,08:10 - 16:10,33,0
2023-01-01 15:35:00,0.0032468,08:10 - 16:10,33,0
2023-01-01 15:36:00,0.0032468,08:10 - 16:10,33,0
2023-01-01 15:37:00,0.0032468,08:10 - 16:10,33,0
2023-01-01 15:38:00,0.0032398,08:10 - 16:10,33,0
2023-01-01 15:39:00,0.0032368,08:10 - 16:10,33,0
2023-01-01 15:40:00,0.00323613,08:10 - 16:10,33,0
2023-01-01 15:41:00,0.00323613,08:10 - 16:10,33,0
2023-01-01 15:42:00,0.00323464,08:10 - 16:10,33,0
2023-01-01 15:43:00,0.00323897,08:10 - 16:10,33,0
2023-01-01 15:44:00,0.00324313,08:10 - 16:10,33,0
2023-01-01 15:45:00,0.0032413,08:10 - 16:10,33,0
2023-01-01 15:46:00,0.0032383,08:10 - 16:10,33,0
2023-01-01 15:47:00,0.0032383,08:10 - 16:10,33,0
2023-01-01 15:48:00,0.00323613,08:10 - 16:10,33,0
2023-01-01 15:49:00,0.00323613,08:10 - 16:10,33,0
2023-01-01 15:50:00,0.00323347,08:10 - 16:10,33,0
2023-01-01 15:51:00,0.00322364,08:10 - 16:10,33,0
2023-01-01 15:52:00,0.00321964,08:10 - 16:10,33,0
2023-01-01 15:53:00,0.00321964,08:10 - 16:10,33,0
2023-01-01 15:54:00,0.0032153,08:10 - 16:10,33,0
2023-01-01 15:55:00,0.0032123,08:10 - 16:10,33,0
2023-01-01 15:56:00,0.00320847,08:10 - 16:10,33,0
2023-01-01 15:57:00,0.00321197,08:10 - 16:10,33,0
2023-01-01 15:58:00,0.00321847,08:10 - 16:10,33,0
2023-01-01 15:59:00,0.00330647,08:10 - 16:10,33,0
2023-01-01 16:00:00,0.00267875,08:10 - 16:10,33,0
2023-01-01 16:01:00,0.00268475,08:10 - 16:10,33,0
2023-01-01 16:02:00,0.00269358,08:10 - 16:10,33,0
2023-01-01 16:03:00,0.00270791,08:10 - 16:10,33,0
2023-01-01 16:04:00,0.00271225,08:10 - 16:10,33,0
2023-01-01 16:05:00,0.00271225,08:10 - 16:10,33,0
2023-01-01 16:06:00,0.00271275,08:10 - 16:10,33,0
2023-01-01 16:07:00,0.00271841,08:10 - 16:10,33,0
2023-01-01 16:08:00,0.00272041,08:10 - 16:10,33,0
2023-01-01 16:09:00,0.00272241,08:10 - 16:10,33,0
2023-01-01 16:10:00,0.00272241,16:10 - 00:10,34,0
2023-01-01 16:11:00,0.00272241,16:10 - 00:10,34,0
2023-01-01 16:12:00,0.00271291,16:10 - 00:10,34,0
2023-01-01 16:13:00,0.00270858,16:10 - 00:10,34,0
2023-01-01 16:14:00,0.00270375,16:10 - 00:10,34,0
2023-01-01 16:15:00,0.00270241,16:10 - 00:10,34,0
2023-01-01 16:16:00,0.00270241,16:10 - 00:10,34,0
2023-01-01 16:17:00,0.00271158,16:10 - 00:10,34,0
2023-01-01 16:18:00,0.00272041,16:10 - 00:10,34,0
2023-01-01 16:19:00,0.00273075,16:10 - 00:10,34,0
2023-01-01 16:20:00,0.00272825,16:10 - 00:10,34,0
2023-01-01 16:21:00,0.00272375,16:10 - 00:10,34,0
2023-01-01 16:22:00,0.00272375,16:10 - 00:10,34,0
2023-01-01 16:23:00,0.00271558,16:10 - 00:10,34,0
2023-01-01 16:24:00,0.00270775,16:10 - 00:10,34,0
2023-01-01 16:25:00,0.00270225,16:10 - 00:10,34,0
2023-01-01 16:26:00,0.00270075,16:10 - 00:10,34,0
2023-01-01 16:27:00,0.00270341,16:10 - 00:10,34,0
2023-01-01 16:28:00,0.00270341,16:10 - 00:10,34,0
2023-01-01 16:29:00,0.00270991,16:10 - 00:10,34,0
2023-01-01 16:30:00,0.00270991,16:10 - 00:10,34,0
2023-01-01 16:31:00,0.00272175,16:10 - 00:10,34,0
2023-01-01 16:32:00,0.00272358,16:10 - 00:10,34,0
2023-01-01 16:33:00,0.00272358,16:10 - 00:10,34,0
2023-01-01 16:34:00,0.00272341,16:10 - 00:10,34,0
2023-01-01 16:35:00,0.00272475,16:10 - 00:10,34,0
2023-01-01 16:36:00,0.00272708,16:10 - 00:10,34,0
2023-01-01 16:37:00,0.00272775,16:10 - 00:10,34,0
2023-01-01 16:38:00,0.00272858,16:10 - 00:10,34,0
2023-01-01 16:39:00,0.00272858,16:10 - 00:10,34,0
2023-01-01 16:40:00,0.00272541,16:10 - 00:10,34,0
2023-01-01 16:41:00,0.00272608,16:10 - 00:10,34,0
2023-01-01 16:42:00,0.00272408,16:10 - 00:10,34,0
2023-01-01 16:43:00,0.00271958,16:10 - 00:10,34,0
2023-01-01 16:44:00,0.00271641,16:10 - 00:10,34,0
2023-01-01 16:45:00,0.00271641,16:10 - 00:10,34,0
2023-01-01 16:46:00,0.00271808,16:10 - 00:10,34,0
2023-01-01 16:47:00,0.00271808,16:10 - 00:10,34,0
2023-01-01 16:48:00,0.00271841,16:10 - 00:10,34,0
2023-01-01 16:49:00,0.00271758,16:10 - 00:10,34,0
2023-01-01 16:50:00,0.00271741,16:10 - 00:10,34,0
2023-01-01 16:51:00,0.00271741,16:10 - 00:10,34,0
2023-01-01 16:52:00,0.00271341,16:10 - 00:10,34,0
2023-01-01 16:53:00,0.00271158,16:10 - 00:10,34,0
2023-01-01 16:54:00,0.00270558,16:10 - 00:10,34,0
2023-01-01 16:55:00,0.00269858,16:10 - 00:10,34,0
2023-01-01 16:56:00,0.00269675,16:10 - 00:10,34,0
2023-01-01 16:57:00,0.00269675,16:10 - 00:10,34,0
2023-01-01 16:58:00,0.00269675,16:10 - 00:10,34,0
2023-01-01 16:59:00,0.00269441,16:10 - 00:10,34,0
2023-01-01 17:00:00,0.00269441,16:10 - 00:10,34,0
2023-01-01 17:01:00,0.00269108,16:10 - 00:10,34,0
2023-01-01 17:02:00,0.00269108,16:10 - 00:10,34,0
2023-01-01 17:03:00,0.00268391,16:10 - 00:10,34,0
2023-01-01 17:04:00,0.00267375,16:10 - 00:10,34,0
2023-01-01 17:05:00,0.00267375,16:10 - 00:10,34,0
2023-01-01 17:06:00,0.00266191,16:10 - 00:10,34,0
2023-01-01 17:07:00,0.00265941,16:10 - 00:10,34,0
2023-01-01 17:08:00,0.00265941,16:10 - 00:10,34,0
2023-01-01 17:09:00,0.00266008,16:10 - 00:10,34,0
2023-01-01 17:10:00,0.00265925,16:10 - 00:10,34,0
2023-01-01 17:11:00,0.00265741,16:10 - 00:10,34,0
2023-01-01 17:12:00,0.00265591,16:10 - 00:10,34,0
2023-01-01 17:13:00,0.00265491,16:10 - 00:10,34,0
2023-01-01 17:14:00,0.00265491,16:10 - 00:10,34,0
2023-01-01 17:15:00,0.00265325,16:10 - 00:10,34,0
2023-01-01 17:16:00,0.00265225,16:10 - 00:10,34,0
2023-01-01 17:17:00,0.00265408,16:10 - 00:10,34,0
2023-01-01 17:18:00,0.00265758,16:10 - 00:10,34,0
2023-01-01 17:19:00,0.00266291,16:10 - 00:10,34,0
2023-01-01 17:20:00,0.00266291,16:10 - 00:10,34,0
2023-01-01 17:21:00,0.00266291,16:10 - 00:10,34,0
2023-01-01 17:22:00,0.00266841,16:10 - 00:10,34,0
2023-01-01 17:23:00,0.00267908,16:10 - 00:10,34,0
2023-01-01 17:24:00,0.00268925,16:10 - 00:10,34,0
2023-01-01 17:25:00,0.00268925,16:10 - 00:10,34,0
2023-01-01 17:26:00,0.00269841,16:10 - 00:10,34,0
2023-01-01 17:27:00,0.00270791,16:10 - 00:10,34,0
2023-01-01 17:28:00,0.00271408,16:10 - 00:10,34,0
2023-01-01 17:29:00,0.00271675,16:10 - 00:10,34,0
2023-01-01 17:30:00,0.00271675,16:10 - 00:10,34,0
2023-01-01 17:31:00,0.00272541,16:10 - 00:10,34,0
2023-01-01 17:32:00,0.00272541,16:10 - 00:10,34,0
2023-01-01 17:33:00,0.00272541,16:10 - 00:10,34,0
2023-01-01 17:34:00,0.00272475,16:10 - 00:10,34,0
2023-01-01 17:35:00,0.00271891,16:10 - 00:10,34,0
2023-01-01 17:36:00,0.00271041,16:10 - 00:10,34,0
2023-01-01 17:37:00,0.00271008,16:10 - 00:10,34,0
2023-01-01 17:38:00,0.00271008,16:10 - 00:10,34,0
2023-01-01 17:39:00,0.00271458,16:10 - 00:10,34,0
2023-01-01 17:40:00,0.00271625,16:10 - 00:10,34,0
2023-01-01 17:41:00,0.00271725,16:10 - 00:10,34,0
2023-01-01 17:42:00,0.00272125,16:10 - 00:10,34,0
2023-01-01 17:43:00,0.00272458,16:10 - 00:10,34,0
2023-01-01 17:44:00,0.00272458,16:10 - 00:10,34,0
2023-01-01 17:45:00,0.00272741,16:10 - 00:10,34,0
2023-01-01 17:46:00,0.00272958,16:10 - 00:10,34,0
2023-01-01 17:47:00,0.00272991,16:10 - 00:10,34,0
2023-01-01 17:48:00,0.00272741,16:10 - 00:10,34,0
2023-01-01 17:49:00,0.00272558,16:10 - 00:10,34,0
2023-01-01 17:50:00,0.00272558,16:10 - 00:10,34,0
2023-01-01 17:51:00,0.00272675,16:10 - 00:10,34,0
2023-01-01 17:52:00,0.00272841,16:10 - 00:10,34,0
2023-01-01 17:53:00,0.00272708,16:10 - 00:10,34,0
2023-01-01 17:54:00,0.00272308,16:10 - 00:10,34,0
2023-01-01 17:55:00,0.00272308,16:10 - 00:10,34,0
2023-01-01 17:56:00,0.00271791,16:10 - 00:10,34,0
2023-01-01 17:57:00,0.00271141,16:10 - 00:10,34,0
2023-01-01 17:58:00,0.00270641,16:10 - 00:10,34,0
2023-01-01 17:59:00,0.00270525,16:10 - 00:10,34,0
2023-01-01 18:00:00,0.00270525,16:10 - 00:10,34,0
2023-01-01 18:01:00,0.00271391,16:10 - 00:10,34,0
2023-01-01 18:02:00,0.00271391,16:10 - 00:10,34,0
2023-01-01 18:03:00,0.00271941,16:10 - 00:10,34,0
2023-01-01 18:04:00,0.00272675,16:10 - 00:10,34,0
2023-01-01 18:05:00,0.00273358,16:10 - 00:10,34,0
2023-01-01 18:06:00,0.00273408,16:10 - 00:10,34,0
2023-01-01 18:07:00,0.00274091,16:10 - 00:10,34,0
2023-01-01 18:08:00,0.00274091,16:10 - 00:10,34,0
2023-01-01 18:09:00,0.00274925,16:10 - 00:10,34,0
2023-01-01 18:10:00,0.00275891,16:10 - 00:10,34,0
2023-01-01 18:11:00,0.00276725,16:10 - 00:10,34,0
2023-01-01 18:12:00,0.00277441,16:10 - 00:10,34,0
2023-01-01 18:13:00,0.00277458,16:10 - 00:10,34,0
2023-01-01 18:14:00,0.00277458,16:10 - 00:10,34,0
2023-01-01 18:15:00,0.00277491,16:10 - 00:10,34,0
2023-01-01 18:16:00,0.00277775,16:10 - 00:10,34,0
2023-01-01 18:17:00,0.00277775,16:10 - 00:10,34,0
2023-01-01 18:18:00,0.00277941,16:10 - 00:10,34,0
2023-01-01 18:19:00,0.00277941,16:10 - 00:10,34,0
2023-01-01 18:20:00,0.00277658,16:10 - 00:10,34,0
2023-01-01 18:21:00,0.00277591,16:10 - 00:10,34,0
2023-01-01 18:22:00,0.00277558,16:10 - 00:10,34,0
2023-01-01 18:23:00,0.00277625,16:10 - 00:10,34,0
2023-01-01 18:24:00,0.00277525,16:10 - 00:10,34,0
2023-01-01 18:25:00,0.00277525,16:10 - 00:10,34,0
2023-01-01 18:26:00,0.00277475,16:10 - 00:10,34,0
2023-01-01 18:27:00,0.00277475,16:10 - 00:10,34,0
2023-01-01 18:28:00,0.00277025,16:10 - 00:10,34,0
2023-01-01 18:29:00,0.00277141,16:10 - 00:10,34,0
2023-01-01 18:30:00,0.00277708,16:10 - 00:10,34,0
2023-01-01 18:31:00,0.00277708,16:10 - 00:10,34,0
2023-01-01 18:32:00,0.00277708,16:10 - 00:10,34,0
2023-01-01 18:33:00,0.00277708,16:10 - 00:10,34,0
2023-01-01 18:34:00,0.00277958,16:10 - 00:10,34,0
2023-01-01 18:35:00,0.00277958,16:10 - 00:10,34,0
2023-01-01 18:36:00,0.00278908,16:10 - 00:10,34,0
2023-01-01 18:37:00,0.00278908,16:10 - 00:10,34,0
2023-01-01 18:38:00,0.00279075,16:10 - 00:10,34,0
2023-01-01 18:39:00,0.00279041,16:10 - 00:10,34,0
2023-01-01 18:40:00,0.00279041,16:10 - 00:10,34,0
2023-01-01 18:41:00,0.00279258,16:10 - 00:10,34,0
2023-01-01 18:42:00,0.00279258,16:10 - 00:10,34,0
2023-01-01 18:43:00,0.00279258,16:10 - 00:10,34,0
2023-01-01 18:44:00,0.00280508,16:10 - 00:10,34,0
2023-01-01 18:45:00,0.00281258,16:10 - 00:10,34,0
2023-01-01 18:46:00,0.00281825,16:10 - 00:10,34,0
2023-01-01 18:47:00,0.00281825,16:10 - 00:10,34,0
2023-01-01 18:48:00,0.00281825,16:10 - 00:10,34,0
2023-01-01 18:49:00,0.00281558,16:10 - 00:10,34,0
2023-01-01 18:50:00,0.00280525,16:10 - 00:10,34,0
2023-01-01 18:51:00,0.00279775,16:10 - 00:10,34,0
2023-01-01 18:52:00,0.00279525,16:10 - 00:10,34,0
2023-01-01 18:53:00,0.00279525,16:10 - 00:10,34,0
2023-01-01 18:54:00,0.00278975,16:10 - 00:10,34,0
2023-01-01 18:55:00,0.00278975,16:10 - 00:10,34,0
2023-01-01 18:56:00,0.00277075,16:10 - 00:10,34,0
2023-01-01 18:57:00,0.00276091,16:10 - 00:10,34,0
2023-01-01 18:58:00,0.00275608,16:10 - 00:10,34,0
2023-01-01 18:59:00,0.00275608,16:10 - 00:10,34,0
2023-01-01 19:00:00,0.00275558,16:10 - 00:10,34,0
2023-01-01 19:01:00,0.00275675,16:10 - 00:10,34,0
2023-01-01 19:02:00,0.00275375,16:10 - 00:10,34,0
2023-01-01 19:03:00,0.00274908,16:10 - 00:10,34,0
2023-01-01 19:04:00,0.00274908,16:10 - 00:10,34,0
2023-01-01 19:05:00,0.00274175,16:10 - 00:10,34,0
2023-01-01 19:06:00,0.00273541,16:10 - 00:10,34,0
2023-01-01 19:07:00,0.00273991,16:10 - 00:10,34,0
2023-01-01 19:08:00,0.00273991,16:10 - 00:10,34,0
2023-01-01 19:09:00,0.00274658,16:10 - 00:10,34,0
2023-01-01 19:10:00,0.00274658,16:10 - 00:10,34,0
2023-01-01 19:11:00,0.00274475,16:10 - 00:10,34,0
2023-01-01 19:12:00,0.00274391,16:10 - 00:10,34,0
2023-01-01 19:13:00,0.00275108,16:10 - 00:10,34,0
2023-01-01 19:14:00,0.00275758,16:10 - 00:10,34,0
2023-01-01 19:15:00,0.00276025,16:10 - 00:10,34,0
2023-01-01 19:16:00,0.00276025,16:10 - 00:10,34,0
2023-01-01 19:17:00,0.00276475,16:10 - 00:10,34,0
2023-01-01 19:18:00,0.00276475,16:10 - 00:10,34,0
2023-01-01 19:19:00,0.00278025,16:10 - 00:10,34,0
2023-01-01 19:20:00,0.00278625,16:10 - 00:10,34,0
2023-01-01 19:21:00,0.00278625,16:10 - 00:10,34,0
2023-01-01 19:22:00,0.00278625,16:10 - 00:10,34,0
2023-01-01 19:23:00,0.00278958,16:10 - 00:10,34,0
2023-01-01 19:24:00,0.00279491,16:10 - 00:10,34,0
2023-01-01 19:25:00,0.00279925,16:10 - 00:10,34,0
2023-01-01 19:26:00,0.00280775,16:10 - 00:10,34,0
2023-01-01 19:27:00,0.00280775,16:10 - 00:10,34,0
2023-01-01 19:28:00,0.00281858,16:10 - 00:10,34,0
2023-01-01 19:29:00,0.00282891,16:10 - 00:10,34,0
2023-01-01 19:30:00,0.00284241,16:10 - 00:10,34,0
2023-01-01 19:31:00,0.00285141,16:10 - 00:10,34,0
2023-01-01 19:32:00,0.00285275,16:10 - 00:10,34,0
2023-01-01 19:33:00,0.00285275,16:10 - 00:10,34,0
2023-01-01 19:34:00,0.00284975,16:10 - 00:10,34,0
2023-01-01 19:35:00,0.00285125,16:10 - 00:10,34,0
2023-01-01 19:36:00,0.00285441,16:10 - 00:10,34,0
2023-01-01 19:37:00,0.00285775,16:10 - 00:10,34,0
2023-01-01 19:38:00,0.00285775,16:10 - 00:10,34,0
2023-01-01 19:39:00,0.00286808,16:10 - 00:10,34,0
2023-01-01 19:40:00,0.00287641,16:10 - 00:10,34,0
2023-01-01 19:41:00,0.00287641,16:10 - 00:10,34,0
2023-01-01 19:42:00,0.00289275,16:10 - 00:10,34,0
2023-01-01 19:43:00,0.00290541,16:10 - 00:10,34,0
2023-01-01 19:44:00,0.00291641,16:10 - 00:10,34,0
2023-01-01 19:45:00,0.00291641,16:10 - 00:10,34,0
2023-01-01 19:46:00,0.00291641,16:10 - 00:10,34,0
2023-01-01 19:47:00,0.00291075,16:10 - 00:10,34,0
2023-01-01 19:48:00,0.00290025,16:10 - 00:10,34,0
2023-01-01 19:49:00,0.00289191,16:10 - 00:10,34,0
2023-01-01 19:50:00,0.00288791,16:10 - 00:10,34,0
2023-01-01 19:51:00,0.00288791,16:10 - 00:10,34,0
2023-01-01 19:52:00,0.00288075,16:10 - 00:10,34,0
2023-01-01 19:53:00,0.00288408,16:10 - 00:10,34,0
2023-01-01 19:54:00,0.00288291,16:10 - 00:10,34,0
2023-01-01 19:55:00,0.00287891,16:10 - 00:10,34,0
2023-01-01 19:56:00,0.00286658,16:10 - 00:10,34,0
2023-01-01 19:57:00,0.00286658,16:10 - 00:10,34,0
2023-01-01 19:58:00,0.00285841,16:10 - 00:10,34,0
2023-01-01 19:59:00,0.00575925,16:10 - 00:10,34,0
2023-01-01 20:00:00,0.00577391,16:10 - 00:10,34,0
2023-01-01 20:01:00,0.00577658,16:10 - 00:10,34,0
2023-01-01 20:02:00,0.00578308,16:10 - 00:10,34,0
2023-01-01 20:03:00,0.00578308,16:10 - 00:10,34,0
2023-01-01 20:04:00,0.00578525,16:10 - 00:10,34,0
2023-01-01 20:05:00,0.00578525,16:10 - 00:10,34,0
2023-01-01 20:06:00,0.00578591,16:10 - 00:10,34,0
2023-01-01 20:07:00,0.00578591,16:10 - 00:10,34,0
2023-01-01 20:08:00,0.00577808,16:10 - 00:10,34,0
2023-01-01 20:09:00,0.00577808,16:10 - 00:10,34,0
2023-01-01 20:10:00,0.00576975,16:10 - 00:10,34,0
2023-01-01 20:11:00,0.00576325,16:10 - 00:10,34,0
2023-01-01 20:12:00,0.00575808,16:10 - 00:10,34,0
2023-01-01 20:13:00,0.00575141,16:10 - 00:10,34,0
2023-01-01 20:14:00,0.00574708,16:10 - 00:10,34,0
2023-01-01 20:15:00,0.00574708,16:10 - 00:10,34,0
2023-01-01 20:16:00,0.00574508,16:10 - 00:10,34,0
2023-01-01 20:17:00,0.00574475,16:10 - 00:10,34,0
2023-01-01 20:18:00,0.00573891,16:10 - 00:10,34,0
2023-01-01 20:19:00,0.00573708,16:10 - 00:10,34,0
2023-01-01 20:20:00,0.00573991,16:10 - 00:10,34,0
2023-01-01 20:21:00,0.00573991,16:10 - 00:10,34,0
2023-01-01 20:22:00,0.00573975,16:10 - 00:10,34,0
2023-01-01 20:23:00,0.00572058,16:10 - 00:10,34,0
2023-01-01 20:24:00,0.00569191,16:10 - 00:10,34,0
2023-01-01 20:25:00,0.00566408,16:10 - 00:10,34,0
2023-01-01 20:26:00,0.00561408,16:10 - 00:10,34,0
2023-01-01 20:27:00,0.00560225,16:10 - 00:10,34,0
2023-01-01 20:28:00,0.00556941,16:10 - 00:10,34,0
2023-01-01 20:29:00,0.00553741,16:10 - 00:10,34,0
2023-01-01 20:30:00,0.00552458,16:10 - 00:10,34,0
2023-01-01 20:31:00,0.00548758,16:10 - 00:10,34,0
2023-01-01 20:32:00,0.00545425,16:10 - 00:10,34,0
2023-01-01 20:33:00,0.00542258,16:10 - 00:10,34,0
2023-01-01 20:34:00,0.00539775,16:10 - 00:10,34,0
2023-01-01 20:35:00,0.00536908,16:10 - 00:10,34,0
2023-01-01 20:36:00,0.00533525,16:10 - 00:10,34,0
2023-01-01 20:37:00,0.00530025,16:10 - 00:10,34,0
2023-01-01 20:38:00,0.00526691,16:10 - 00:10,34,0
2023-01-01 20:39:00,0.00523358,16:10 - 00:10,34,0
2023-01-01 20:40:00,0.00521341,16:10 - 00:10,34,0
2023-01-01 20:41:00,0.00517691,16:10 - 00:10,34,0
2023-01-01 20:42:00,0.00513758,16:10 - 00:10,34,0
2023-01-01 20:43:00,0.00510425,16:10 - 00:10,34,0
2023-01-01 20:44:00,0.00508375,16:10 - 00:10,34,0
2023-01-01 20:45:00,0.00505275,16:10 - 00:10,34,0
2023-01-01 20:46:00,0.00502225,16:10 - 00:10,34,0
2023-01-01 20:47:00,0.00498158,16:10 - 00:10,34,0
2023-01-01 20:48:00,0.00496075,16:10 - 00:10,34,0
2023-01-01 20:49:00,0.00494408,16:10 - 00:10,34,0
2023-01-01 20:50:00,0.00491958,16:10 - 00:10,34,0
2023-01-01 20:51:00,0.00489408,16:10 - 00:10,34,0
2023-01-01 20:52:00,0.00485658,16:10 - 00:10,34,0
2023-01-01 20:53:00,0.00482475,16:10 - 00:10,34,0
2023-01-01 20:54:00,0.00479141,16:10 - 00:10,34,0
2023-01-01 20:55:00,0.00477675,16:10 - 00:10,34,0
2023-01-01 20:56:00,0.00475575,16:10 - 00:10,34,0
2023-01-01 20:57:00,0.00473908,16:10 - 00:10,34,0
2023-01-01 20:58:00,0.00470775,16:10 - 00:10,34,0
2023-01-01 20:59:00,0.00467941,16:10 - 00:10,34,0
2023-01-01 21:00:00,0.00466275,16:10 - 00:10,34,0
2023-01-01 21:01:00,0.00463591,16:10 - 00:10,34,0
2023-01-01 21:02:00,0.00459291,16:10 - 00:10,34,0
2023-01-01 21:03:00,0.00457275,16:10 - 00:10,34,0
2023-01-01 21:04:00,0.00454375,16:10 - 00:10,34,0
2023-01-01 21:05:00,0.00454375,16:10 - 00:10,34,0
2023-01-01 21:06:00,0.00451341,16:10 - 00:10,34,0
2023-01-01 21:07:00,0.00448575,16:10 - 00:10,34,0
2023-01-01 21:08:00,0.00445825,16:10 - 00:10,34,0
2023-01-01 21:09:00,0.00442841,16:10 - 00:10,34,0
2023-01-01 21:10:00,0.00439458,16:10 - 00:10,34,0
2023-01-01 21:11:00,0.00436791,16:10 - 00:10,34,0
2023-01-01 21:12:00,0.00435125,16:10 - 00:10,34,0
2023-01-01 21:13:00,0.00432808,16:10 - 00:10,34,0
2023-01-01 21:14:00,0.00430108,16:10 - 00:10,34,0
2023-01-01 21:15:00,0.00425741,16:10 - 00:10,34,0
2023-01-01 21:16:00,0.00422958,16:10 - 00:10,34,0
2023-01-01 21:17:00,0.00419625,16:10 - 00:10,34,0
2023-01-01 21:18:00,0.00417958,16:10 - 00:10,34,0
2023-01-01 21:19:00,0.00413641,16:10 - 00:10,34,0
2023-01-01 21:20:00,0.00411675,16:10 - 00:10,34,0
2023-01-01 21:21:00,0.00408341,16:10 - 00:10,34,0
2023-01-01 21:22:00,0.00406558,16:10 - 00:10,34,0
2023-01-01 21:23:00,0.00402825,16:10 - 00:10,34,0
2023-01-01 21:24:00,0.00401091,16:10 - 00:10,34,0
2023-01-01 21:25:00,0.00398875,16:10 - 00:10,34,0
2023-01-01 21:26:00,0.00395875,16:10 - 00:10,34,0
2023-01-01 21:27:00,0.00392758,16:10 - 00:10,34,0
2023-01-01 21:28:00,0.00389975,16:10 - 00:10,34,0
2023-01-01 21:29:00,0.00388308,16:10 - 00:10,34,0
2023-01-01 21:30:00,0.00384975,16:10 - 00:10,34,0
2023-01-01 21:31:00,0.00382741,16:10 - 00:10,34,0
2023-01-01 21:32:00,0.00380791,16:10 - 00:10,34,0
2023-01-01 21:33:00,0.00380475,16:10 - 00:10,34,0
2023-01-01 21:34:00,0.00378391,16:10 - 00:10,34,0
2023-01-01 21:35:00,0.00376725,16:10 - 00:10,34,0
2023-01-01 21:36:00,0.00376475,16:10 - 00:10,34,0
2023-01-01 21:37:00,0.00374208,16:10 - 00:10,34,0
2023-01-01 21:38:00,0.00372075,16:10 - 00:10,34,0
2023-01-01 21:39:00,0.00369891,16:10 - 00:10,34,0
2023-01-01 21:40:00,0.00367975,16:10 - 00:10,34,0
2023-01-01 21:41:00,0.00366308,16:10 - 00:10,34,0
2023-01-01 21:42:00,0.00363941,16:10 - 00:10,34,0
2023-01-01 21:43:00,0.00361508,16:10 - 00:10,34,0
2023-01-01 21:44:00,0.00359125,16:10 - 00:10,34,0
2023-01-01 21:45:00,0.00356841,16:10 - 00:10,34,0
2023-01-01 21:46:00,0.00355175,16:10 - 00:10,34,0
2023-01-01 21:47:00,0.00352958,16:10 - 00:10,34,0
2023-01-01 21:48:00,0.00350841,16:10 - 00:10,34,0
2023-01-01 21:49:00,0.00348691,16:10 - 00:10,34,0
2023-01-01 21:50:00,0.00344941,16:10 - 00:10,34,0
2023-01-01 21:51:00,0.00342958,16:10 - 00:10,34,0
2023-01-01 21:52:00,0.00341291,16:10 - 00:10,34,0
2023-01-01 21:53:00,0.00339191,16:10 - 00:10,34,0
2023-01-01 21:54:00,0.00337208,16:10 - 00:10,34,0
2023-01-01 21:55:00,0.00333475,16:10 - 00:10,34,0
2023-01-01 21:56:00,0.00331808,16:10 - 00:10,34,0
2023-01-01 21:57:00,0.00327675,16:10 - 00:10,34,0
2023-01-01 21:58:00,0.00326008,16:10 - 00:10,34,0
2023-01-01 21:59:00,0.00324108,16:10 - 00:10,34,0
2023-01-01 22:00:00,0.00320158,16:10 - 00:10,34,0
2023-01-01 22:01:00,0.00316525,16:10 - 00:10,34,0
2023-01-01 22:02:00,0.00314625,16:10 - 00:10,34,0
2023-01-01 22:03:00,0.00311525,16:10 - 00:10,34,0
2023-01-01 22:04:00,0.00308191,16:10 - 00:10,34,0
2023-01-01 22:05:00,0.00306525,16:10 - 00:10,34,0
2023-01-01 22:06:00,0.00307725,16:10 - 00:10,34,0
2023-01-01 22:07:00,0.00306775,16:10 - 00:10,34,0
2023-01-01 22:08:00,0.00307525,16:10 - 00:10,34,0
2023-01-01 22:09:00,0.00307791,16:10 - 00:10,34,0
2023-01-01 22:10:00,0.00306125,16:10 - 00:10,34,0
2023-01-01 22:11:00,0.00305791,16:10 - 00:10,34,0
2023-01-01 22:12:00,0.00305375,16:10 - 00:10,34,0
2023-01-01 22:13:00,0.00304641,16:10 - 00:10,34,0
2023-01-01 22:14:00,0.00304658,16:10 - 00:10,34,0
2023-01-01 22:15:00,0.00303458,16:10 - 00:10,34,0
2023-01-01 22:16:00,0.00301791,16:10 - 00:10,34,0
2023-01-01 22:17:00,0.00301791,16:10 - 00:10,34,0
2023-01-01 22:18:00,0.00297391,16:10 - 00:10,34,0
2023-01-01 22:19:00,0.00294591,16:10 - 00:10,34,0
2023-01-01 22:20:00,0.00294591,16:10 - 00:10,34,0
2023-01-01 22:21:00,0.00292625,16:10 - 00:10,34,0
2023-01-01 22:22:00,0.00290958,16:10 - 00:10,34,0
2023-01-01 22:23:00,0.00287925,16:10 - 00:10,34,0
2023-01-01 22:24:00,0.00287341,16:10 - 00:10,34,0
2023-01-01 22:25:00,0.00286425,16:10 - 00:10,34,0
2023-01-01 22:26:00,0.00285558,16:10 - 00:10,34,0
2023-01-01 22:27:00,0.00283891,16:10 - 00:10,34,0
2023-01-01 22:28:00,0.00282275,16:10 - 00:10,34,0
2023-01-01 22:29:00,0.00281141,16:10 - 00:10,34,0
2023-01-01 22:30:00,0.00281291,16:10 - 00:10,34,0
2023-01-01 22:31:00,0.00279291,16:10 - 00:10,34,0
2023-01-01 22:32:00,0.00277925,16:10 - 00:10,34,0
2023-01-01 22:33:00,0.00276341,16:10 - 00:10,34,0
2023-01-01 22:34:00,0.00274875,16:10 - 00:10,34,0
2023-01-01 22:35:00,0.00274575,16:10 - 00:10,34,0
2023-01-01 22:36:00,0.00272091,16:10 - 00:10,34,0
2023-01-01 22:37:00,0.00270425,16:10 - 00:10,34,0
2023-01-01 22:38:00,0.00269191,16:10 - 00:10,34,0
2023-01-01 22:39:00,0.00267525,16:10 - 00:10,34,0
2023-01-01 22:40:00,0.00267158,16:10 - 00:10,34,0
2023-01-01 22:41:00,0.00265291,16:10 - 00:10,34,0
2023-01-01 22:42:00,0.00263675,16:10 - 00:10,34,0
2023-01-01 22:43:00,0.00262108,16:10 - 00:10,34,0
2023-01-01 22:44:00,0.00260891,16:10 - 00:10,34,0
2023-01-01 22:45:00,0.00259225,16:10 - 00:10,34,0
2023-01-01 22:46:00,0.00256325,16:10 - 00:10,34,0
2023-01-01 22:47:00,0.00254525,16:10 - 00:10,34,0
2023-01-01 22:48:00,0.00252791,16:10 - 00:10,34,0
2023-01-01 22:49:00,0.00250975,16:10 - 00:10,34,0
2023-01-01 22:50:00,0.00249225,16:10 - 00:10,34,0
2023-01-01 22:51:00,0.00247558,16:10 - 00:10,34,0
2023-01-01 22:52:00,0.00246275,16:10 - 00:10,34,0
2023-01-01 22:53:00,0.00244708,16:10 - 00:10,34,0
2023-01-01 22:54:00,0.00243108,16:10 - 00:10,34,0
2023-01-01 22:55:00,0.00241275,16:10 - 00:10,34,0
2023-01-01 22:56:00,0.00239608,16:10 - 00:10,34,0
2023-01-01 22:57:00,0.00236491,16:10 - 00:10,34,0
2023-01-01 22:58:00,0.00234758,16:10 - 00:10,34,0
2023-01-01 22:59:00,0.00231308,16:10 - 00:10,34,0
2023-01-01 23:00:00,0.00229591,16:10 - 00:10,34,0
2023-01-01 23:01:00,0.00227625,16:10 - 00:10,34,0
2023-01-01 23:02:00,0.00224291,16:10 - 00:10,34,0
2023-01-01 23:03:00,0.00222425,16:10 - 00:10,34,0
2023-01-01 23:04:00,0.00219191,16:10 - 00:10,34,0
2023-01-01 23:05:00,0.00217891,16:10 - 00:10,34,0
2023-01-01 23:06:00,0.00214458,16:10 - 00:10,34,0
2023-01-01 23:07:00,0.00212991,16:10 - 00:10,34,0
2023-01-01 23:08:00,0.00211325,16:10 - 00:10,34,0
2023-01-01 23:09:00,0.00209891,16:10 - 00:10,34,0
2023-01-01 23:10:00,0.00208691,16:10 - 00:10,34,0
2023-01-01 23:11:00,0.00207925,16:10 - 00:10,34,0
2023-01-01 23:12:00,0.00206891,16:10 - 00:10,34,0
2023-01-01 23:13:00,0.00205025,16:10 - 00:10,34,0
2023-01-01 23:14:00,0.00203358,16:10 - 00:10,34,0
2023-01-01 23:15:00,0.00201808,16:10 - 00:10,34,0
2023-01-01 23:16:00,0.00199941,16:10 - 00:10,34,0
2023-01-01 23:17:00,0.00198191,16:10 - 00:10,34,0
2023-01-01 23:18:00,0.00196308,16:10 - 00:10,34,0
2023-01-01 23:19:00,0.00194641,16:10 - 00:10,34,0
2023-01-01 23:20:00,0.00194058,16:10 - 00:10,34,0
2023-01-01 23:21:00,0.00191991,16:10 - 00:10,34,0
2023-01-01 23:22:00,0.00189908,16:10 - 00:10,34,0
2023-01-01 23:23:00,0.00187741,16:10 - 00:10,34,0
2023-01-01 23:24:00,0.00186908,16:10 - 00:10,34,0
2023-01-01 23:25:00,0.00185241,16:10 - 00:10,34,0
2023-01-01 23:26:00,0.00182708,16:10 - 00:10,34,0
2023-01-01 23:27:00,0.00181791,16:10 - 00:10,34,0
2023-01-01 23:28:00,0.00181791,16:10 - 00:10,34,0
2023-01-01 23:29:00,0.00178358,16:10 - 00:10,34,0
2023-01-01 23:30:00,0.00176408,16:10 - 00:10,34,0
2023-01-01 23:31:00,0.00176408,16:10 - 00:10,34,0
2023-01-01 23:32:00,0.00174741,16:10 - 00:10,34,0
2023-01-01 23:33:00,0.00174758,16:10 - 00:10,34,0
2023-01-01 23:34:00,0.00174608,16:10 - 00:10,34,0
2023-01-01 23:35:00,0.00174358,16:10 - 00:10,34,0
2023-01-01 23:36:00,0.00174358,16:10 - 00:10,34,0
2023-01-01 23:37:00,0.00172691,16:10 - 00:10,34,0
2023-01-01 23:38:00,0.00172275,16:10 - 00:10,34,0
2023-01-01 23:39:00,0.00170708,16:10 - 00:10,34,0
2023-01-01 23:40:00,0.00170358,16:10 - 00:10,34,0
2023-01-01 23:41:00,0.00170475,16:10 - 00:10,34,0
2023-01-01 23:42:00,0.00170475,16:10 - 00:10,34,0
2023-01-01 23:43:00,0.00172008,16:10 - 00:10,34,0
2023-01-01 23:44:00,0.00171675,16:10 - 00:10,34,0
2023-01-01 23:45:00,0.00171341,16:10 - 00:10,34,0
2023-01-01 23:46:00,0.00170808,16:10 - 00:10,34,0
2023-01-01 23:47:00,0.00170275,16:10 - 00:10,34,0
2023-01-01 23:48:00,0.00170275,16:10 - 00:10,34,0
2023-01-01 23:49:00,0.00171608,16:10 - 00:10,34,0
2023-01-01 23:50:00,0.00171308,16:10 - 00:10,34,0
2023-01-01 23:51:00,0.00171141,16:10 - 00:10,34,0
2023-01-01 23:52:00,0.00171158,16:10 - 00:10,34,0
2023-01-01 23:53:00,0.00171408,16:10 - 00:10,34,0
2023-01-01 23:54:00,0.00171408,16:10 - 00:10,34,0
2023-01-01 23:55:00,0.00171475,16:10 - 00:10,34,0
2023-01-01 23:56:00,0.00171808,16:10 - 00:10,34,0
2023-01-01 23:57:00,0.00170141,16:10 - 00:10,34,0
2023-01-01 23:58:00,0.00172458,16:10 - 00:10,34,0
2023-01-01 23:59:00,0.00172458,16:10 - 00:10,34,0
2023-01-02 00:00:00,0.00409474,16:10 - 00:10,34,0
2023-01-02 00:01:00,-0.00210142,16:10 - 00:10,34,0
2023-01-02 00:02:00,-0.00186275,16:10 - 00:10,34,0
2023-01-02 00:03:00,-0.00089492,16:10 - 00:10,34,0
2023-01-02 00:04:00,-0.00084409,16:10 - 00:10,34,0
2023-01-02 00:05:00,-0.00022742,16:10 - 00:10,34,0
2023-01-02 00:06:00,-0.00029342,16:10 - 00:10,34,0
2023-01-02 00:07:00,-0.00020592,16:10 - 00:10,34,0
2023-01-02 00:08:00,0.00010908,16:10 - 00:10,34,0
2023-01-02 00:09:00,0.00043858,16:10 - 00:10,34,0
2023-01-02 00:10:00,0.00050175,00:10 - 08:10,35,0
2023-01-02 00:11:00,0.00078508,00:10 - 08:10,35,0
2023-01-02 00:12:00,0.00097791,00:10 - 08:10,35,0
2023-01-02 00:13:00,0.00110074,00:10 - 08:10,35,0
2023-01-02 00:14:00,0.00113841,00:10 - 08:10,35,0
2023-01-02 00:15:00,0.00114691,00:10 - 08:10,35,0
2023-01-02 00:16:00,0.00114691,00:10 - 08:10,35,0
2023-01-02 00:17:00,0.00130891,00:10 - 08:10,35,0
2023-01-02 00:18:00,0.00145125,00:10 - 08:10,35,0
2023-01-02 00:19:00,0.00152358,00:10 - 08:10,35,0
2023-01-02 00:20:00,0.00161374,00:10 - 08:10,35,0
2023-01-02 00:21:00,0.00143941,00:10 - 08:10,35,0
2023-01-02 00:22:00,0.00120608,00:10 - 08:10,35,0
2023-01-02 00:23:00,0.00100058,00:10 - 08:10,35,0
2023-01-02 00:24:00,0.00082925,00:10 - 08:10,35,0
2023-01-02 00:25:00,0.00070575,00:10 - 08:10,35,0
2023-01-02 00:26:00,0.00053141,00:10 - 08:10,35,0
2023-01-02 00:27:00,0.00038975,00:10 - 08:10,35,0
2023-01-02 00:28:00,0.00030641,00:10 - 08:10,35,0
2023-01-02 00:29:00,0.00021175,00:10 - 08:10,35,0
2023-01-02 00:30:00,0.00022824,00:10 - 08:10,35,0
2023-01-02 00:31:00,0.00021658,00:10 - 08:10,35,0
2023-01-02 00:32:00,0.00019725,00:10 - 08:10,35,0
2023-01-02 00:33:00,0.00016075,00:10 - 08:10,35,0
2023-01-02 00:34:00,9.408e-05,00:10 - 08:10,35,0
2023-01-02 00:35:00,4.408e-05,00:10 - 08:10,35,0
2023-01-02 00:36:00,-6.109e-05,00:10 - 08:10,35,0
2023-01-02 00:37:00,-0.00013009,00:10 - 08:10,35,0
2023-01-02 00:38:00,-0.00016926,00:10 - 08:10,35,0
2023-01-02 00:39:00,-0.00014375,00:10 - 08:10,35,0
2023-01-02 00:40:00,-0.00012709,00:10 - 08:10,35,0
2023-01-02 00:41:00,-0.00012075,00:10 - 08:10,35,0
2023-01-02 00:42:00,-9.592e-05,00:10 - 08:10,35,0
2023-01-02 00:43:00,-7.025e-05,00:10 - 08:10,35,0
2023-01-02 00:44:00,-9.125e-05,00:10 - 08:10,35,0
2023-01-02 00:45:00,-0.00012459,00:10 - 08:10,35,0
2023-01-02 00:46:00,-0.00017609,00:10 - 08:10,35,0
2023-01-02 00:47:00,-0.00022409,00:10 - 08:10,35,0
2023-01-02 00:48:00,-0.00025792,00:10 - 08:10,35,0
2023-01-02 00:49:00,-0.00031076,00:10 - 08:10,35,0
2023-01-02 00:50:00,-0.00034925,00:10 - 08:10,35,0
2023-01-02 00:51:00,-0.00033259,00:10 - 08:10,35,0
2023-01-02 00:52:00,-0.00034459,00:10 - 08:10,35,0
2023-01-02 00:53:00,-0.00030675,00:10 - 08:10,35,0
2023-01-02 00:54:00,-0.00025192,00:10 - 08:10,35,0
2023-01-02 00:55:00,-0.00019259,00:10 - 08:10,35,0
2023-01-02 00:56:00,-0.00014759,00:10 - 08:10,35,0
2023-01-02 00:57:00,-0.00014759,00:10 - 08:10,35,0
2023-01-02 00:58:00,-0.00010509,00:10 - 08:10,35,0
2023-01-02 00:59:00,-6.709e-05,00:10 - 08:10,35,0
2023-01-02 01:00:00,-3.242e-05,00:10 - 08:10,35,0
2023-01-02 01:01:00,-3.776e-05,00:10 - 08:10,35,0
2023-01-02 01:02:00,-4.092e-05,00:10 - 08:10,35,0
2023-01-02 01:03:00,-7.59e-06,00:10 - 08:10,35,0
2023-01-02 01:04:00,3.541e-05,00:10 - 08:10,35,0
2023-01-02 01:05:00,3.275e-05,00:10 - 08:10,35,0
2023-01-02 01:06:00,4.574e-05,00:10 - 08:10,35,0
2023-01-02 01:07:00,1.025e-05,00:10 - 08:10,35,0
2023-01-02 01:08:00,2.008e-05,00:10 - 08:10,35,0
2023-01-02 01:09:00,3.674e-05,00:10 - 08:10,35,0
2023-01-02 01:10:00,1.91e-06,00:10 - 08:10,35,0
2023-01-02 01:11:00,-1.309e-05,00:10 - 08:10,35,0
2023-01-02 01:12:00,-4.009e-05,00:10 - 08:10,35,0
2023-01-02 01:13:00,-4.092e-05,00:10 - 08:10,35,0
2023-01-02 01:14:00,-7.392e-05,00:10 - 08:10,35,0
2023-01-02 01:15:00,-5.726e-05,00:10 - 08:10,35,0
2023-01-02 01:16:00,-1.409e-05,00:10 - 08:10,35,0
2023-01-02 01:17:00,-3.976e-05,00:10 - 08:10,35,0
2023-01-02 01:18:00,-4.092e-05,00:10 - 08:10,35,0
2023-01-02 01:19:00,-2.409e-05,00:10 - 08:10,35,0
2023-01-02 01:20:00,-4.076e-05,00:10 - 08:10,35,0
2023-01-02 01:21:00,-7.42e-06,00:10 - 08:10,35,0
2023-01-02 01:22:00,4.508e-05,00:10 - 08:10,35,0
2023-01-02 01:23:00,5.608e-05,00:10 - 08:10,35,0
2023-01-02 01:24:00,7.491e-05,00:10 - 08:10,35,0
2023-01-02 01:25:00,7.891e-05,00:10 - 08:10,35,0
2023-01-02 01:26:00,7.891e-05,00:10 - 08:10,35,0
2023-01-02 01:27:00,4.791e-05,00:10 - 08:10,35,0
2023-01-02 01:28:00,-1.609e-05,00:10 - 08:10,35,0
2023-01-02 01:29:00,-6.109e-05,00:10 - 08:10,35,0
2023-01-02 01:30:00,-0.00010659,00:10 - 08:10,35,0
2023-01-02 01:31:00,-0.00012325,00:10 - 08:10,35,0
2023-01-02 01:32:00,-0.00013559,00:10 - 08:10,35,0
2023-01-02 01:33:00,-0.00016942,00:10 - 08:10,35,0
2023-01-02 01:34:00,-0.00021859,00:10 - 08:10,35,0
2023-01-02 01:35:00,-0.00024742,00:10 - 08:10,35,0
2023-01-02 01:36:00,-0.00027875,00:10 - 08:10,35,0
2023-01-02 01:37:00,-0.00029542,00:10 - 08:10,35,0
2023-01-02 01:38:00,-0.00028942,00:10 - 08:10,35,0
2023-01-02 01:39:00,-0.00028292,00:10 - 08:10,35,0
2023-01-02 01:40:00,-0.00026625,00:10 - 08:10,35,0
2023-01-02 01:41:00,-0.00026509,00:10 - 08:10,35,0
2023-01-02 01:42:00,-0.00025275,00:10 - 08:10,35,0
2023-01-02 01:43:00,-0.00023609,00:10 - 08:10,35,0
2023-01-02 01:44:00,-0.00022242,00:10 - 08:10,35,0
2023-01-02 01:45:00,-0.00020709,00:10 - 08:10,35,0
2023-01-02 01:46:00,-0.00020709,00:10 - 08:10,35,0
2023-01-02 01:47:00,-0.00018925,00:10 - 08:10,35,0
2023-01-02 01:48:00,-0.00018742,00:10 - 08:10,35,0
2023-01-02 01:49:00,-0.00016792,00:10 - 08:10,35,0
2023-01-02 01:50:00,-0.00015126,00:10 - 08:10,35,0
2023-01-02 01:51:00,-0.00013609,00:10 - 08:10,35,0
2023-01-02 01:52:00,-0.00012142,00:10 - 08:10,35,0
2023-01-02 01:53:00,-0.00010592,00:10 - 08:10,35,0
2023-01-02 01:54:00,-9.242e-05,00:10 - 08:10,35,0
2023-01-02 01:55:00,-9.525e-05,00:10 - 08:10,35,0
2023-01-02 01:56:00,-7.859e-05,00:10 - 08:10,35,0
2023-01-02 01:57:00,-4.676e-05,00:10 - 08:10,35,0
2023-01-02 01:58:00,-2.125e-05,00:10 - 08:10,35,0
2023-01-02 01:59:00,1.941e-05,00:10 - 08:10,35,0
2023-01-02 02:00:00,7.541e-05,00:10 - 08:10,35,0
2023-01-02 02:01:00,0.00014691,00:10 - 08:10,35,0
2023-01-02 02:02:00,0.00019691,00:10 - 08:10,35,0
2023-01-02 02:03:00,0.00022525,00:10 - 08:10,35,0
2023-01-02 02:04:00,0.00026024,00:10 - 08:10,35,0
2023-01-02 02:05:00,0.00029524,00:10 - 08:10,35,0
2023-01-02 02:06:00,0.00032841,00:10 - 08:10,35,0
2023-01-02 02:07:00,0.00034508,00:10 - 08:10,35,0
2023-01-02 02:08:00,0.00034558,00:10 - 08:10,35,0
2023-01-02 02:09:00,0.00036108,00:10 - 08:10,35,0
2023-01-02 02:10:00,0.00035874,00:10 - 08:10,35,0
2023-01-02 02:11:00,0.00035424,00:10 - 08:10,35,0
2023-01-02 02:12:00,0.00036558,00:10 - 08:10,35,0
2023-01-02 02:13:00,0.00038224,00:10 - 08:10,35,0
2023-01-02 02:14:00,0.00038308,00:10 - 08:10,35,0
2023-01-02 02:15:00,0.00039174,00:10 - 08:10,35,0
2023-01-02 02:16:00,0.00040158,00:10 - 08:10,35,0
2023-01-02 02:17:00,0.00041074,00:10 - 08:10,35,0
2023-01-02 02:18:00,0.00040375,00:10 - 08:10,35,0
2023-01-02 02:19:00,0.00038708,00:10 - 08:10,35,0
2023-01-02 02:20:00,0.00037958,00:10 - 08:10,35,0
2023-01-02 02:21:00,0.00038641,00:10 - 08:10,35,0
2023-01-02 02:22:00,0.00041074,00:10 - 08:10,35,0
2023-01-02 02:23:00,0.00041391,00:10 - 08:10,35,0
2023-01-02 02:24:00,0.00043058,00:10 - 08:10,35,0
2023-01-02 02:25:00,0.00045541,00:10 - 08:10,35,0
2023-01-02 02:26:00,0.00047208,00:10 - 08:10,35,0
2023-01-02 02:27:00,0.00049391,00:10 - 08:10,35,0
2023-01-02 02:28:00,0.00052441,00:10 - 08:10,35,0
2023-01-02 02:29:00,0.00054108,00:10 - 08:10,35,0
2023-01-02 02:30:00,0.00055775,00:10 - 08:10,35,0
2023-01-02 02:31:00,0.00057791,00:10 - 08:10,35,0
2023-01-02 02:32:00,0.00061124,00:10 - 08:10,35,0
2023-01-02 02:33:00,0.00066758,00:10 - 08:10,35,0
2023-01-02 02:34:00,0.00070091,00:10 - 08:10,35,0
2023-01-02 02:35:00,0.00073608,00:10 - 08:10,35,0
2023-01-02 02:36:00,0.00076941,00:10 - 08:10,35,0
2023-01-02 02:37:00,0.00082091,00:10 - 08:10,35,0
2023-01-02 02:38:00,0.00085091,00:10 - 08:10,35,0
2023-01-02 02:39:00,0.00088041,00:10 - 08:10,35,0
2023-01-02 02:40:00,0.00092391,00:10 - 08:10,35,0
2023-01-02 02:41:00,0.00095608,00:10 - 08:10,35,0
2023-01-02 02:42:00,0.00098941,00:10 - 08:10,35,0
2023-01-02 02:43:00,0.00101691,00:10 - 08:10,35,0
2023-01-02 02:44:00,0.00105024,00:10 - 08:10,35,0
2023-01-02 02:45:00,0.00106025,00:10 - 08:10,35,0
2023-01-02 02:46:00,0.00107225,00:10 - 08:10,35,0
2023-01-02 02:47:00,0.00109324,00:10 - 08:10,35,0
2023-01-02 02:48:00,0.00110991,00:10 - 08:10,35,0
2023-01-02 02:49:00,0.00113341,00:10 - 08:10,35,0
2023-01-02 02:50:00,0.00113875,00:10 - 08:10,35,0
2023-01-02 02:51:00,0.00114441,00:10 - 08:10,35,0
2023-01-02 02:52:00,0.00114441,00:10 - 08:10,35,0
2023-01-02 02:53:00,0.00115458,00:10 - 08:10,35,0
2023-01-02 02:54:00,0.00117125,00:10 - 08:10,35,0
2023-01-02 02:55:00,0.00120991,00:10 - 08:10,35,0
2023-01-02 02:56:00,0.00124325,00:10 - 08:10,35,0
2023-01-02 02:57:00,0.00130708,00:10 - 08:10,35,0
2023-01-02 02:58:00,0.00135741,00:10 - 08:10,35,0
2023-01-02 02:59:00,0.00140741,00:10 - 08:10,35,0
2023-01-02 03:00:00,0.00145808,00:10 - 08:10,35,0
2023-01-02 03:01:00,0.00150608,00:10 - 08:10,35,0
2023-01-02 03:02:00,0.00155108,00:10 - 08:10,35,0
2023-01-02 03:03:00,0.00159625,00:10 - 08:10,35,0
2023-01-02 03:04:00,0.00162391,00:10 - 08:10,35,0
2023-01-02 03:05:00,0.00165724,00:10 - 08:10,35,0
2023-01-02 03:06:00,0.00169025,00:10 - 08:10,35,0
2023-01-02 03:07:00,0.00172491,00:10 - 08:10,35,0
2023-01-02 03:08:00,0.00175808,00:10 - 08:10,35,0
2023-01-02 03:09:00,0.00179558,00:10 - 08:10,35,0
2023-01-02 03:10:00,0.00183608,00:10 - 08:10,35,0
2023-01-02 03:11:00,0.00186941,00:10 - 08:10,35,0
2023-01-02 03:12:00,0.00192591,00:10 - 08:10,35,0
2023-01-02 03:13:00,0.00195925,00:10 - 08:10,35,0
2023-01-02 03:14:00,0.00200641,00:10 - 08:10,35,0
2023-01-02 03:15:00,0.00203608,00:10 - 08:10,35,0
2023-01-02 03:16:00,0.00208541,00:10 - 08:10,35,0
2023-01-02 03:17:00,0.00211875,00:10 - 08:10,35,0
2023-01-02 03:18:00,0.00215225,00:10 - 08:10,35,0
2023-01-02 03:19:00,0.00219758,00:10 - 08:10,35,0
2023-01-02 03:20:00,0.00224175,00:10 - 08:10,35,0
2023-01-02 03:21:00,0.00229175,00:10 - 08:10,35,0
2023-01-02 03:22:00,0.00233141,00:10 - 08:10,35,0
2023-01-02 03:23:00,0.00236475,00:10 - 08:10,35,0
2023-01-02 03:24:00,0.00242008,00:10 - 08:10,35,0
2023-01-02 03:25:00,0.00245341,00:10 - 08:10,35,0
2023-01-02 03:26:00,0.00248608,00:10 - 08:10,35,0
2023-01-02 03:27:00,0.00251891,00:10 - 08:10,35,0
2023-01-02 03:28:00,0.00255225,00:10 - 08:10,35,0
2023-01-02 03:29:00,0.00258425,00:10 - 08:10,35,0
2023-01-02 03:30:00,0.00261875,00:10 - 08:10,35,0
2023-01-02 03:31:00,0.00263641,00:10 - 08:10,35,0
2023-01-02 03:32:00,0.00267258,00:10 - 08:10,35,0
2023-01-02 03:33:00,0.00269441,00:10 - 08:10,35,0
2023-01-02 03:34:00,0.00271108,00:10 - 08:10,35,0
2023-01-02 03:35:00,0.00272724,00:10 - 08:10,35,0
2023-01-02 03:36:00,0.00275141,00:10 - 08:10,35,0
2023-01-02 03:37:00,0.00279341,00:10 - 08:10,35,0
2023-01-02 03:38:00,0.00281858,00:10 - 08:10,35,0
2023-01-02 03:39:00,0.00284508,00:10 - 08:10,35,0
2023-01-02 03:40:00,0.00287841,00:10 - 08:10,35,0
2023-01-02 03:41:00,0.00288958,00:10 - 08:10,35,0
2023-01-02 03:42:00,0.00292775,00:10 - 08:10,35,0
2023-01-02 03:43:00,0.00294724,00:10 - 08:10,35,0
2023-01-02 03:44:00,0.00296491,00:10 - 08:10,35,0
2023-01-02 03:45:00,0.00298408,00:10 - 08:10,35,0
2023-01-02 03:46:00,0.00301741,00:10 - 08:10,35,0
2023-01-02 03:47:00,0.00303574,00:10 - 08:10,35,0
2023-01-02 03:48:00,0.00306158,00:10 - 08:10,35,0
2023-01-02 03:49:00,0.00309225,00:10 - 08:10,35,0
2023-01-02 03:50:00,0.00313308,00:10 - 08:10,35,0
2023-01-02 03:51:00,0.00315208,00:10 - 08:10,35,0
2023-01-02 03:52:00,0.00316875,00:10 - 08:10,35,0
2023-01-02 03:53:00,0.00320158,00:10 - 08:10,35,0
2023-01-02 03:54:00,0.00324841,00:10 - 08:10,35,0
2023-01-02 03:55:00,0.00328174,00:10 - 08:10,35,0
2023-01-02 03:56:00,0.00330774,00:10 - 08:10,35,0
2023-01-02 03:57:00,0.00332391,00:10 - 08:10,35,0
2023-01-02 03:58:00,0.00335074,00:10 - 08:10,35,0
2023-01-02 03:59:00,0.00438558,00:10 - 08:10,35,0
2023-01-02 04:00:00,0.00440741,00:10 - 08:10,35,0
2023-01-02 04:01:00,0.00444074,00:10 - 08:10,35,0
2023-01-02 04:02:00,0.00446624,00:10 - 08:10,35,0
2023-01-02 04:03:00,0.00448291,00:10 - 08:10,35,0
2023-01-02 04:04:00,0.00451624,00:10 - 08:10,35,0
2023-01-02 04:05:00,0.00454174,00:10 - 08:10,35,0
2023-01-02 04:06:00,0.00456041,00:10 - 08:10,35,0
2023-01-02 04:07:00,0.00457158,00:10 - 08:10,35,0
2023-01-02 04:08:00,0.00458174,00:10 - 08:10,35,0
2023-01-02 04:09:00,0.00459841,00:10 - 08:10,35,0
2023-01-02 04:10:00,0.00463175,00:10 - 08:10,35,0
2023-01-02 04:11:00,0.00463608,00:10 - 08:10,35,0
2023-01-02 04:12:00,0.00464691,00:10 - 08:10,35,0
2023-01-02 04:13:00,0.00465575,00:10 - 08:10,35,0
2023-01-02 04:14:00,0.00467925,00:10 - 08:10,35,0
2023-01-02 04:15:00,0.00469591,00:10 - 08:10,35,0
2023-01-02 04:16:00,0.00469141,00:10 - 08:10,35,0
2023-01-02 04:17:00,0.00470024,00:10 - 08:10,35,0
2023-01-02 04:18:00,0.00469125,00:10 - 08:10,35,0
2023-01-02 04:19:00,0.00468624,00:10 - 08:10,35,0
2023-01-02 04:20:00,0.00466958,00:10 - 08:10,35,0
2023-01-02 04:21:00,0.00466258,00:10 - 08:10,35,0
2023-01-02 04:22:00,0.00465341,00:10 - 08:10,35,0
2023-01-02 04:23:00,0.00465874,00:10 - 08:10,35,0
2023-01-02 04:24:00,0.00464791,00:10 - 08:10,35,0
2023-01-02 04:25:00,0.00463408,00:10 - 08:10,35,0
2023-01-02 04:26:00,0.00465074,00:10 - 08:10,35,0
2023-01-02 04:27:00,0.00463508,00:10 - 08:10,35,0
2023-01-02 04:28:00,0.00462408,00:10 - 08:10,35,0
2023-01-02 04:29:00,0.00461424,00:10 - 08:10,35,0
2023-01-02 04:30:00,0.00461024,00:10 - 08:10,35,0
2023-01-02 04:31:00,0.00460808,00:10 - 08:10,35,0
2023-01-02 04:32:00,0.00460808,00:10 - 08:10,35,0
2023-01-02 04:33:00,0.00460808,00:10 - 08:10,35,0
2023-01-02 04:34:00,0.00460408,00:10 - 08:10,35,0
2023-01-02 04:35:00,0.00461208,00:10 - 08:10,35,0
2023-01-02 04:36:00,0.00459541,00:10 - 08:10,35,0
2023-01-02 04:37:00,0.00459891,00:10 - 08:10,35,0
2023-01-02 04:38:00,0.00461558,00:10 - 08:10,35,0
2023-01-02 04:39:00,0.00459508,00:10 - 08:10,35,0
2023-01-02 04:40:00,0.00459508,00:10 - 08:10,35,0
2023-01-02 04:41:00,0.00458541,00:10 - 08:10,35,0
2023-01-02 04:42:00,0.00458408,00:10 - 08:10,35,0
2023-01-02 04:43:00,0.00457891,00:10 - 08:10,35,0
2023-01-02 04:44:00,0.00457891,00:10 - 08:10,35,0
2023-01-02 04:45:00,0.00457741,00:10 - 08:10,35,0
2023-01-02 04:46:00,0.00457508,00:10 - 08:10,35,0
2023-01-02 04:47:00,0.00457591,00:10 - 08:10,35,0
2023-01-02 04:48:00,0.00457908,00:10 - 08:10,35,0
2023-01-02 04:49:00,0.00457541,00:10 - 08:10,35,0
2023-01-02 04:50:00,0.00457541,00:10 - 08:10,35,0
2023-01-02 04:51:00,0.00458708,00:10 - 08:10,35,0
2023-01-02 04:52:00,0.00458324,00:10 - 08:10,35,0
2023-01-02 04:53:00,0.00458375,00:10 - 08:10,35,0
2023-01-02 04:54:00,0.00458658,00:10 - 08:10,35,0
2023-01-02 04:55:00,0.00458191,00:10 - 08:10,35,0
2023-01-02 04:56:00,0.00458191,00:10 - 08:10,35,0
2023-01-02 04:57:00,0.00459591,00:10 - 08:10,35,0
2023-01-02 04:58:00,0.00461008,00:10 - 08:10,35,0
2023-01-02 04:59:00,0.00460991,00:10 - 08:10,35,0
2023-01-02 05:00:00,0.00461024,00:10 - 08:10,35,0
2023-01-02 05:01:00,0.00461191,00:10 - 08:10,35,0
2023-01-02 05:02:00,0.00461191,00:10 - 08:10,35,0
2023-01-02 05:03:00,0.00461174,00:10 - 08:10,35,0
2023-01-02 05:04:00,0.00461141,00:10 - 08:10,35,0
2023-01-02 05:05:00,0.00461374,00:10 - 08:10,35,0
2023-01-02 05:06:00,0.00461874,00:10 - 08:10,35,0
2023-01-02 05:07:00,0.00461741,00:10 - 08:10,35,0
2023-01-02 05:08:00,0.00463408,00:10 - 08:10,35,0
2023-01-02 05:09:00,0.00463025,00:10 - 08:10,35,0
2023-01-02 05:10:00,0.00461324,00:10 - 08:10,35,0
2023-01-02 05:11:00,0.00461324,00:10 - 08:10,35,0
2023-01-02 05:12:00,0.00461908,00:10 - 08:10,35,0
2023-01-02 05:13:00,0.00461908,00:10 - 08:10,35,0
2023-01-02 05:14:00,0.00462508,00:10 - 08:10,35,0
2023-01-02 05:15:00,0.00462691,00:10 - 08:10,35,0
2023-01-02 05:16:00,0.00462658,00:10 - 08:10,35,0
2023-01-02 05:17:00,0.00460608,00:10 - 08:10,35,0
2023-01-02 05:18:00,0.00459874,00:10 - 08:10,35,0
2023-01-02 05:19:00,0.00459874,00:10 - 08:10,35,0
2023-01-02 05:20:00,0.00459324,00:10 - 08:10,35,0
2023-01-02 05:21:00,0.00458941,00:10 - 08:10,35,0
2023-01-02 05:22:00,0.00458624,00:10 - 08:10,35,0
2023-01-02 05:23:00,0.00458358,00:10 - 08:10,35,0
2023-01-02 05:24:00,0.00458791,00:10 - 08:10,35,0
2023-01-02 05:25:00,0.00458791,00:10 - 08:10,35,0
2023-01-02 05:26:00,0.00458791,00:10 - 08:10,35,0
2023-01-02 05:27:00,0.00458424,00:10 - 08:10,35,0
2023-01-02 05:28:00,0.00460908,00:10 - 08:10,35,0
2023-01-02 05:29:00,0.00460091,00:10 - 08:10,35,0
2023-01-02 05:30:00,0.00461041,00:10 - 08:10,35,0
2023-01-02 05:31:00,0.00461041,00:10 - 08:10,35,0
2023-01-02 05:32:00,0.00461791,00:10 - 08:10,35,0
2023-01-02 05:33:00,0.00462158,00:10 - 08:10,35,0
2023-01-02 05:34:00,0.00462458,00:10 - 08:10,35,0
2023-01-02 05:35:00,0.00462841,00:10 - 08:10,35,0
2023-01-02 05:36:00,0.00464908,00:10 - 08:10,35,0
2023-01-02 05:37:00,0.00464908,00:10 - 08:10,35,0
2023-01-02 05:38:00,0.00465124,00:10 - 08:10,35,0
2023-01-02 05:39:00,0.00465324,00:10 - 08:10,35,0
2023-01-02 05:40:00,0.00465324,00:10 - 08:10,35,0
2023-01-02 05:41:00,0.00466224,00:10 - 08:10,35,0
2023-01-02 05:42:00,0.00467891,00:10 - 08:10,35,0
2023-01-02 05:43:00,0.00468341,00:10 - 08:10,35,0
2023-01-02 05:44:00,0.00470324,00:10 - 08:10,35,0
2023-01-02 05:45:00,0.00469391,00:10 - 08:10,35,0
2023-01-02 05:46:00,0.00469191,00:10 - 08:10,35,0
2023-01-02 05:47:00,0.00470341,00:10 - 08:10,35,0
2023-01-02 05:48:00,0.00470341,00:10 - 08:10,35,0
2023-01-02 05:49:00,0.00469775,00:10 - 08:10,35,0
2023-01-02 05:50:00,0.00469191,00:10 - 08:10,35,0
2023-01-02 05:51:00,0.00469275,00:10 - 08:10,35,0
2023-01-02 05:52:00,0.00469108,00:10 - 08:10,35,0
2023-01-02 05:53:00,0.00469008,00:10 - 08:10,35,0
2023-01-02 05:54:00,0.00469008,00:10 - 08:10,35,0
2023-01-02 05:55:00,0.00468291,00:10 - 08:10,35,0
2023-01-02 05:56:00,0.00467441,00:10 - 08:10,35,0
2023-01-02 05:57:00,0.00465008,00:10 - 08:10,35,0
2023-01-02 05:58:00,0.00465008,00:10 - 08:10,35,0
2023-01-02 05:59:00,0.00463591,00:10 - 08:10,35,0
2023-01-02 06:00:00,0.00463591,00:10 - 08:10,35,0
2023-01-02 06:01:00,0.00462941,00:10 - 08:10,35,0
2023-01-02 06:02:00,0.00462691,00:10 - 08:10,35,0
2023-01-02 06:03:00,0.00462574,00:10 - 08:10,35,0
2023-01-02 06:04:00,0.00462391,00:10 - 08:10,35,0
2023-01-02 06:05:00,0.00461208,00:10 - 08:10,35,0
2023-01-02 06:06:00,0.00461208,00:10 - 08:10,35,0
2023-01-02 06:07:00,0.00461658,00:10 - 08:10,35,0
2023-01-02 06:08:00,0.00462258,00:10 - 08:10,35,0
2023-01-02 06:09:00,0.00460741,00:10 - 08:10,35,0
2023-01-02 06:10:00,0.00460958,00:10 - 08:10,35,0
2023-01-02 06:11:00,0.00459291,00:10 - 08:10,35,0
2023-01-02 06:12:00,0.00459808,00:10 - 08:10,35,0
2023-01-02 06:13:00,0.00460824,00:10 - 08:10,35,0
2023-01-02 06:14:00,0.00460841,00:10 - 08:10,35,0
2023-01-02 06:15:00,0.00460841,00:10 - 08:10,35,0
2023-01-02 06:16:00,0.00460025,00:10 - 08:10,35,0
2023-01-02 06:17:00,0.00460025,00:10 - 08:10,35,0
2023-01-02 06:18:00,0.00459325,00:10 - 08:10,35,0
2023-01-02 06:19:00,0.00457375,00:10 - 08:10,35,0
2023-01-02 06:20:00,0.00457041,00:10 - 08:10,35,0
2023-01-02 06:21:00,0.00457358,00:10 - 08:10,35,0
2023-01-02 06:22:00,0.00457508,00:10 - 08:10,35,0
2023-01-02 06:23:00,0.00457508,00:10 - 08:10,35,0
2023-01-02 06:24:00,0.00457491,00:10 - 08:10,35,0
2023-01-02 06:25:00,0.00457191,00:10 - 08:10,35,0
2023-01-02 06:26:00,0.00456491,00:10 - 08:10,35,0
2023-01-02 06:27:00,0.00457524,00:10 - 08:10,35,0
2023-01-02 06:28:00,0.00456925,00:10 - 08:10,35,0
2023-01-02 06:29:00,0.00458591,00:10 - 08:10,35,0
2023-01-02 06:30:00,0.00458058,00:10 - 08:10,35,0
2023-01-02 06:31:00,0.00459041,00:10 - 08:10,35,0
2023-01-02 06:32:00,0.00460624,00:10 - 08:10,35,0
2023-01-02 06:33:00,0.00459108,00:10 - 08:10,35,0
2023-01-02 06:34:00,0.00458891,00:10 - 08:10,35,0
2023-01-02 06:35:00,0.00458891,00:10 - 08:10,35,0
2023-01-02 06:36:00,0.00458241,00:10 - 08:10,35,0
2023-01-02 06:37:00,0.00458241,00:10 - 08:10,35,0
2023-01-02 06:38:00,0.00457041,00:10 - 08:10,35,0
2023-01-02 06:39:00,0.00456725,00:10 - 08:10,35,0
2023-01-02 06:40:00,0.00456725,00:10 - 08:10,35,0
2023-01-02 06:41:00,0.00456458,00:10 - 08:10,35,0
2023-01-02 06:42:00,0.00456375,00:10 - 08:10,35,0
2023-01-02 06:43:00,0.00456475,00:10 - 08:10,35,0
2023-01-02 06:44:00,0.00456091,00:10 - 08:10,35,0
2023-01-02 06:45:00,0.00456008,00:10 - 08:10,35,0
2023-01-02 06:46:00,0.00456008,00:10 - 08:10,35,0
2023-01-02 06:47:00,0.00455491,00:10 - 08:10,35,0
2023-01-02 06:48:00,0.00457041,00:10 - 08:10,35,0
2023-01-02 06:49:00,0.00456775,00:10 - 08:10,35,0
2023-01-02 06:50:00,0.00456458,00:10 - 08:10,35,0
2023-01-02 06:51:00,0.00456325,00:10 - 08:10,35,0
2023-01-02 06:52:00,0.00456325,00:10 - 08:10,35,0
2023-01-02 06:53:00,0.00456325,00:10 - 08:10,35,0
2023-01-02 06:54:00,0.00455991,00:10 - 08:10,35,0
2023-01-02 06:55:00,0.00455408,00:10 - 08:10,35,0
2023-01-02 06:56:00,0.00454791,00:10 - 08:10,35,0
2023-01-02 06:57:00,0.00454791,00:10 - 08:10,35,0
2023-01-02 06:58:00,0.00454125,00:10 - 08:10,35,0
2023-01-02 06:59:00,0.00453675,00:10 - 08:10,35,0
2023-01-02 07:00:00,0.00453224,00:10 - 08:10,35,0
2023-01-02 07:01:00,0.00452808,00:10 - 08:10,35,0
2023-01-02 07:02:00,0.00452641,00:10 - 08:10,35,0
2023-01-02 07:03:00,0.00452641,00:10 - 08:10,35,0
2023-01-02 07:04:00,0.00452508,00:10 - 08:10,35,0
2023-01-02 07:05:00,0.00452341,00:10 - 08:10,35,0
2023-01-02 07:06:00,0.00452008,00:10 - 08:10,35,0
2023-01-02 07:07:00,0.00451708,00:10 - 08:10,35,0
2023-01-02 07:08:00,0.00452158,00:10 - 08:10,35,0
2023-01-02 07:09:00,0.00450491,00:10 - 08:10,35,0
2023-01-02 07:10:00,0.00452725,00:10 - 08:10,35,0
2023-01-02 07:11:00,0.00452591,00:10 - 08:10,35,0
2023-01-02 07:12:00,0.00452425,00:10 - 08:10,35,0
2023-01-02 07:13:00,0.00452425,00:10 - 08:10,35,0
2023-01-02 07:14:00,0.00452425,00:10 - 08:10,35,0
2023-01-02 07:15:00,0.00451308,00:10 - 08:10,35,0
2023-01-02 07:16:00,0.00444075,00:10 - 08:10,35,0
2023-01-02 07:17:00,0.00449224,00:10 - 08:10,35,0
2023-01-02 07:18:00,0.00448541,00:10 - 08:10,35,0
2023-01-02 07:19:00,0.00449224,00:10 - 08:10,35,0
2023-01-02 07:20:00,0.00449224,00:10 - 08:10,35,0
2023-01-02 07:21:00,0.00450158,00:10 - 08:10,35,0
2023-01-02 07:22:00,0.00449174,00:10 - 08:10,35,0
2023-01-02 07:23:00,0.00451108,00:10 - 08:10,35,0
2023-01-02 07:24:00,0.00449725,00:10 - 08:10,35,0
2023-01-02 07:25:00,0.00450075,00:10 - 08:10,35,0
2023-01-02 07:26:00,0.00450075,00:10 - 08:10,35,0
2023-01-02 07:27:00,0.00451191,00:10 - 08:10,35,0
2023-01-02 07:28:00,0.00451041,00:10 - 08:10,35,0
2023-01-02 07:29:00,0.00449374,00:10 - 08:10,35,0
2023-01-02 07:30:00,0.00452775,00:10 - 08:10,35,0
2023-01-02 07:31:00,0.00451108,00:10 - 08:10,35,0
2023-01-02 07:32:00,0.00453025,00:10 - 08:10,35,0
2023-01-02 07:33:00,0.00453025,00:10 - 08:10,35,0
2023-01-02 07:34:00,0.00452441,00:10 - 08:10,35,0
2023-01-02 07:35:00,0.00451674,00:10 - 08:10,35,0
2023-01-02 07:36:00,0.00451158,00:10 - 08:10,35,0
2023-01-02 07:37:00,0.00451158,00:10 - 08:10,35,0
2023-01-02 07:38:00,0.00450875,00:10 - 08:10,35,0
2023-01-02 07:39:00,0.00450875,00:10 - 08:10,35,0
2023-01-02 07:40:00,0.00452191,00:10 - 08:10,35,0
2023-01-02 07:41:00,0.00453008,00:10 - 08:10,35,0
2023-01-02 07:42:00,0.00453208,00:10 - 08:10,35,0
2023-01-02 07:43:00,0.00453208,00:10 - 08:10,35,0
2023-01-02 07:44:00,0.00453325,00:10 - 08:10,35,0
2023-01-02 07:45:00,0.00452125,00:10 - 08:10,35,0
2023-01-02 07:46:00,0.00453991,00:10 - 08:10,35,0
2023-01-02 07:47:00,0.00452324,00:10 - 08:10,35,0
2023-01-02 07:48:00,0.00453675,00:10 - 08:10,35,0
2023-01-02 07:49:00,0.00452008,00:10 - 08:10,35,0
2023-01-02 07:50:00,0.00452241,00:10 - 08:10,35,0
2023-01-02 07:51:00,0.00454091,00:10 - 08:10,35,0
2023-01-02 07:52:00,0.00453808,00:10 - 08:10,35,0
2023-01-02 07:53:00,0.00452975,00:10 - 08:10,35,0
2023-01-02 07:54:00,0.00450624,00:10 - 08:10,35,0
2023-01-02 07:55:00,0.00448958,00:10 - 08:10,35,0
2023-01-02 07:56:00,0.00448241,00:10 - 08:10,35,0
2023-01-02 07:57:00,0.00446075,00:10 - 08:10,35,0
2023-01-02 07:58:00,0.00445108,00:10 - 08:10,35,0
2023-01-02 07:59:00,0.00444458,00:10 - 08:10,35,0
2023-01-02 08:00:00,0.00462191,00:10 - 08:10,35,0
2023-01-02 08:01:00,0.00208053,00:10 - 08:10,35,0
2023-01-02 08:02:00,0.0028157,00:10 - 08:10,35,0
2023-01-02 08:03:00,0.00277037,00:10 - 08:10,35,0
2023-01-02 08:04:00,0.00293103,00:10 - 08:10,35,0
2023-01-02 08:05:00,0.0028032,00:10 - 08:10,35,0
2023-01-02 08:06:00,0.0031982,00:10 - 08:10,35,0
2023-01-02 08:07:00,0.00368153,00:10 - 08:10,35,0
2023-01-02 08:08:00,0.00381487,00:10 - 08:10,35,0
2023-01-02 08:09:00,0.00384053,00:10 - 08:10,35,0
2023-01-02 08:10:00,0.0039207,08:10 - 16:10,36,0
2023-01-02 08:11:00,0.0039452,08:10 - 16:10,36,0
2023-01-02 08:12:00,0.0039952,08:10 - 16:10,36,0
2023-01-02 08:13:00,0.00407037,08:10 - 16:10,36,0
2023-01-02 08:14:00,0.0040932,08:10 - 16:10,36,0
2023-01-02 08:15:00,0.00422403,08:10 - 16:10,36,0
2023-01-02 08:16:00,0.00425737,08:10 - 16:10,36,0
2023-01-02 08:17:00,0.00432053,08:10 - 16:10,36,0
2023-01-02 08:18:00,0.00437053,08:10 - 16:10,36,0
2023-01-02 08:19:00,0.00432237,08:10 - 16:10,36,0
2023-01-02 08:20:00,0.00421553,08:10 - 16:10,36,0
2023-01-02 08:21:00,0.0041812,08:10 - 16:10,36,0
2023-01-02 08:22:00,0.0040017,08:10 - 16:10,36,0
2023-01-02 08:23:00,0.00383603,08:10 - 16:10,36,0
2023-01-02 08:24:00,0.00368603,08:10 - 16:10,36,0
2023-01-02 08:25:00,0.00345437,08:10 - 16:10,36,0
2023-01-02 08:26:00,0.00326203,08:10 - 16:10,36,0
2023-01-02 08:27:00,0.00312253,08:10 - 16:10,36,0
2023-01-02 08:28:00,0.0031072,08:10 - 16:10,36,0
2023-01-02 08:29:00,0.00297387,08:10 - 16:10,36,0
2023-01-02 08:30:00,0.00284237,08:10 - 16:10,36,0
2023-01-02 08:31:00,0.00279187,08:10 - 16:10,36,0
2023-01-02 08:32:00,0.00268303,08:10 - 16:10,36,0
2023-01-02 08:33:00,0.0026057,08:10 - 16:10,36,0
2023-01-02 08:34:00,0.0026912,08:10 - 16:10,36,0
2023-01-02 08:35:00,0.00267453,08:10 - 16:10,36,0
2023-01-02 08:36:00,0.00266687,08:10 - 16:10,36,0
2023-01-02 08:37:00,0.00270437,08:10 - 16:10,36,0
2023-01-02 08:38:00,0.00265803,08:10 - 16:10,36,0
2023-01-02 08:39:00,0.0026012,08:10 - 16:10,36,0
2023-01-02 08:40:00,0.0026242,08:10 - 16:10,36,0
2023-01-02 08:41:00,0.00260753,08:10 - 16:10,36,0
2023-01-02 08:42:00,0.00265137,08:10 - 16:10,36,0
2023-01-02 08:43:00,0.00270953,08:10 - 16:10,36,0
2023-01-02 08:44:00,0.00272503,08:10 - 16:10,36,0
2023-01-02 08:45:00,0.00269187,08:10 - 16:10,36,0
2023-01-02 08:46:00,0.00265987,08:10 - 16:10,36,0
2023-01-02 08:47:00,0.00265987,08:10 - 16:10,36,0
2023-01-02 08:48:00,0.0026652,08:10 - 16:10,36,0
2023-01-02 08:49:00,0.00268187,08:10 - 16:10,36,0
2023-01-02 08:50:00,0.00268787,08:10 - 16:10,36,0
2023-01-02 08:51:00,0.00272103,08:10 - 16:10,36,0
2023-01-02 08:52:00,0.00270437,08:10 - 16:10,36,0
2023-01-02 08:53:00,0.00269987,08:10 - 16:10,36,0
2023-01-02 08:54:00,0.00269687,08:10 - 16:10,36,0
2023-01-02 08:55:00,0.0026672,08:10 - 16:10,36,0
2023-01-02 08:56:00,0.00261903,08:10 - 16:10,36,0
2023-01-02 08:57:00,0.00255237,08:10 - 16:10,36,0
2023-01-02 08:58:00,0.00247953,08:10 - 16:10,36,0
2023-01-02 08:59:00,0.00242953,08:10 - 16:10,36,0
2023-01-02 09:00:00,0.00239853,08:10 - 16:10,36,0
2023-01-02 09:01:00,0.00234803,08:10 - 16:10,36,0
2023-01-02 09:02:00,0.00228137,08:10 - 16:10,36,0
2023-01-02 09:03:00,0.00227537,08:10 - 16:10,36,0
2023-01-02 09:04:00,0.00219203,08:10 - 16:10,36,0
2023-01-02 09:05:00,0.00213137,08:10 - 16:10,36,0
2023-01-02 09:06:00,0.00212303,08:10 - 16:10,36,0
2023-01-02 09:07:00,0.0021397,08:10 - 16:10,36,0
2023-01-02 09:08:00,0.0021112,08:10 - 16:10,36,0
2023-01-02 09:09:00,0.00209787,08:10 - 16:10,36,0
2023-01-02 09:10:00,0.0020812,08:10 - 16:10,36,0
2023-01-02 09:11:00,0.00204303,08:10 - 16:10,36,0
2023-01-02 09:12:00,0.00202653,08:10 - 16:10,36,0
2023-01-02 09:13:00,0.00200337,08:10 - 16:10,36,0
2023-01-02 09:14:00,0.00199453,08:10 - 16:10,36,0
2023-01-02 09:15:00,0.00198837,08:10 - 16:10,36,0
2023-01-02 09:16:00,0.00198837,08:10 - 16:10,36,0
2023-01-02 09:17:00,0.0019382,08:10 - 16:10,36,0
2023-01-02 09:18:00,0.00190353,08:10 - 16:10,36,0
2023-01-02 09:19:00,0.00186853,08:10 - 16:10,36,0
2023-01-02 09:20:00,0.0018592,08:10 - 16:10,36,0
2023-01-02 09:21:00,0.00184553,08:10 - 16:10,36,0
2023-01-02 09:22:00,0.00182887,08:10 - 16:10,36,0
2023-01-02 09:23:00,0.0018207,08:10 - 16:10,36,0
2023-01-02 09:24:00,0.00178853,08:10 - 16:10,36,0
2023-01-02 09:25:00,0.0017877,08:10 - 16:10,36,0
2023-01-02 09:26:00,0.0017877,08:10 - 16:10,36,0
2023-01-02 09:27:00,0.00178187,08:10 - 16:10,36,0
2023-01-02 09:28:00,0.00178187,08:10 - 16:10,36,0
2023-01-02 09:29:00,0.0017612,08:10 - 16:10,36,0
2023-01-02 09:30:00,0.00177303,08:10 - 16:10,36,0
2023-01-02 09:31:00,0.00179887,08:10 - 16:10,36,0
2023-01-02 09:32:00,0.0018322,08:10 - 16:10,36,0
2023-01-02 09:33:00,0.00183837,08:10 - 16:10,36,0
2023-01-02 09:34:00,0.00183837,08:10 - 16:10,36,0
2023-01-02 09:35:00,0.00182103,08:10 - 16:10,36,0
2023-01-02 09:36:00,0.00181587,08:10 - 16:10,36,0
2023-01-02 09:37:00,0.00179803,08:10 - 16:10,36,0
2023-01-02 09:38:00,0.0017782,08:10 - 16:10,36,0
2023-01-02 09:39:00,0.0017972,08:10 - 16:10,36,0
2023-01-02 09:40:00,0.0017972,08:10 - 16:10,36,0
2023-01-02 09:41:00,0.0018027,08:10 - 16:10,36,0
2023-01-02 09:42:00,0.00183603,08:10 - 16:10,36,0
2023-01-02 09:43:00,0.00185187,08:10 - 16:10,36,0
2023-01-02 09:44:00,0.00186853,08:10 - 16:10,36,0
2023-01-02 09:45:00,0.00184453,08:10 - 16:10,36,0
2023-01-02 09:46:00,0.00182787,08:10 - 16:10,36,0
2023-01-02 09:47:00,0.0018117,08:10 - 16:10,36,0
2023-01-02 09:48:00,0.00177487,08:10 - 16:10,36,0
2023-01-02 09:49:00,0.0017532,08:10 - 16:10,36,0
2023-01-02 09:50:00,0.00174637,08:10 - 16:10,36,0
2023-01-02 09:51:00,0.00174637,08:10 - 16:10,36,0
2023-01-02 09:52:00,0.0017297,08:10 - 16:10,36,0
2023-01-02 09:53:00,0.00172087,08:10 - 16:10,36,0
2023-01-02 09:54:00,0.00168653,08:10 - 16:10,36,0
2023-01-02 09:55:00,0.00168087,08:10 - 16:10,36,0
2023-01-02 09:56:00,0.00164753,08:10 - 16:10,36,0
2023-01-02 09:57:00,0.00161287,08:10 - 16:10,36,0
2023-01-02 09:58:00,0.00156153,08:10 - 16:10,36,0
2023-01-02 09:59:00,0.00153087,08:10 - 16:10,36,0
2023-01-02 10:00:00,0.0015007,08:10 - 16:10,36,0
2023-01-02 10:01:00,0.00147487,08:10 - 16:10,36,0
2023-01-02 10:02:00,0.00144103,08:10 - 16:10,36,0
2023-01-02 10:03:00,0.0013992,08:10 - 16:10,36,0
2023-01-02 10:04:00,0.00135687,08:10 - 16:10,36,0
2023-01-02 10:05:00,0.0013317,08:10 - 16:10,36,0
2023-01-02 10:06:00,0.0012867,08:10 - 16:10,36,0
2023-01-02 10:07:00,0.0012582,08:10 - 16:10,36,0
2023-01-02 10:08:00,0.00122487,08:10 - 16:10,36,0
2023-01-02 10:09:00,0.00117487,08:10 - 16:10,36,0
2023-01-02 10:10:00,0.00116287,08:10 - 16:10,36,0
2023-01-02 10:11:00,0.0011462,08:10 - 16:10,36,0
2023-01-02 10:12:00,0.00109903,08:10 - 16:10,36,0
2023-01-02 10:13:00,0.00106787,08:10 - 16:10,36,0
2023-01-02 10:14:00,0.00101787,08:10 - 16:10,36,0
2023-01-02 10:15:00,0.0010207,08:10 - 16:10,36,0
2023-01-02 10:16:00,0.0010207,08:10 - 16:10,36,0
2023-01-02 10:17:00,0.0010122,08:10 - 16:10,36,0
2023-01-02 10:18:00,0.00102653,08:10 - 16:10,36,0
2023-01-02 10:19:00,0.00104303,08:10 - 16:10,36,0
2023-01-02 10:20:00,0.00104303,08:10 - 16:10,36,0
2023-01-02 10:21:00,0.00104137,08:10 - 16:10,36,0
2023-01-02 10:22:00,0.00103803,08:10 - 16:10,36,0
2023-01-02 10:23:00,0.00102353,08:10 - 16:10,36,0
2023-01-02 10:24:00,0.0010062,08:10 - 16:10,36,0
2023-01-02 10:25:00,0.00102803,08:10 - 16:10,36,0
2023-01-02 10:26:00,0.00102803,08:10 - 16:10,36,0
2023-01-02 10:27:00,0.0010292,08:10 - 16:10,36,0
2023-01-02 10:28:00,0.00104637,08:10 - 16:10,36,0
2023-01-02 10:29:00,0.00104387,08:10 - 16:10,36,0
2023-01-02 10:30:00,0.00104437,08:10 - 16:10,36,0
2023-01-02 10:31:00,0.00104437,08:10 - 16:10,36,0
2023-01-02 10:32:00,0.00106353,08:10 - 16:10,36,0
2023-01-02 10:33:00,0.0010802,08:10 - 16:10,36,0
2023-01-02 10:34:00,0.00108287,08:10 - 16:10,36,0
2023-01-02 10:35:00,0.00109403,08:10 - 16:10,36,0
2023-01-02 10:36:00,0.00109087,08:10 - 16:10,36,0
2023-01-02 10:37:00,0.00109087,08:10 - 16:10,36,0
2023-01-02 10:38:00,0.00110437,08:10 - 16:10,36,0
2023-01-02 10:39:00,0.00112103,08:10 - 16:10,36,0
2023-01-02 10:40:00,0.00110403,08:10 - 16:10,36,0
2023-01-02 10:41:00,0.00109787,08:10 - 16:10,36,0
2023-01-02 10:42:00,0.00109787,08:10 - 16:10,36,0
2023-01-02 10:43:00,0.0011157,08:10 - 16:10,36,0
2023-01-02 10:44:00,0.00111453,08:10 - 16:10,36,0
2023-01-02 10:45:00,0.00111287,08:10 - 16:10,36,0
2023-01-02 10:46:00,0.00110653,08:10 - 16:10,36,0
2023-01-02 10:47:00,0.00108987,08:10 - 16:10,36,0
2023-01-02 10:48:00,0.00108687,08:10 - 16:10,36,0
2023-01-02 10:49:00,0.00108687,08:10 - 16:10,36,0
2023-01-02 10:50:00,0.00108687,08:10 - 16:10,36,0
2023-01-02 10:51:00,0.0010857,08:10 - 16:10,36,0
2023-01-02 10:52:00,0.0010857,08:10 - 16:10,36,0
2023-01-02 10:53:00,0.00110253,08:10 - 16:10,36,0
2023-01-02 10:54:00,0.00111737,08:10 - 16:10,36,0
2023-01-02 10:55:00,0.00111737,08:10 - 16:10,36,0
2023-01-02 10:56:00,0.0011177,08:10 - 16:10,36,0
2023-01-02 10:57:00,0.00113653,08:10 - 16:10,36,0
2023-01-02 10:58:00,0.00114103,08:10 - 16:10,36,0
2023-01-02 10:59:00,0.0011452,08:10 - 16:10,36,0
2023-01-02 11:00:00,0.0011617,08:10 - 16:10,36,0
2023-01-02 11:01:00,0.0011617,08:10 - 16:10,36,0
2023-01-02 11:02:00,0.00116503,08:10 - 16:10,36,0
2023-01-02 11:03:00,0.00117137,08:10 - 16:10,36,0
2023-01-02 11:04:00,0.0011827,08:10 - 16:10,36,0
2023-01-02 11:05:00,0.00119287,08:10 - 16:10,36,0
2023-01-02 11:06:00,0.00120387,08:10 - 16:10,36,0
2023-01-02 11:07:00,0.00122053,08:10 - 16:10,36,0
2023-01-02 11:08:00,0.00121353,08:10 - 16:10,36,0
2023-01-02 11:09:00,0.0012262,08:10 - 16:10,36,0
2023-01-02 11:10:00,0.0012217,08:10 - 16:10,36,0
2023-01-02 11:11:00,0.00122037,08:10 - 16:10,36,0
2023-01-02 11:12:00,0.00122037,08:10 - 16:10,36,0
2023-01-02 11:13:00,0.0012197,08:10 - 16:10,36,0
2023-01-02 11:14:00,0.00122137,08:10 - 16:10,36,0
2023-01-02 11:15:00,0.00122137,08:10 - 16:10,36,0
2023-01-02 11:16:00,0.0012382,08:10 - 16:10,36,0
2023-01-02 11:17:00,0.00123503,08:10 - 16:10,36,0
2023-01-02 11:18:00,0.00122653,08:10 - 16:10,36,0
2023-01-02 11:19:00,0.0012312,08:10 - 16:10,36,0
2023-01-02 11:20:00,0.0012312,08:10 - 16:10,36,0
2023-01-02 11:21:00,0.00120837,08:10 - 16:10,36,0
2023-01-02 11:22:00,0.00120203,08:10 - 16:10,36,0
2023-01-02 11:23:00,0.00120203,08:10 - 16:10,36,0
2023-01-02 11:24:00,0.0011782,08:10 - 16:10,36,0
2023-01-02 11:25:00,0.00116953,08:10 - 16:10,36,0
2023-01-02 11:26:00,0.0011617,08:10 - 16:10,36,0
2023-01-02 11:27:00,0.00115553,08:10 - 16:10,36,0
2023-01-02 11:28:00,0.00113553,08:10 - 16:10,36,0
2023-01-02 11:29:00,0.0011432,08:10 - 16:10,36,0
2023-01-02 11:30:00,0.0011432,08:10 - 16:10,36,0
2023-01-02 11:31:00,0.0011342,08:10 - 16:10,36,0
2023-01-02 11:32:00,0.0011317,08:10 - 16:10,36,0
2023-01-02 11:33:00,0.00113203,08:10 - 16:10,36,0
2023-01-02 11:34:00,0.0011242,08:10 - 16:10,36,0
2023-01-02 11:35:00,0.0011242,08:10 - 16:10,36,0
2023-01-02 11:36:00,0.00113437,08:10 - 16:10,36,0
2023-01-02 11:37:00,0.00114103,08:10 - 16:10,36,0
2023-01-02 11:38:00,0.0011312,08:10 - 16:10,36,0
2023-01-02 11:39:00,0.0011327,08:10 - 16:10,36,0
2023-01-02 11:40:00,0.00115503,08:10 - 16:10,36,0
2023-01-02 11:41:00,0.00115503,08:10 - 16:10,36,0
2023-01-02 11:42:00,0.0011717,08:10 - 16:10,36,0
2023-01-02 11:43:00,0.00118637,08:10 - 16:10,36,0
2023-01-02 11:44:00,0.00118903,08:10 - 16:10,36,0
2023-01-02 11:45:00,0.0012067,08:10 - 16:10,36,0
2023-01-02 11:46:00,0.0011977,08:10 - 16:10,36,0
2023-01-02 11:47:00,0.0011977,08:10 - 16:10,36,0
2023-01-02 11:48:00,0.00120937,08:10 - 16:10,36,0
2023-01-02 11:49:00,0.00122087,08:10 - 16:10,36,0
2023-01-02 11:50:00,0.00124503,08:10 - 16:10,36,0
2023-01-02 11:51:00,0.00126753,08:10 - 16:10,36,0
2023-01-02 11:52:00,0.0013067,08:10 - 16:10,36,0
2023-01-02 11:53:00,0.0013232,08:10 - 16:10,36,0
2023-01-02 11:54:00,0.00136353,08:10 - 16:10,36,0
2023-01-02 11:55:00,0.0013897,08:10 - 16:10,36,0
2023-01-02 11:56:00,0.0014107,08:10 - 16:10,36,0
2023-01-02 11:57:00,0.00143387,08:10 - 16:10,36,0
2023-01-02 11:58:00,0.0014672,08:10 - 16:10,36,0
2023-01-02 11:59:00,-0.00059597,08:10 - 16:10,36,0
2023-01-02 12:00:00,-0.00058897,08:10 - 16:10,36,0
2023-01-02 12:01:00,-0.0005723,08:10 - 16:10,36,0
2023-01-02 12:02:00,-0.0005623,08:10 - 16:10,36,0
2023-01-02 12:03:00,-0.0005363,08:10 - 16:10,36,0
2023-01-02 12:04:00,-0.0005363,08:10 - 16:10,36,0
2023-01-02 12:05:00,-0.00051763,08:10 - 16:10,36,0
2023-01-02 12:06:00,-0.0004973,08:10 - 16:10,36,0
2023-01-02 12:07:00,-0.00048347,08:10 - 16:10,36,0
2023-01-02 12:08:00,-0.00048447,08:10 - 16:10,36,0
2023-01-02 12:09:00,-0.0004823,08:10 - 16:10,36,0
2023-01-02 12:10:00,-0.0004838,08:10 - 16:10,36,0
2023-01-02 12:11:00,-0.00046713,08:10 - 16:10,36,0
2023-01-02 12:12:00,-0.0004488,08:10 - 16:10,36,0
2023-01-02 12:13:00,-0.00043213,08:10 - 16:10,36,0
2023-01-02 12:14:00,-0.00041763,08:10 - 16:10,36,0
2023-01-02 12:15:00,-0.00040097,08:10 - 16:10,36,0
2023-01-02 12:16:00,-0.0004028,08:10 - 16:10,36,0
2023-01-02 12:17:00,-0.0003668,08:10 - 16:10,36,0
2023-01-02 12:18:00,-0.0003663,08:10 - 16:10,36,0
2023-01-02 12:19:00,-0.00034747,08:10 - 16:10,36,0
2023-01-02 12:20:00,-0.0003308,08:10 - 16:10,36,0
2023-01-02 12:21:00,-0.00031263,08:10 - 16:10,36,0
2023-01-02 12:22:00,-0.00029597,08:10 - 16:10,36,0
2023-01-02 12:23:00,-0.0002803,08:10 - 16:10,36,0
2023-01-02 12:24:00,-0.00027513,08:10 - 16:10,36,0
2023-01-02 12:25:00,-0.0002698,08:10 - 16:10,36,0
2023-01-02 12:26:00,-0.00024813,08:10 - 16:10,36,0
2023-01-02 12:27:00,-0.00024347,08:10 - 16:10,36,0
2023-01-02 12:28:00,-0.00024347,08:10 - 16:10,36,0
2023-01-02 12:29:00,-0.00024113,08:10 - 16:10,36,0
2023-01-02 12:30:00,-0.00022447,08:10 - 16:10,36,0
2023-01-02 12:31:00,-0.0002168,08:10 - 16:10,36,0
2023-01-02 12:32:00,-0.0002158,08:10 - 16:10,36,0
2023-01-02 12:33:00,-0.0002158,08:10 - 16:10,36,0
2023-01-02 12:34:00,-0.00021263,08:10 - 16:10,36,0
2023-01-02 12:35:00,-0.00020913,08:10 - 16:10,36,0
2023-01-02 12:36:00,-0.00020313,08:10 - 16:10,36,0
2023-01-02 12:37:00,-0.00019663,08:10 - 16:10,36,0
2023-01-02 12:38:00,-0.0001723,08:10 - 16:10,36,0
2023-01-02 12:39:00,-0.0001673,08:10 - 16:10,36,0
2023-01-02 12:40:00,-0.0001673,08:10 - 16:10,36,0
2023-01-02 12:41:00,-0.00016497,08:10 - 16:10,36,0
2023-01-02 12:42:00,-0.00016497,08:10 - 16:10,36,0
2023-01-02 12:43:00,-0.00017247,08:10 - 16:10,36,0
2023-01-02 12:44:00,-0.0001558,08:10 - 16:10,36,0
2023-01-02 12:45:00,-0.00015313,08:10 - 16:10,36,0
2023-01-02 12:46:00,-0.00015313,08:10 - 16:10,36,0
2023-01-02 12:47:00,-0.00014697,08:10 - 16:10,36,0
2023-01-02 12:48:00,-0.00016363,08:10 - 16:10,36,0
2023-01-02 12:49:00,-0.0001523,08:10 - 16:10,36,0
2023-01-02 12:50:00,-0.0001523,08:10 - 16:10,36,0
2023-01-02 12:51:00,-0.0001553,08:10 - 16:10,36,0
2023-01-02 12:52:00,-0.0001553,08:10 - 16:10,36,0
2023-01-02 12:53:00,-0.00015547,08:10 - 16:10,36,0
2023-01-02 12:54:00,-0.00015197,08:10 - 16:10,36,0
2023-01-02 12:55:00,-0.00015297,08:10 - 16:10,36,0
2023-01-02 12:56:00,-0.0001548,08:10 - 16:10,36,0
2023-01-02 12:57:00,-0.00014247,08:10 - 16:10,36,0
2023-01-02 12:58:00,-0.00014247,08:10 - 16:10,36,0
2023-01-02 12:59:00,-0.00014247,08:10 - 16:10,36,0
2023-01-02 13:00:00,-0.00014113,08:10 - 16:10,36,0
2023-01-02 13:01:00,-0.00013813,08:10 - 16:10,36,0
2023-01-02 13:02:00,-0.00015047,08:10 - 16:10,36,0
2023-01-02 13:03:00,-0.00014763,08:10 - 16:10,36,0
2023-01-02 13:04:00,-0.00014763,08:10 - 16:10,36,0
2023-01-02 13:05:00,-0.00014763,08:10 - 16:10,36,0
2023-01-02 13:06:00,-0.00017013,08:10 - 16:10,36,0
2023-01-02 13:07:00,-0.00017447,08:10 - 16:10,36,0
2023-01-02 13:08:00,-0.00018113,08:10 - 16:10,36,0
2023-01-02 13:09:00,-0.00018113,08:10 - 16:10,36,0
2023-01-02 13:10:00,-0.00018797,08:10 - 16:10,36,0
2023-01-02 13:11:00,-0.00020763,08:10 - 16:10,36,0
2023-01-02 13:12:00,-0.00020747,08:10 - 16:10,36,0
2023-01-02 13:13:00,-0.00020697,08:10 - 16:10,36,0
2023-01-02 13:14:00,-0.00021697,08:10 - 16:10,36,0
2023-01-02 13:15:00,-0.00021697,08:10 - 16:10,36,0
2023-01-02 13:16:00,-0.00023363,08:10 - 16:10,36,0
2023-01-02 13:17:00,-0.00023713,08:10 - 16:10,36,0
2023-01-02 13:18:00,-0.00023597,08:10 - 16:10,36,0
2023-01-02 13:19:00,-0.00025263,08:10 - 16:10,36,0
2023-01-02 13:20:00,-0.0002518,08:10 - 16:10,36,0
2023-01-02 13:21:00,-0.00025097,08:10 - 16:10,36,0
2023-01-02 13:22:00,-0.00026913,08:10 - 16:10,36,0
2023-01-02 13:23:00,-0.00026913,08:10 - 16:10,36,0
2023-01-02 13:24:00,-0.00026997,08:10 - 16:10,36,0
2023-01-02 13:25:00,-0.00026847,08:10 - 16:10,36,0
2023-01-02 13:26:00,-0.00028513,08:10 - 16:10,36,0
2023-01-02 13:27:00,-0.0002853,08:10 - 16:10,36,0
2023-01-02 13:28:00,-0.00030047,08:10 - 16:10,36,0
2023-01-02 13:29:00,-0.0002988,08:10 - 16:10,36,0
2023-01-02 13:30:00,-0.00031563,08:10 - 16:10,36,0
2023-01-02 13:31:00,-0.00031563,08:10 - 16:10,36,0
2023-01-02 13:32:00,-0.0003143,08:10 - 16:10,36,0
2023-01-02 13:33:00,-0.00033013,08:10 - 16:10,36,0
2023-01-02 13:34:00,-0.00031347,08:10 - 16:10,36,0
2023-01-02 13:35:00,-0.00032347,08:10 - 16:10,36,0
2023-01-02 13:36:00,-0.00033163,08:10 - 16:10,36,0
2023-01-02 13:37:00,-0.00033163,08:10 - 16:10,36,0
2023-01-02 13:38:00,-0.00035313,08:10 - 16:10,36,0
2023-01-02 13:39:00,-0.0003528,08:10 - 16:10,36,0
2023-01-02 13:40:00,-0.00034513,08:10 - 16:10,36,0
2023-01-02 13:41:00,-0.0003528,08:10 - 16:10,36,0
2023-01-02 13:42:00,-0.0003528,08:10 - 16:10,36,0
2023-01-02 13:43:00,-0.0003468,08:10 - 16:10,36,0
2023-01-02 13:44:00,-0.00035647,08:10 - 16:10,36,0
2023-01-02 13:45:00,-0.00035147,08:10 - 16:10,36,0
2023-01-02 13:46:00,-0.0003578,08:10 - 16:10,36,0
2023-01-02 13:47:00,-0.00035213,08:10 - 16:10,36,0
2023-01-02 13:48:00,-0.0003498,08:10 - 16:10,36,0
2023-01-02 13:49:00,-0.00033313,08:10 - 16:10,36,0
2023-01-02 13:50:00,-0.00033647,08:10 - 16:10,36,0
2023-01-02 13:51:00,-0.00032147,08:10 - 16:10,36,0
2023-01-02 13:52:00,-0.0003158,08:10 - 16:10,36,0
2023-01-02 13:53:00,-0.00030963,08:10 - 16:10,36,0
2023-01-02 13:54:00,-0.00030463,08:10 - 16:10,36,0
2023-01-02 13:55:00,-0.00030463,08:10 - 16:10,36,0
2023-01-02 13:56:00,-0.0003028,08:10 - 16:10,36,0
2023-01-02 13:57:00,-0.0003028,08:10 - 16:10,36,0
2023-01-02 13:58:00,-0.00029847,08:10 - 16:10,36,0
2023-01-02 13:59:00,-0.00029797,08:10 - 16:10,36,0
2023-01-02 14:00:00,-0.0002863,08:10 - 16:10,36,0
2023-01-02 14:01:00,-0.00026963,08:10 - 16:10,36,0
2023-01-02 14:02:00,-0.00027097,08:10 - 16:10,36,0
2023-01-02 14:03:00,-0.00027147,08:10 - 16:10,36,0
2023-01-02 14:04:00,-0.0002543,08:10 - 16:10,36,0
2023-01-02 14:05:00,-0.00025547,08:10 - 16:10,36,0
2023-01-02 14:06:00,-0.00025113,08:10 - 16:10,36,0
2023-01-02 14:07:00,-0.00025113,08:10 - 16:10,36,0
2023-01-02 14:08:00,-0.00025097,08:10 - 16:10,36,0
2023-01-02 14:09:00,-0.00024897,08:10 - 16:10,36,0
2023-01-02 14:10:00,-0.0002503,08:10 - 16:10,36,0
2023-01-02 14:11:00,-0.00025463,08:10 - 16:10,36,0
2023-01-02 14:12:00,-0.00025713,08:10 - 16:10,36,0
2023-01-02 14:13:00,-0.00024047,08:10 - 16:10,36,0
2023-01-02 14:14:00,-0.00023513,08:10 - 16:10,36,0
2023-01-02 14:15:00,-0.00023063,08:10 - 16:10,36,0
2023-01-02 14:16:00,-0.00021963,08:10 - 16:10,36,0
2023-01-02 14:17:00,-0.00019313,08:10 - 16:10,36,0
2023-01-02 14:18:00,-0.00018247,08:10 - 16:10,36,0
2023-01-02 14:19:00,-0.00018247,08:10 - 16:10,36,0
2023-01-02 14:20:00,-0.0001698,08:10 - 16:10,36,0
2023-01-02 14:21:00,-0.00014263,08:10 - 16:10,36,0
2023-01-02 14:22:00,-0.0001178,08:10 - 16:10,36,0
2023-01-02 14:23:00,-0.00010113,08:10 - 16:10,36,0
2023-01-02 14:24:00,-7.813e-05,08:10 - 16:10,36,0
2023-01-02 14:25:00,-7.13e-05,08:10 - 16:10,36,0
2023-01-02 14:26:00,-5.997e-05,08:10 - 16:10,36,0
2023-01-02 14:27:00,-4.13e-05,08:10 - 16:10,36,0
2023-01-02 14:28:00,-4.13e-05,08:10 - 16:10,36,0
2023-01-02 14:29:00,-1.98e-05,08:10 - 16:10,36,0
2023-01-02 14:30:00,-1.98e-05,08:10 - 16:10,36,0
2023-01-02 14:31:00,-1.98e-05,08:10 - 16:10,36,0
2023-01-02 14:32:00,3.2e-06,08:10 - 16:10,36,0
2023-01-02 14:33:00,1.12e-05,08:10 - 16:10,36,0
2023-01-02 14:34:00,3.387e-05,08:10 - 16:10,36,0
2023-01-02 14:35:00,5.17e-05,08:10 - 16:10,36,0
2023-01-02 14:36:00,6.837e-05,08:10 - 16:10,36,0
2023-01-02 14:37:00,6.97e-05,08:10 - 16:10,36,0
2023-01-02 14:38:00,7.92e-05,08:10 - 16:10,36,0
2023-01-02 14:39:00,9.153e-05,08:10 - 16:10,36,0
2023-01-02 14:40:00,0.00012353,08:10 - 16:10,36,0
2023-01-02 14:41:00,0.00016003,08:10 - 16:10,36,0
2023-01-02 14:42:00,0.00016003,08:10 - 16:10,36,0
2023-01-02 14:43:00,0.0001767,08:10 - 16:10,36,0
2023-01-02 14:44:00,0.00021787,08:10 - 16:10,36,0
2023-01-02 14:45:00,0.00023453,08:10 - 16:10,36,0
2023-01-02 14:46:00,0.0002742,08:10 - 16:10,36,0
2023-01-02 14:47:00,0.00031037,08:10 - 16:10,36,0
2023-01-02 14:48:00,0.00031037,08:10 - 16:10,36,0
2023-01-02 14:49:00,0.00034603,08:10 - 16:10,36,0
2023-01-02 14:50:00,0.0003702,08:10 - 16:10,36,0
2023-01-02 14:51:00,0.0004022,08:10 - 16:10,36,0
2023-01-02 14:52:00,0.00043237,08:10 - 16:10,36,0
2023-01-02 14:53:00,0.00044903,08:10 - 16:10,36,0
2023-01-02 14:54:00,0.00047553,08:10 - 16:10,36,0
2023-01-02 14:55:00,0.00049953,08:10 - 16:10,36,0
2023-01-02 14:56:00,0.00054087,08:10 - 16:10,36,0
2023-01-02 14:57:00,0.00055753,08:10 - 16:10,36,0
2023-01-02 14:58:00,0.00059003,08:10 - 16:10,36,0
2023-01-02 14:59:00,0.0006067,08:10 - 16:10,36,0
2023-01-02 15:00:00,0.00064487,08:10 - 16:10,36,0
2023-01-02 15:01:00,0.0006592,08:10 - 16:10,36,0
2023-01-02 15:02:00,0.00068853,08:10 - 16:10,36,0
2023-01-02 15:03:00,0.0007052,08:10 - 16:10,36,0
2023-01-02 15:04:00,0.00074037,08:10 - 16:10,36,0
2023-01-02 15:05:00,0.00075703,08:10 - 16:10,36,0
2023-01-02 15:06:00,0.00079503,08:10 - 16:10,36,0
2023-01-02 15:07:00,0.0008332,08:10 - 16:10,36,0
2023-01-02 15:08:00,0.00084987,08:10 - 16:10,36,0
2023-01-02 15:09:00,0.0008707,08:10 - 16:10,36,0
2023-01-02 15:10:00,0.00088737,08:10 - 16:10,36,0
2023-01-02 15:11:00,0.00089837,08:10 - 16:10,36,0
2023-01-02 15:12:00,0.00090737,08:10 - 16:10,36,0
2023-01-02 15:13:00,0.00093653,08:10 - 16:10,36,0
2023-01-02 15:14:00,0.0009532,08:10 - 16:10,36,0
2023-01-02 15:15:00,0.00096903,08:10 - 16:10,36,0
2023-01-02 15:16:00,0.0010057,08:10 - 16:10,36,0
2023-01-02 15:17:00,0.00102203,08:10 - 16:10,36,0
2023-01-02 15:18:00,0.00102203,08:10 - 16:10,36,0
2023-01-02 15:19:00,0.00104987,08:10 - 16:10,36,0
2023-01-02 15:20:00,0.00105687,08:10 - 16:10,36,0
2023-01-02 15:21:00,0.00106403,08:10 - 16:10,36,0
2023-01-02 15:22:00,0.00106403,08:10 - 16:10,36,0
2023-01-02 15:23:00,0.00107687,08:10 - 16:10,36,0
2023-01-02 15:24:00,0.00108953,08:10 - 16:10,36,0
2023-01-02 15:25:00,0.00109853,08:10 - 16:10,36,0
2023-01-02 15:26:00,0.00110753,08:10 - 16:10,36,0
2023-01-02 15:27:00,0.00112453,08:10 - 16:10,36,0
2023-01-02 15:28:00,0.00112903,08:10 - 16:10,36,0
2023-01-02 15:29:00,0.0011527,08:10 - 16:10,36,0
2023-01-02 15:30:00,0.00115837,08:10 - 16:10,36,0
2023-01-02 15:31:00,0.00117503,08:10 - 16:10,36,0
2023-01-02 15:32:00,0.00118753,08:10 - 16:10,36,0
2023-01-02 15:33:00,0.00118753,08:10 - 16:10,36,0
2023-01-02 15:34:00,0.0011937,08:10 - 16:10,36,0
2023-01-02 15:35:00,0.00119737,08:10 - 16:10,36,0
2023-01-02 15:36:00,0.00120137,08:10 - 16:10,36,0
2023-01-02 15:37:00,0.00120887,08:10 - 16:10,36,0
2023-01-02 15:38:00,0.0012322,08:10 - 16:10,36,0
2023-01-02 15:39:00,0.0012322,08:10 - 16:10,36,0
2023-01-02 15:40:00,0.00124087,08:10 - 16:10,36,0
2023-01-02 15:41:00,0.00126737,08:10 - 16:10,36,0
2023-01-02 15:42:00,0.00126103,08:10 - 16:10,36,0
2023-01-02 15:43:00,0.00127453,08:10 - 16:10,36,0
2023-01-02 15:44:00,0.0012867,08:10 - 16:10,36,0
2023-01-02 15:45:00,0.0012867,08:10 - 16:10,36,0
2023-01-02 15:46:00,0.00131087,08:10 - 16:10,36,0
2023-01-02 15:47:00,0.00131753,08:10 - 16:10,36,0
2023-01-02 15:48:00,0.0013247,08:10 - 16:10,36,0
2023-01-02 15:49:00,0.00135087,08:10 - 16:10,36,0
2023-01-02 15:50:00,0.00135737,08:10 - 16:10,36,0
2023-01-02 15:51:00,0.00135737,08:10 - 16:10,36,0
2023-01-02 15:52:00,0.0013642,08:10 - 16:10,36,0
2023-01-02 15:53:00,0.00136453,08:10 - 16:10,36,0
2023-01-02 15:54:00,0.00136453,08:10 - 16:10,36,0
2023-01-02 15:55:00,0.00139237,08:10 - 16:10,36,0
2023-01-02 15:56:00,0.00139237,08:10 - 16:10,36,0
2023-01-02 15:57:00,0.00139237,08:10 - 16:10,36,0
2023-01-02 15:58:00,0.00140153,08:10 - 16:10,36,0
2023-01-02 15:59:00,0.0014247,08:10 - 16:10,36,0
2023-01-02 16:00:00,0.00373753,08:10 - 16:10,36,0
2023-01-02 16:01:00,0.00088905,08:10 - 16:10,36,0
2023-01-02 16:02:00,0.00123905,08:10 - 16:10,36,0
2023-01-02 16:03:00,0.00222238,08:10 - 16:10,36,0
2023-01-02 16:04:00,0.00260538,08:10 - 16:10,36,0
2023-01-02 16:05:00,0.00255071,08:10 - 16:10,36,0
2023-01-02 16:06:00,0.00289621,08:10 - 16:10,36,0
2023-01-02 16:07:00,0.00305688,08:10 - 16:10,36,0
2023-01-02 16:08:00,0.00290688,08:10 - 16:10,36,0
2023-01-02 16:09:00,0.00287371,08:10 - 16:10,36,0
2023-01-02 16:10:00,0.00284038,16:10 - 00:10,37,0
2023-01-02 16:11:00,0.00274038,16:10 - 00:10,37,0
2023-01-02 16:12:00,0.00267688,16:10 - 00:10,37,0
2023-01-02 16:13:00,0.00269355,16:10 - 00:10,37,0
2023-01-02 16:14:00,0.00273705,16:10 - 00:10,37,0
2023-01-02 16:15:00,0.00287038,16:10 - 00:10,37,0
2023-01-02 16:16:00,0.00304105,16:10 - 00:10,37,0
2023-01-02 16:17:00,0.00317438,16:10 - 00:10,37,0
2023-01-02 16:18:00,0.00333405,16:10 - 00:10,37,0
2023-01-02 16:19:00,0.00350071,16:10 - 00:10,37,0
2023-01-02 16:20:00,0.00366238,16:10 - 00:10,37,0
2023-01-02 16:21:00,0.00377138,16:10 - 00:10,37,0
2023-01-02 16:22:00,0.00388088,16:10 - 00:10,37,0
2023-01-02 16:23:00,0.00394188,16:10 - 00:10,37,0
2023-01-02 16:24:00,0.00398271,16:10 - 00:10,37,0
2023-01-02 16:25:00,0.00399938,16:10 - 00:10,37,0
2023-01-02 16:26:00,0.00404271,16:10 - 00:10,37,0
2023-01-02 16:27:00,0.00408604,16:10 - 00:10,37,0
2023-01-02 16:28:00,0.00412821,16:10 - 00:10,37,0
2023-01-02 16:29:00,0.00418855,16:10 - 00:10,37,0
2023-01-02 16:30:00,0.00422188,16:10 - 00:10,37,0
2023-01-02 16:31:00,0.00427188,16:10 - 00:10,37,0
2023-01-02 16:32:00,0.00432988,16:10 - 00:10,37,0
2023-01-02 16:33:00,0.00435805,16:10 - 00:10,37,0
2023-01-02 16:34:00,0.00439138,16:10 - 00:10,37,0
2023-01-02 16:35:00,0.00443071,16:10 - 00:10,37,0
2023-01-02 16:36:00,0.00448071,16:10 - 00:10,37,0
2023-01-02 16:37:00,0.00452705,16:10 - 00:10,37,0
2023-01-02 16:38:00,0.00458788,16:10 - 00:10,37,0
2023-01-02 16:39:00,0.00466671,16:10 - 00:10,37,0
2023-01-02 16:40:00,0.00466671,16:10 - 00:10,37,0
2023-01-02 16:41:00,0.00467754,16:10 - 00:10,37,0
2023-01-02 16:42:00,0.00468938,16:10 - 00:10,37,0
2023-01-02 16:43:00,0.00470071,16:10 - 00:10,37,0
2023-01-02 16:44:00,0.00471538,16:10 - 00:10,37,0
2023-01-02 16:45:00,0.00472371,16:10 - 00:10,37,0
2023-01-02 16:46:00,0.00473588,16:10 - 00:10,37,0
2023-01-02 16:47:00,0.00473588,16:10 - 00:10,37,0
2023-01-02 16:48:00,0.00473588,16:10 - 00:10,37,0
2023-01-02 16:49:00,0.00475705,16:10 - 00:10,37,0
2023-01-02 16:50:00,0.00476955,16:10 - 00:10,37,0
2023-01-02 16:51:00,0.00476955,16:10 - 00:10,37,0
2023-01-02 16:52:00,0.00478538,16:10 - 00:10,37,0
2023-01-02 16:53:00,0.00479788,16:10 - 00:10,37,0
2023-01-02 16:54:00,0.00480555,16:10 - 00:10,37,0
2023-01-02 16:55:00,0.00481021,16:10 - 00:10,37,0
2023-01-02 16:56:00,0.00481021,16:10 - 00:10,37,0
2023-01-02 16:57:00,0.00481621,16:10 - 00:10,37,0
2023-01-02 16:58:00,0.00481621,16:10 - 00:10,37,0
2023-01-02 16:59:00,0.00481938,16:10 - 00:10,37,0
2023-01-02 17:00:00,0.00481755,16:10 - 00:10,37,0
2023-01-02 17:01:00,0.00481788,16:10 - 00:10,37,0
2023-01-02 17:02:00,0.00481804,16:10 - 00:10,37,0
2023-01-02 17:03:00,0.00481971,16:10 - 00:10,37,0
2023-01-02 17:04:00,0.00481971,16:10 - 00:10,37,0
2023-01-02 17:05:00,0.00483121,16:10 - 00:10,37,0
2023-01-02 17:06:00,0.00483121,16:10 - 00:10,37,0
2023-01-02 17:07:00,0.00484654,16:10 - 00:10,37,0
2023-01-02 17:08:00,0.00485488,16:10 - 00:10,37,0
2023-01-02 17:09:00,0.00485488,16:10 - 00:10,37,0
2023-01-02 17:10:00,0.00486105,16:10 - 00:10,37,0
2023-01-02 17:11:00,0.00483355,16:10 - 00:10,37,0
2023-01-02 17:12:00,0.00478355,16:10 - 00:10,37,0
2023-01-02 17:13:00,0.00475538,16:10 - 00:10,37,0
2023-01-02 17:14:00,0.00472221,16:10 - 00:10,37,0
2023-01-02 17:15:00,0.00472738,16:10 - 00:10,37,0
2023-01-02 17:16:00,0.00469404,16:10 - 00:10,37,0
2023-01-02 17:17:00,0.00466421,16:10 - 00:10,37,0
2023-01-02 17:18:00,0.00463671,16:10 - 00:10,37,0
2023-01-02 17:19:00,0.00463888,16:10 - 00:10,37,0
2023-01-02 17:20:00,0.00462221,16:10 - 00:10,37,0
2023-01-02 17:21:00,0.00458704,16:10 - 00:10,37,0
2023-01-02 17:22:00,0.00457271,16:10 - 00:10,37,0
2023-01-02 17:23:00,0.00455604,16:10 - 00:10,37,0
2023-01-02 17:24:00,0.00453905,16:10 - 00:10,37,0
2023-01-02 17:25:00,0.00452221,16:10 - 00:10,37,0
2023-01-02 17:26:00,0.00448888,16:10 - 00:10,37,0
2023-01-02 17:27:00,0.00447688,16:10 - 00:10,37,0
2023-01-02 17:28:00,0.00446438,16:10 - 00:10,37,0
2023-01-02 17:29:00,0.00445321,16:10 - 00:10,37,0
2023-01-02 17:30:00,0.00444621,16:10 - 00:10,37,0
2023-01-02 17:31:00,0.00442271,16:10 - 00:10,37,0
2023-01-02 17:32:00,0.00442271,16:10 - 00:10,37,0
2023-01-02 17:33:00,0.00444488,16:10 - 00:10,37,0
2023-01-02 17:34:00,0.00444605,16:10 - 00:10,37,0
2023-01-02 17:35:00,0.00448054,16:10 - 00:10,37,0
2023-01-02 17:36:00,0.00449971,16:10 - 00:10,37,0
2023-01-02 17:37:00,0.00448971,16:10 - 00:10,37,0
2023-01-02 17:38:00,0.00450638,16:10 - 00:10,37,0
2023-01-02 17:39:00,0.00451338,16:10 - 00:10,37,0
2023-01-02 17:40:00,0.00451821,16:10 - 00:10,37,0
2023-01-02 17:41:00,0.00450971,16:10 - 00:10,37,0
2023-01-02 17:42:00,0.00453354,16:10 - 00:10,37,0
2023-01-02 17:43:00,0.00458354,16:10 - 00:10,37,0
2023-01-02 17:44:00,0.00460288,16:10 - 00:10,37,0
2023-01-02 17:45:00,0.00460288,16:10 - 00:10,37,0
2023-01-02 17:46:00,0.00459471,16:10 - 00:10,37,0
2023-01-02 17:47:00,0.00461338,16:10 - 00:10,37,0
2023-01-02 17:48:00,0.00459588,16:10 - 00:10,37,0
2023-01-02 17:49:00,0.00461255,16:10 - 00:10,37,0
2023-01-02 17:50:00,0.00461188,16:10 - 00:10,37,0
2023-01-02 17:51:00,0.00461404,16:10 - 00:10,37,0
2023-01-02 17:52:00,0.00460588,16:10 - 00:10,37,0
2023-01-02 17:53:00,0.00458921,16:10 - 00:10,37,0
2023-01-02 17:54:00,0.00459621,16:10 - 00:10,37,0
2023-01-02 17:55:00,0.00458488,16:10 - 00:10,37,0
2023-01-02 17:56:00,0.00458621,16:10 - 00:10,37,0
2023-01-02 17:57:00,0.00457688,16:10 - 00:10,37,0
2023-01-02 17:58:00,0.00457038,16:10 - 00:10,37,0
2023-01-02 17:59:00,0.00458021,16:10 - 00:10,37,0
2023-01-02 18:00:00,0.00458571,16:10 - 00:10,37,0
2023-01-02 18:01:00,0.00456955,16:10 - 00:10,37,0
2023-01-02 18:02:00,0.00457005,16:10 - 00:10,37,0
2023-01-02 18:03:00,0.00456771,16:10 - 00:10,37,0
2023-01-02 18:04:00,0.00457755,16:10 - 00:10,37,0
2023-01-02 18:05:00,0.00457755,16:10 - 00:10,37,0
2023-01-02 18:06:00,0.00459688,16:10 - 00:10,37,0
2023-01-02 18:07:00,0.00459688,16:10 - 00:10,37,0
2023-01-02 18:08:00,0.00462138,16:10 - 00:10,37,0
2023-01-02 18:09:00,0.00463021,16:10 - 00:10,37,0
2023-01-02 18:10:00,0.00463938,16:10 - 00:10,37,0
2023-01-02 18:11:00,0.00462738,16:10 - 00:10,37,0
2023-01-02 18:12:00,0.00463105,16:10 - 00:10,37,0
2023-01-02 18:13:00,0.00463105,16:10 - 00:10,37,0
2023-01-02 18:14:00,0.00463721,16:10 - 00:10,37,0
2023-01-02 18:15:00,0.00465388,16:10 - 00:10,37,0
2023-01-02 18:16:00,0.00467105,16:10 - 00:10,37,0
2023-01-02 18:17:00,0.00469438,16:10 - 00:10,37,0
2023-01-02 18:18:00,0.00469438,16:10 - 00:10,37,0
2023-01-02 18:19:00,0.00471654,16:10 - 00:10,37,0
2023-01-02 18:20:00,0.00472238,16:10 - 00:10,37,0
2023-01-02 18:21:00,0.00472655,16:10 - 00:10,37,0
2023-01-02 18:22:00,0.00473321,16:10 - 00:10,37,0
2023-01-02 18:23:00,0.00474288,16:10 - 00:10,37,0
2023-01-02 18:24:00,0.00474288,16:10 - 00:10,37,0
2023-01-02 18:25:00,0.00474288,16:10 - 00:10,37,0
2023-01-02 18:26:00,0.00476871,16:10 - 00:10,37,0
2023-01-02 18:27:00,0.00477871,16:10 - 00:10,37,0
2023-01-02 18:28:00,0.00476805,16:10 - 00:10,37,0
2023-01-02 18:29:00,0.00476805,16:10 - 00:10,37,0
2023-01-02 18:30:00,0.00477871,16:10 - 00:10,37,0
2023-01-02 18:31:00,0.00478855,16:10 - 00:10,37,0
2023-01-02 18:32:00,0.00479621,16:10 - 00:10,37,0
2023-01-02 18:33:00,0.00480355,16:10 - 00:10,37,0
2023-01-02 18:34:00,0.00479605,16:10 - 00:10,37,0
2023-01-02 18:35:00,0.00479605,16:10 - 00:10,37,0
2023-01-02 18:36:00,0.00478921,16:10 - 00:10,37,0
2023-01-02 18:37:00,0.00479621,16:10 - 00:10,37,0
2023-01-02 18:38:00,0.00478388,16:10 - 00:10,37,0
2023-01-02 18:39:00,0.00477021,16:10 - 00:10,37,0
2023-01-02 18:40:00,0.00477438,16:10 - 00:10,37,0
2023-01-02 18:41:00,0.00477438,16:10 - 00:10,37,0
2023-01-02 18:42:00,0.00477621,16:10 - 00:10,37,0
2023-01-02 18:43:00,0.00477738,16:10 - 00:10,37,0
2023-01-02 18:44:00,0.00477538,16:10 - 00:10,37,0
2023-01-02 18:45:00,0.00477421,16:10 - 00:10,37,0
2023-01-02 18:46:00,0.00477788,16:10 - 00:10,37,0
2023-01-02 18:47:00,0.00477788,16:10 - 00:10,37,0
2023-01-02 18:48:00,0.00478488,16:10 - 00:10,37,0
2023-01-02 18:49:00,0.00478904,16:10 - 00:10,37,0
2023-01-02 18:50:00,0.00481688,16:10 - 00:10,37,0
2023-01-02 18:51:00,0.00483055,16:10 - 00:10,37,0
2023-01-02 18:52:00,0.00485888,16:10 - 00:10,37,0
2023-01-02 18:53:00,0.00487555,16:10 - 00:10,37,0
2023-01-02 18:54:00,0.00490338,16:10 - 00:10,37,0
2023-01-02 18:55:00,0.00492104,16:10 - 00:10,37,0
2023-01-02 18:56:00,0.00494571,16:10 - 00:10,37,0
2023-01-02 18:57:00,0.00496155,16:10 - 00:10,37,0
2023-01-02 18:58:00,0.00497621,16:10 - 00:10,37,0
2023-01-02 18:59:00,0.00497621,16:10 - 00:10,37,0
2023-01-02 19:00:00,0.00499605,16:10 - 00:10,37,0
2023-01-02 19:01:00,0.00499705,16:10 - 00:10,37,0
2023-01-02 19:02:00,0.00500071,16:10 - 00:10,37,0
2023-01-02 19:03:00,0.00500821,16:10 - 00:10,37,0
2023-01-02 19:04:00,0.00503221,16:10 - 00:10,37,0
2023-01-02 19:05:00,0.00504888,16:10 - 00:10,37,0
2023-01-02 19:06:00,0.00507371,16:10 - 00:10,37,0
2023-01-02 19:07:00,0.00509955,16:10 - 00:10,37,0
2023-01-02 19:08:00,0.00511738,16:10 - 00:10,37,0
2023-01-02 19:09:00,0.00515071,16:10 - 00:10,37,0
2023-01-02 19:10:00,0.00516688,16:10 - 00:10,37,0
2023-01-02 19:11:00,0.00518355,16:10 - 00:10,37,0
2023-01-02 19:12:00,0.00521571,16:10 - 00:10,37,0
2023-01-02 19:13:00,0.00523121,16:10 - 00:10,37,0
2023-01-02 19:14:00,0.00526521,16:10 - 00:10,37,0
2023-01-02 19:15:00,0.00529855,16:10 - 00:10,37,0
2023-01-02 19:16:00,0.00531421,16:10 - 00:10,37,0
2023-01-02 19:17:00,0.00533088,16:10 - 00:10,37,0
2023-01-02 19:18:00,0.00538155,16:10 - 00:10,37,0
2023-01-02 19:19:00,0.00539805,16:10 - 00:10,37,0
2023-01-02 19:20:00,0.00539704,16:10 - 00:10,37,0
2023-01-02 19:21:00,0.00539538,16:10 - 00:10,37,0
2023-01-02 19:22:00,0.00539538,16:10 - 00:10,37,0
2023-01-02 19:23:00,0.00539538,16:10 - 00:10,37,0
2023-01-02 19:24:00,0.00539371,16:10 - 00:10,37,0
2023-01-02 19:25:00,0.00539088,16:10 - 00:10,37,0
2023-01-02 19:26:00,0.00539121,16:10 - 00:10,37,0
2023-01-02 19:27:00,0.00539121,16:10 - 00:10,37,0
2023-01-02 19:28:00,0.00540038,16:10 - 00:10,37,0
2023-01-02 19:29:00,0.00540038,16:10 - 00:10,37,0
2023-01-02 19:30:00,0.00540455,16:10 - 00:10,37,0
2023-01-02 19:31:00,0.00540505,16:10 - 00:10,37,0
2023-01-02 19:32:00,0.00540455,16:10 - 00:10,37,0
2023-01-02 19:33:00,0.00540371,16:10 - 00:10,37,0
2023-01-02 19:34:00,0.00540371,16:10 - 00:10,37,0
2023-01-02 19:35:00,0.00540604,16:10 - 00:10,37,0
2023-01-02 19:36:00,0.00541104,16:10 - 00:10,37,0
2023-01-02 19:37:00,0.00541304,16:10 - 00:10,37,0
2023-01-02 19:38:00,0.00541421,16:10 - 00:10,37,0
2023-01-02 19:39:00,0.00541938,16:10 - 00:10,37,0
2023-01-02 19:40:00,0.00542555,16:10 - 00:10,37,0
2023-01-02 19:41:00,0.00542555,16:10 - 00:10,37,0
2023-01-02 19:42:00,0.00542555,16:10 - 00:10,37,0
2023-01-02 19:43:00,0.00543488,16:10 - 00:10,37,0
2023-01-02 19:44:00,0.00543921,16:10 - 00:10,37,0
2023-01-02 19:45:00,0.00544271,16:10 - 00:10,37,0
2023-01-02 19:46:00,0.00544271,16:10 - 00:10,37,0
2023-01-02 19:47:00,0.00545138,16:10 - 00:10,37,0
2023-01-02 19:48:00,0.00545504,16:10 - 00:10,37,0
2023-01-02 19:49:00,0.00545504,16:10 - 00:10,37,0
2023-01-02 19:50:00,0.00546505,16:10 - 00:10,37,0
2023-01-02 19:51:00,0.00546505,16:10 - 00:10,37,0
2023-01-02 19:52:00,0.00547221,16:10 - 00:10,37,0
2023-01-02 19:53:00,0.00547221,16:10 - 00:10,37,0
2023-01-02 19:54:00,0.00547871,16:10 - 00:10,37,0
2023-01-02 19:55:00,0.00549638,16:10 - 00:10,37,0
2023-01-02 19:56:00,0.00549871,16:10 - 00:10,37,0
2023-01-02 19:57:00,0.00550071,16:10 - 00:10,37,0
2023-01-02 19:58:00,0.00550071,16:10 - 00:10,37,0
2023-01-02 19:59:00,0.00689321,16:10 - 00:10,37,0
2023-01-02 20:00:00,0.00690155,16:10 - 00:10,37,0
2023-01-02 20:01:00,0.00691588,16:10 - 00:10,37,0
2023-01-02 20:02:00,0.00692171,16:10 - 00:10,37,0
2023-01-02 20:03:00,0.00691871,16:10 - 00:10,37,0
2023-01-02 20:04:00,0.00691871,16:10 - 00:10,37,0
2023-01-02 20:05:00,0.00691654,16:10 - 00:10,37,0
2023-01-02 20:06:00,0.00691438,16:10 - 00:10,37,0
2023-01-02 20:07:00,0.00691471,16:10 - 00:10,37,0
2023-01-02 20:08:00,0.00692055,16:10 - 00:10,37,0
2023-01-02 20:09:00,0.00692471,16:10 - 00:10,37,0
2023-01-02 20:10:00,0.00692471,16:10 - 00:10,37,0
2023-01-02 20:11:00,0.00692705,16:10 - 00:10,37,0
2023-01-02 20:12:00,0.00693038,16:10 - 00:10,37,0
2023-01-02 20:13:00,0.00693688,16:10 - 00:10,37,0
2023-01-02 20:14:00,0.00693688,16:10 - 00:10,37,0
2023-01-02 20:15:00,0.00694121,16:10 - 00:10,37,0
2023-01-02 20:16:00,0.00694155,16:10 - 00:10,37,0
2023-01-02 20:17:00,0.00694221,16:10 - 00:10,37,0
2023-01-02 20:18:00,0.00694105,16:10 - 00:10,37,0
2023-01-02 20:19:00,0.00693438,16:10 - 00:10,37,0
2023-01-02 20:20:00,0.00693188,16:10 - 00:10,37,0
2023-01-02 20:21:00,0.00693188,16:10 - 00:10,37,0
2023-01-02 20:22:00,0.00693271,16:10 - 00:10,37,0
2023-01-02 20:23:00,0.00693705,16:10 - 00:10,37,0
2023-01-02 20:24:00,0.00693921,16:10 - 00:10,37,0
2023-01-02 20:25:00,0.00694288,16:10 - 00:10,37,0
2023-01-02 20:26:00,0.00694655,16:10 - 00:10,37,0
2023-01-02 20:27:00,0.00694655,16:10 - 00:10,37,0
2023-01-02 20:28:00,0.00695721,16:10 - 00:10,37,0
2023-01-02 20:29:00,0.00697021,16:10 - 00:10,37,0
2023-01-02 20:30:00,0.00698138,16:10 - 00:10,37,0
2023-01-02 20:31:00,0.00699238,16:10 - 00:10,37,0
2023-01-02 20:32:00,0.00699238,16:10 - 00:10,37,0
2023-01-02 20:33:00,0.00699238,16:10 - 00:10,37,0
2023-01-02 20:34:00,0.00699888,16:10 - 00:10,37,0
2023-01-02 20:35:00,0.00699888,16:10 - 00:10,37,0
2023-01-02 20:36:00,0.00699038,16:10 - 00:10,37,0
2023-01-02 20:37:00,0.00698838,16:10 - 00:10,37,0
2023-01-02 20:38:00,0.00698838,16:10 - 00:10,37,0
2023-01-02 20:39:00,0.00698971,16:10 - 00:10,37,0
2023-01-02 20:40:00,0.00699388,16:10 - 00:10,37,0
2023-01-02 20:41:00,0.00699771,16:10 - 00:10,37,0
2023-01-02 20:42:00,0.00700238,16:10 - 00:10,37,0
2023-01-02 20:43:00,0.00701005,16:10 - 00:10,37,0
2023-01-02 20:44:00,0.00701005,16:10 - 00:10,37,0
2023-01-02 20:45:00,0.00702088,16:10 - 00:10,37,0
2023-01-02 20:46:00,0.00702088,16:10 - 00:10,37,0
2023-01-02 20:47:00,0.00703321,16:10 - 00:10,37,0
2023-01-02 20:48:00,0.00703438,16:10 - 00:10,37,0
2023-01-02 20:49:00,0.00703438,16:10 - 00:10,37,0
2023-01-02 20:50:00,0.00703438,16:10 - 00:10,37,0
2023-01-02 20:51:00,0.00703438,16:10 - 00:10,37,0
2023-01-02 20:52:00,0.00703438,16:10 - 00:10,37,0
2023-01-02 20:53:00,0.00703438,16:10 - 00:10,37,0
2023-01-02 20:54:00,0.00703438,16:10 - 00:10,37,0
2023-01-02 20:55:00,0.00703438,16:10 - 00:10,37,0
2023-01-02 20:56:00,0.00703438,16:10 - 00:10,37,0
2023-01-02 20:57:00,0.00703438,16:10 - 00:10,37,0
2023-01-02 20:58:00,0.00703438,16:10 - 00:10,37,0
2023-01-02 20:59:00,0.00703438,16:10 - 00:10,37,0
2023-01-02 21:00:00,0.00703438,16:10 - 00:10,37,0
2023-01-02 21:01:00,0.00703438,16:10 - 00:10,37,0
2023-01-02 21:02:00,0.00703438,16:10 - 00:10,37,0
2023-01-02 21:03:00,0.00703438,16:10 - 00:10,37,0
2023-01-02 21:04:00,0.00703438,16:10 - 00:10,37,0
2023-01-02 21:05:00,0.00703438,16:10 - 00:10,37,0
2023-01-02 21:06:00,0.00703438,16:10 - 00:10,37,0
2023-01-02 21:07:00,0.00703438,16:10 - 00:10,37,0
2023-01-02 21:08:00,0.00703438,16:10 - 00:10,37,0
2023-01-02 21:09:00,0.00703438,16:10 - 00:10,37,0
2023-01-02 21:10:00,0.00703438,16:10 - 00:10,37,0
2023-01-02 21:11:00,0.00703438,16:10 - 00:10,37,0
2023-01-02 21:12:00,0.00703438,16:10 - 00:10,37,0
2023-01-02 21:13:00,0.00703438,16:10 - 00:10,37,0
2023-01-02 21:14:00,0.00703438,16:10 - 00:10,37,0
2023-01-02 21:15:00,0.00703438,16:10 - 00:10,37,0
2023-01-02 21:16:00,0.00703438,16:10 - 00:10,37,0
2023-01-02 21:17:00,0.00703438,16:10 - 00:10,37,0
2023-01-02 21:18:00,0.00703438,16:10 - 00:10,37,0
2023-01-02 21:19:00,0.00703438,16:10 - 00:10,37,0
2023-01-02 21:20:00,0.00703438,16:10 - 00:10,37,0
2023-01-02 21:21:00,0.00703438,16:10 - 00:10,37,0
2023-01-02 21:22:00,0.00703438,16:10 - 00:10,37,0
2023-01-02 21:23:00,0.00703438,16:10 - 00:10,37,0
2023-01-02 21:24:00,0.00703438,16:10 - 00:10,37,0
2023-01-02 21:25:00,0.00703438,16:10 - 00:10,37,0
2023-01-02 21:26:00,0.00703438,16:10 - 00:10,37,0
2023-01-02 21:27:00,0.00703438,16:10 - 00:10,37,0
2023-01-02 21:28:00,0.00703438,16:10 - 00:10,37,0
2023-01-02 21:29:00,0.00703438,16:10 - 00:10,37,0
2023-01-02 21:30:00,0.00703438,16:10 - 00:10,37,0
2023-01-02 21:31:00,0.00703438,16:10 - 00:10,37,0
2023-01-02 21:32:00,0.00703438,16:10 - 00:10,37,0
2023-01-02 21:33:00,0.00703438,16:10 - 00:10,37,0
2023-01-02 21:34:00,0.00703438,16:10 - 00:10,37,0
2023-01-02 21:35:00,0.00703438,16:10 - 00:10,37,0
2023-01-02 21:36:00,0.00703438,16:10 - 00:10,37,0
2023-01-02 21:37:00,0.00703438,16:10 - 00:10,37,0
2023-01-02 21:38:00,0.00703438,16:10 - 00:10,37,0
2023-01-02 21:39:00,0.00703438,16:10 - 00:10,37,0
2023-01-02 21:40:00,0.00703438,16:10 - 00:10,37,0
2023-01-02 21:41:00,0.00703438,16:10 - 00:10,37,0
2023-01-02 21:42:00,0.00703438,16:10 - 00:10,37,0
2023-01-02 21:43:00,0.00703438,16:10 - 00:10,37,0
2023-01-02 21:44:00,0.00703438,16:10 - 00:10,37,0
2023-01-02 21:45:00,0.00703438,16:10 - 00:10,37,0
2023-01-02 21:46:00,0.00703438,16:10 - 00:10,37,0
2023-01-02 21:47:00,0.00703438,16:10 - 00:10,37,0
2023-01-02 21:48:00,0.00703438,16:10 - 00:10,37,0
2023-01-02 21:49:00,0.00703438,16:10 - 00:10,37,0
2023-01-02 21:50:00,0.00703438,16:10 - 00:10,37,0
2023-01-02 21:51:00,0.00703438,16:10 - 00:10,37,0
2023-01-02 21:52:00,0.00703438,16:10 - 00:10,37,0
2023-01-02 21:53:00,0.00703438,16:10 - 00:10,37,0
2023-01-02 21:54:00,0.00703438,16:10 - 00:10,37,0
2023-01-02 21:55:00,0.00703438,16:10 - 00:10,37,0
2023-01-02 21:56:00,0.00703438,16:10 - 00:10,37,0
2023-01-02 21:57:00,0.00703438,16:10 - 00:10,37,0
2023-01-02 21:58:00,0.00703438,16:10 - 00:10,37,0
2023-01-02 21:59:00,0.00703438,16:10 - 00:10,37,0
2023-01-02 22:00:00,0.00703438,16:10 - 00:10,37,0
2023-01-02 22:01:00,0.00701771,16:10 - 00:10,37,0
2023-01-02 22:02:00,0.00701771,16:10 - 00:10,37,0
2023-01-02 22:03:00,0.00700105,16:10 - 00:10,37,0
2023-01-02 22:04:00,0.00698438,16:10 - 00:10,37,0
2023-01-02 22:05:00,0.00696771,16:10 - 00:10,37,0
2023-01-02 22:06:00,0.00695105,16:10 - 00:10,37,0
2023-01-02 22:07:00,0.00693438,16:10 - 00:10,37,0
2023-01-02 22:08:00,0.00691771,16:10 - 00:10,37,0
2023-01-02 22:09:00,0.00690105,16:10 - 00:10,37,0
2023-01-02 22:10:00,0.00688438,16:10 - 00:10,37,0
2023-01-02 22:11:00,0.00685105,16:10 - 00:10,37,0
2023-01-02 22:12:00,0.00683438,16:10 - 00:10,37,0
2023-01-02 22:13:00,0.00680105,16:10 - 00:10,37,0
2023-01-02 22:14:00,0.00676771,16:10 - 00:10,37,0
2023-01-02 22:15:00,0.00676771,16:10 - 00:10,37,0
2023-01-02 22:16:00,0.00675105,16:10 - 00:10,37,0
2023-01-02 22:17:00,0.00673438,16:10 - 00:10,37,0
2023-01-02 22:18:00,0.00673438,16:10 - 00:10,37,0
2023-01-02 22:19:00,0.00671771,16:10 - 00:10,37,0
2023-01-02 22:20:00,0.00670105,16:10 - 00:10,37,0
2023-01-02 22:21:00,0.00670105,16:10 - 00:10,37,0
2023-01-02 22:22:00,0.00668438,16:10 - 00:10,37,0
2023-01-02 22:23:00,0.00666771,16:10 - 00:10,37,0
2023-01-02 22:24:00,0.00663438,16:10 - 00:10,37,0
2023-01-02 22:25:00,0.00661771,16:10 - 00:10,37,0
2023-01-02 22:26:00,0.00660105,16:10 - 00:10,37,0
2023-01-02 22:27:00,0.00658438,16:10 - 00:10,37,0
2023-01-02 22:28:00,0.00658438,16:10 - 00:10,37,0
2023-01-02 22:29:00,0.00656771,16:10 - 00:10,37,0
2023-01-02 22:30:00,0.00655105,16:10 - 00:10,37,0
2023-01-02 22:31:00,0.00655105,16:10 - 00:10,37,0
2023-01-02 22:32:00,0.00653438,16:10 - 00:10,37,0
2023-01-02 22:33:00,0.00651771,16:10 - 00:10,37,0
2023-01-02 22:34:00,0.00651771,16:10 - 00:10,37,0
2023-01-02 22:35:00,0.00650105,16:10 - 00:10,37,0
2023-01-02 22:36:00,0.00650105,16:10 - 00:10,37,0
2023-01-02 22:37:00,0.00650105,16:10 - 00:10,37,0
2023-01-02 22:38:00,0.00650105,16:10 - 00:10,37,0
2023-01-02 22:39:00,0.00648438,16:10 - 00:10,37,0
2023-01-02 22:40:00,0.00648438,16:10 - 00:10,37,0
2023-01-02 22:41:00,0.00646771,16:10 - 00:10,37,0
2023-01-02 22:42:00,0.00646771,16:10 - 00:10,37,0
2023-01-02 22:43:00,0.00645104,16:10 - 00:10,37,0
2023-01-02 22:44:00,0.00645104,16:10 - 00:10,37,0
2023-01-02 22:45:00,0.00643438,16:10 - 00:10,37,0
2023-01-02 22:46:00,0.00641771,16:10 - 00:10,37,0
2023-01-02 22:47:00,0.00641771,16:10 - 00:10,37,0
2023-01-02 22:48:00,0.00640105,16:10 - 00:10,37,0
2023-01-02 22:49:00,0.00638438,16:10 - 00:10,37,0
2023-01-02 22:50:00,0.00638438,16:10 - 00:10,37,0
2023-01-02 22:51:00,0.00638438,16:10 - 00:10,37,0
2023-01-02 22:52:00,0.00636771,16:10 - 00:10,37,0
2023-01-02 22:53:00,0.00635688,16:10 - 00:10,37,0
2023-01-02 22:54:00,0.00633838,16:10 - 00:10,37,0
2023-01-02 22:55:00,0.00633671,16:10 - 00:10,37,0
2023-01-02 22:56:00,0.00633955,16:10 - 00:10,37,0
2023-01-02 22:57:00,0.00632288,16:10 - 00:10,37,0
2023-01-02 22:58:00,0.00632305,16:10 - 00:10,37,0
2023-01-02 22:59:00,0.00632305,16:10 - 00:10,37,0
2023-01-02 23:00:00,0.00631771,16:10 - 00:10,37,0
2023-01-02 23:01:00,0.00631771,16:10 - 00:10,37,0
2023-01-02 23:02:00,0.00631771,16:10 - 00:10,37,0
2023-01-02 23:03:00,0.00631771,16:10 - 00:10,37,0
2023-01-02 23:04:00,0.00631771,16:10 - 00:10,37,0
2023-01-02 23:05:00,0.00631771,16:10 - 00:10,37,0
2023-01-02 23:06:00,0.00631771,16:10 - 00:10,37,0
2023-01-02 23:07:00,0.00631771,16:10 - 00:10,37,0
2023-01-02 23:08:00,0.00631771,16:10 - 00:10,37,0
2023-01-02 23:09:00,0.00631771,16:10 - 00:10,37,0
2023-01-02 23:10:00,0.00631771,16:10 - 00:10,37,0
2023-01-02 23:11:00,0.00631771,16:10 - 00:10,37,0
2023-01-02 23:12:00,0.00631771,16:10 - 00:10,37,0
2023-01-02 23:13:00,0.00630105,16:10 - 00:10,37,0
2023-01-02 23:14:00,0.00630105,16:10 - 00:10,37,0
2023-01-02 23:15:00,0.00630088,16:10 - 00:10,37,0
2023-01-02 23:16:00,0.00630088,16:10 - 00:10,37,0
2023-01-02 23:17:00,0.00631755,16:10 - 00:10,37,0
2023-01-02 23:18:00,0.00631755,16:10 - 00:10,37,0
2023-01-02 23:19:00,0.00631755,16:10 - 00:10,37,0
2023-01-02 23:20:00,0.00631755,16:10 - 00:10,37,0
2023-01-02 23:21:00,0.00631755,16:10 - 00:10,37,0
2023-01-02 23:22:00,0.00631755,16:10 - 00:10,37,0
2023-01-02 23:23:00,0.00631671,16:10 - 00:10,37,0
2023-01-02 23:24:00,0.00631488,16:10 - 00:10,37,0
2023-01-02 23:25:00,0.00633105,16:10 - 00:10,37,0
2023-01-02 23:26:00,0.00633071,16:10 - 00:10,37,0
2023-01-02 23:27:00,0.00633071,16:10 - 00:10,37,0
2023-01-02 23:28:00,0.00633071,16:10 - 00:10,37,0
2023-01-02 23:29:00,0.00633071,16:10 - 00:10,37,0
2023-01-02 23:30:00,0.00633071,16:10 - 00:10,37,0
2023-01-02 23:31:00,0.00634738,16:10 - 00:10,37,0
2023-01-02 23:32:00,0.00634738,16:10 - 00:10,37,0
2023-01-02 23:33:00,0.00636404,16:10 - 00:10,37,0
2023-01-02 23:34:00,0.00636404,16:10 - 00:10,37,0
2023-01-02 23:35:00,0.00638071,16:10 - 00:10,37,0
2023-01-02 23:36:00,0.00638071,16:10 - 00:10,37,0
2023-01-02 23:37:00,0.00638071,16:10 - 00:10,37,0
2023-01-02 23:38:00,0.00639738,16:10 - 00:10,37,0
2023-01-02 23:39:00,0.00639738,16:10 - 00:10,37,0
2023-01-02 23:40:00,0.00641405,16:10 - 00:10,37,0
2023-01-02 23:41:00,0.00641405,16:10 - 00:10,37,0
2023-01-02 23:42:00,0.00641405,16:10 - 00:10,37,0
2023-01-02 23:43:00,0.00641405,16:10 - 00:10,37,0
2023-01-02 23:44:00,0.00643071,16:10 - 00:10,37,0
2023-01-02 23:45:00,0.00643071,16:10 - 00:10,37,0
2023-01-02 23:46:00,0.00644738,16:10 - 00:10,37,0
2023-01-02 23:47:00,0.00644738,16:10 - 00:10,37,0
2023-01-02 23:48:00,0.00644738,16:10 - 00:10,37,0
2023-01-02 23:49:00,0.00644738,16:10 - 00:10,37,0
2023-01-02 23:50:00,0.00646405,16:10 - 00:10,37,0
2023-01-02 23:51:00,0.00646405,16:10 - 00:10,37,0
2023-01-02 23:52:00,0.00646405,16:10 - 00:10,37,0
2023-01-02 23:53:00,0.00646405,16:10 - 00:10,37,0
2023-01-02 23:54:00,0.00648071,16:10 - 00:10,37,0
2023-01-02 23:55:00,0.00648071,16:10 - 00:10,37,0
2023-01-02 23:56:00,0.00648071,16:10 - 00:10,37,0
2023-01-02 23:57:00,0.00648071,16:10 - 00:10,37,0
2023-01-02 23:58:00,0.00648071,16:10 - 00:10,37,0
2023-01-02 23:59:00,0.00648071,16:10 - 00:10,37,0
2023-01-03 00:00:00,0.00703071,16:10 - 00:10,37,0
2023-01-03 00:01:00,0.00444422,16:10 - 00:10,37,0
2023-01-03 00:02:00,0.00490922,16:10 - 00:10,37,0
2023-01-03 00:03:00,0.00511055,16:10 - 00:10,37,0
2023-01-03 00:04:00,0.00566089,16:10 - 00:10,37,0
2023-01-03 00:05:00,0.00566089,16:10 - 00:10,37,0
2023-01-03 00:06:00,0.00566089,16:10 - 00:10,37,0
2023-01-03 00:07:00,0.00566089,16:10 - 00:10,37,0
2023-01-03 00:08:00,0.00566089,16:10 - 00:10,37,0
2023-01-03 00:09:00,0.00566089,16:10 - 00:10,37,0
2023-01-03 00:10:00,0.00566089,00:10 - 08:10,38,0
2023-01-03 00:11:00,0.00566089,00:10 - 08:10,38,0
2023-01-03 00:12:00,0.00566089,00:10 - 08:10,38,0
2023-01-03 00:13:00,0.00566089,00:10 - 08:10,38,0
2023-01-03 00:14:00,0.00566089,00:10 - 08:10,38,0
2023-01-03 00:15:00,0.00566089,00:10 - 08:10,38,0
2023-01-03 00:16:00,0.00566089,00:10 - 08:10,38,0
2023-01-03 00:17:00,0.00566089,00:10 - 08:10,38,0
2023-01-03 00:18:00,0.00566089,00:10 - 08:10,38,0
2023-01-03 00:19:00,0.00566089,00:10 - 08:10,38,0
2023-01-03 00:20:00,0.00566089,00:10 - 08:10,38,0
2023-01-03 00:21:00,0.00566089,00:10 - 08:10,38,0
2023-01-03 00:22:00,0.00566089,00:10 - 08:10,38,0
2023-01-03 00:23:00,0.00566089,00:10 - 08:10,38,0
2023-01-03 00:24:00,0.00566089,00:10 - 08:10,38,0
2023-01-03 00:25:00,0.00566089,00:10 - 08:10,38,0
2023-01-03 00:26:00,0.00566089,00:10 - 08:10,38,0
2023-01-03 00:27:00,0.00566089,00:10 - 08:10,38,0
2023-01-03 00:28:00,0.00566089,00:10 - 08:10,38,0
2023-01-03 00:29:00,0.00566089,00:10 - 08:10,38,0
2023-01-03 00:30:00,0.00566089,00:10 - 08:10,38,0
2023-01-03 00:31:00,0.00566089,00:10 - 08:10,38,0
2023-01-03 00:32:00,0.00566089,00:10 - 08:10,38,0
2023-01-03 00:33:00,0.00566089,00:10 - 08:10,38,0
2023-01-03 00:34:00,0.00566039,00:10 - 08:10,38,0
2023-01-03 00:35:00,0.00566039,00:10 - 08:10,38,0
2023-01-03 00:36:00,0.00565705,00:10 - 08:10,38,0
2023-01-03 00:37:00,0.00565422,00:10 - 08:10,38,0
2023-01-03 00:38:00,0.00564822,00:10 - 08:10,38,0
2023-01-03 00:39:00,0.00564089,00:10 - 08:10,38,0
2023-01-03 00:40:00,0.00564089,00:10 - 08:10,38,0
2023-01-03 00:41:00,0.00563505,00:10 - 08:10,38,0
2023-01-03 00:42:00,0.00562972,00:10 - 08:10,38,0
2023-01-03 00:43:00,0.00563205,00:10 - 08:10,38,0
2023-01-03 00:44:00,0.00562922,00:10 - 08:10,38,0
2023-01-03 00:45:00,0.00562922,00:10 - 08:10,38,0
2023-01-03 00:46:00,0.00562922,00:10 - 08:10,38,0
2023-01-03 00:47:00,0.00562989,00:10 - 08:10,38,0
2023-01-03 00:48:00,0.00563172,00:10 - 08:10,38,0
2023-01-03 00:49:00,0.00563355,00:10 - 08:10,38,0
2023-01-03 00:50:00,0.00563355,00:10 - 08:10,38,0
2023-01-03 00:51:00,0.00563172,00:10 - 08:10,38,0
2023-01-03 00:52:00,0.00563172,00:10 - 08:10,38,0
2023-01-03 00:53:00,0.00561872,00:10 - 08:10,38,0
2023-01-03 00:54:00,0.00561205,00:10 - 08:10,38,0
2023-01-03 00:55:00,0.00560139,00:10 - 08:10,38,0
2023-01-03 00:56:00,0.00559305,00:10 - 08:10,38,0
2023-01-03 00:57:00,0.00559305,00:10 - 08:10,38,0
2023-01-03 00:58:00,0.00559305,00:10 - 08:10,38,0
2023-01-03 00:59:00,0.00559072,00:10 - 08:10,38,0
2023-01-03 01:00:00,0.00557922,00:10 - 08:10,38,0
2023-01-03 01:01:00,0.00556739,00:10 - 08:10,38,0
2023-01-03 01:02:00,0.00556239,00:10 - 08:10,38,0
2023-01-03 01:03:00,0.00556239,00:10 - 08:10,38,0
2023-01-03 01:04:00,0.00555605,00:10 - 08:10,38,0
2023-01-03 01:05:00,0.00554689,00:10 - 08:10,38,0
2023-01-03 01:06:00,0.00554689,00:10 - 08:10,38,0
2023-01-03 01:07:00,0.00553222,00:10 - 08:10,38,0
2023-01-03 01:08:00,0.00553089,00:10 - 08:10,38,0
2023-01-03 01:09:00,0.00553089,00:10 - 08:10,38,0
2023-01-03 01:10:00,0.00553089,00:10 - 08:10,38,0
2023-01-03 01:11:00,0.00552889,00:10 - 08:10,38,0
2023-01-03 01:12:00,0.00552889,00:10 - 08:10,38,0
2023-01-03 01:13:00,0.00552155,00:10 - 08:10,38,0
2023-01-03 01:14:00,0.00551855,00:10 - 08:10,38,0
2023-01-03 01:15:00,0.00551855,00:10 - 08:10,38,0
2023-01-03 01:16:00,0.00551639,00:10 - 08:10,38,0
2023-01-03 01:17:00,0.00551089,00:10 - 08:10,38,0
2023-01-03 01:18:00,0.00550755,00:10 - 08:10,38,0
2023-01-03 01:19:00,0.00549705,00:10 - 08:10,38,0
2023-01-03 01:20:00,0.00548239,00:10 - 08:10,38,0
2023-01-03 01:21:00,0.00548239,00:10 - 08:10,38,0
2023-01-03 01:22:00,0.00547272,00:10 - 08:10,38,0
2023-01-03 01:23:00,0.00547272,00:10 - 08:10,38,0
2023-01-03 01:24:00,0.00544905,00:10 - 08:10,38,0
2023-01-03 01:25:00,0.00544089,00:10 - 08:10,38,0
2023-01-03 01:26:00,0.00544089,00:10 - 08:10,38,0
2023-01-03 01:27:00,0.00543905,00:10 - 08:10,38,0
2023-01-03 01:28:00,0.00543172,00:10 - 08:10,38,0
2023-01-03 01:29:00,0.00542255,00:10 - 08:10,38,0
2023-01-03 01:30:00,0.00542005,00:10 - 08:10,38,0
2023-01-03 01:31:00,0.00541472,00:10 - 08:10,38,0
2023-01-03 01:32:00,0.00541489,00:10 - 08:10,38,0
2023-01-03 01:33:00,0.00540372,00:10 - 08:10,38,0
2023-01-03 01:34:00,0.00540022,00:10 - 08:10,38,0
2023-01-03 01:35:00,0.00540422,00:10 - 08:10,38,0
2023-01-03 01:36:00,0.00540189,00:10 - 08:10,38,0
2023-01-03 01:37:00,0.00540272,00:10 - 08:10,38,0
2023-01-03 01:38:00,0.00539772,00:10 - 08:10,38,0
2023-01-03 01:39:00,0.00538839,00:10 - 08:10,38,0
2023-01-03 01:40:00,0.00537755,00:10 - 08:10,38,0
2023-01-03 01:41:00,0.00536622,00:10 - 08:10,38,0
2023-01-03 01:42:00,0.00536622,00:10 - 08:10,38,0
2023-01-03 01:43:00,0.00535489,00:10 - 08:10,38,0
2023-01-03 01:44:00,0.00535022,00:10 - 08:10,38,0
2023-01-03 01:45:00,0.00534972,00:10 - 08:10,38,0
2023-01-03 01:46:00,0.00534889,00:10 - 08:10,38,0
2023-01-03 01:47:00,0.00534889,00:10 - 08:10,38,0
2023-01-03 01:48:00,0.00533788,00:10 - 08:10,38,0
2023-01-03 01:49:00,0.00533788,00:10 - 08:10,38,0
2023-01-03 01:50:00,0.00533322,00:10 - 08:10,38,0
2023-01-03 01:51:00,0.00532705,00:10 - 08:10,38,0
2023-01-03 01:52:00,0.00531955,00:10 - 08:10,38,0
2023-01-03 01:53:00,0.00531022,00:10 - 08:10,38,0
2023-01-03 01:54:00,0.00530105,00:10 - 08:10,38,0
2023-01-03 01:55:00,0.00530105,00:10 - 08:10,38,0
2023-01-03 01:56:00,0.00529205,00:10 - 08:10,38,0
2023-01-03 01:57:00,0.00528272,00:10 - 08:10,38,0
2023-01-03 01:58:00,0.00528255,00:10 - 08:10,38,0
2023-01-03 01:59:00,0.00528339,00:10 - 08:10,38,0
2023-01-03 02:00:00,0.00527839,00:10 - 08:10,38,0
2023-01-03 02:01:00,0.00527939,00:10 - 08:10,38,0
2023-01-03 02:02:00,0.00527672,00:10 - 08:10,38,0
2023-01-03 02:03:00,0.00527672,00:10 - 08:10,38,0
2023-01-03 02:04:00,0.00528222,00:10 - 08:10,38,0
2023-01-03 02:05:00,0.00528222,00:10 - 08:10,38,0
2023-01-03 02:06:00,0.00528422,00:10 - 08:10,38,0
2023-01-03 02:07:00,0.00527905,00:10 - 08:10,38,0
2023-01-03 02:08:00,0.00527338,00:10 - 08:10,38,0
2023-01-03 02:09:00,0.00526955,00:10 - 08:10,38,0
2023-01-03 02:10:00,0.00526472,00:10 - 08:10,38,0
2023-01-03 02:11:00,0.00526172,00:10 - 08:10,38,0
2023-01-03 02:12:00,0.00526422,00:10 - 08:10,38,0
2023-01-03 02:13:00,0.00526039,00:10 - 08:10,38,0
2023-01-03 02:14:00,0.00525455,00:10 - 08:10,38,0
2023-01-03 02:15:00,0.00524972,00:10 - 08:10,38,0
2023-01-03 02:16:00,0.00524305,00:10 - 08:10,38,0
2023-01-03 02:17:00,0.00523739,00:10 - 08:10,38,0
2023-01-03 02:18:00,0.00523839,00:10 - 08:10,38,0
2023-01-03 02:19:00,0.00522705,00:10 - 08:10,38,0
2023-01-03 02:20:00,0.00521672,00:10 - 08:10,38,0
2023-01-03 02:21:00,0.00521288,00:10 - 08:10,38,0
2023-01-03 02:22:00,0.00520655,00:10 - 08:10,38,0
2023-01-03 02:23:00,0.00519822,00:10 - 08:10,38,0
2023-01-03 02:24:00,0.00519838,00:10 - 08:10,38,0
2023-01-03 02:25:00,0.00519389,00:10 - 08:10,38,0
2023-01-03 02:26:00,0.00519122,00:10 - 08:10,38,0
2023-01-03 02:27:00,0.00519055,00:10 - 08:10,38,0
2023-01-03 02:28:00,0.00519238,00:10 - 08:10,38,0
2023-01-03 02:29:00,0.00519839,00:10 - 08:10,38,0
2023-01-03 02:30:00,0.00519938,00:10 - 08:10,38,0
2023-01-03 02:31:00,0.00520155,00:10 - 08:10,38,0
2023-01-03 02:32:00,0.00520305,00:10 - 08:10,38,0
2023-01-03 02:33:00,0.00520705,00:10 - 08:10,38,0
2023-01-03 02:34:00,0.00521155,00:10 - 08:10,38,0
2023-01-03 02:35:00,0.00522122,00:10 - 08:10,38,0
2023-01-03 02:36:00,0.00522122,00:10 - 08:10,38,0
2023-01-03 02:37:00,0.00522839,00:10 - 08:10,38,0
2023-01-03 02:38:00,0.00522839,00:10 - 08:10,38,0
2023-01-03 02:39:00,0.00522905,00:10 - 08:10,38,0
2023-01-03 02:40:00,0.00522789,00:10 - 08:10,38,0
2023-01-03 02:41:00,0.00522672,00:10 - 08:10,38,0
2023-01-03 02:42:00,0.00522672,00:10 - 08:10,38,0
2023-01-03 02:43:00,0.00522672,00:10 - 08:10,38,0
2023-01-03 02:44:00,0.00523372,00:10 - 08:10,38,0
2023-01-03 02:45:00,0.00523522,00:10 - 08:10,38,0
2023-01-03 02:46:00,0.00523089,00:10 - 08:10,38,0
2023-01-03 02:47:00,0.00522405,00:10 - 08:10,38,0
2023-01-03 02:48:00,0.00522455,00:10 - 08:10,38,0
2023-01-03 02:49:00,0.00522455,00:10 - 08:10,38,0
2023-01-03 02:50:00,0.00520655,00:10 - 08:10,38,0
2023-01-03 02:51:00,0.00520655,00:10 - 08:10,38,0
2023-01-03 02:52:00,0.00520522,00:10 - 08:10,38,0
2023-01-03 02:53:00,0.00520522,00:10 - 08:10,38,0
2023-01-03 02:54:00,0.00520522,00:10 - 08:10,38,0
2023-01-03 02:55:00,0.00520472,00:10 - 08:10,38,0
2023-01-03 02:56:00,0.00520105,00:10 - 08:10,38,0
2023-01-03 02:57:00,0.00519588,00:10 - 08:10,38,0
2023-01-03 02:58:00,0.00519189,00:10 - 08:10,38,0
2023-01-03 02:59:00,0.00519205,00:10 - 08:10,38,0
2023-01-03 03:00:00,0.00518489,00:10 - 08:10,38,0
2023-01-03 03:01:00,0.00517638,00:10 - 08:10,38,0
2023-01-03 03:02:00,0.00517638,00:10 - 08:10,38,0
2023-01-03 03:03:00,0.00516389,00:10 - 08:10,38,0
2023-01-03 03:04:00,0.00516038,00:10 - 08:10,38,0
2023-01-03 03:05:00,0.00516038,00:10 - 08:10,38,0
2023-01-03 03:06:00,0.00515972,00:10 - 08:10,38,0
2023-01-03 03:07:00,0.00516022,00:10 - 08:10,38,0
2023-01-03 03:08:00,0.00516339,00:10 - 08:10,38,0
2023-01-03 03:09:00,0.00516339,00:10 - 08:10,38,0
2023-01-03 03:10:00,0.00516755,00:10 - 08:10,38,0
2023-01-03 03:11:00,0.00517405,00:10 - 08:10,38,0
2023-01-03 03:12:00,0.00517972,00:10 - 08:10,38,0
2023-01-03 03:13:00,0.00517522,00:10 - 08:10,38,0
2023-01-03 03:14:00,0.00517055,00:10 - 08:10,38,0
2023-01-03 03:15:00,0.00516072,00:10 - 08:10,38,0
2023-01-03 03:16:00,0.00515172,00:10 - 08:10,38,0
2023-01-03 03:17:00,0.00515172,00:10 - 08:10,38,0
2023-01-03 03:18:00,0.00514655,00:10 - 08:10,38,0
2023-01-03 03:19:00,0.00514639,00:10 - 08:10,38,0
2023-01-03 03:20:00,0.00514972,00:10 - 08:10,38,0
2023-01-03 03:21:00,0.00515289,00:10 - 08:10,38,0
2023-01-03 03:22:00,0.00515772,00:10 - 08:10,38,0
2023-01-03 03:23:00,0.00515772,00:10 - 08:10,38,0
2023-01-03 03:24:00,0.00516555,00:10 - 08:10,38,0
2023-01-03 03:25:00,0.00517039,00:10 - 08:10,38,0
2023-01-03 03:26:00,0.00517155,00:10 - 08:10,38,0
2023-01-03 03:27:00,0.00517155,00:10 - 08:10,38,0
2023-01-03 03:28:00,0.00517555,00:10 - 08:10,38,0
2023-01-03 03:29:00,0.00517555,00:10 - 08:10,38,0
2023-01-03 03:30:00,0.00518172,00:10 - 08:10,38,0
2023-01-03 03:31:00,0.00518538,00:10 - 08:10,38,0
2023-01-03 03:32:00,0.00518939,00:10 - 08:10,38,0
2023-01-03 03:33:00,0.00519538,00:10 - 08:10,38,0
2023-01-03 03:34:00,0.00519538,00:10 - 08:10,38,0
2023-01-03 03:35:00,0.00520439,00:10 - 08:10,38,0
2023-01-03 03:36:00,0.00521638,00:10 - 08:10,38,0
2023-01-03 03:37:00,0.00521838,00:10 - 08:10,38,0
2023-01-03 03:38:00,0.00522022,00:10 - 08:10,38,0
2023-01-03 03:39:00,0.00522888,00:10 - 08:10,38,0
2023-01-03 03:40:00,0.00522888,00:10 - 08:10,38,0
2023-01-03 03:41:00,0.00522888,00:10 - 08:10,38,0
2023-01-03 03:42:00,0.00523472,00:10 - 08:10,38,0
2023-01-03 03:43:00,0.00523022,00:10 - 08:10,38,0
2023-01-03 03:44:00,0.00522855,00:10 - 08:10,38,0
2023-01-03 03:45:00,0.00523139,00:10 - 08:10,38,0
2023-01-03 03:46:00,0.00523139,00:10 - 08:10,38,0
2023-01-03 03:47:00,0.00523355,00:10 - 08:10,38,0
2023-01-03 03:48:00,0.00523538,00:10 - 08:10,38,0
2023-01-03 03:49:00,0.00523672,00:10 - 08:10,38,0
2023-01-03 03:50:00,0.00524305,00:10 - 08:10,38,0
2023-01-03 03:51:00,0.00524572,00:10 - 08:10,38,0
2023-01-03 03:52:00,0.00524572,00:10 - 08:10,38,0
2023-01-03 03:53:00,0.00524938,00:10 - 08:10,38,0
2023-01-03 03:54:00,0.00525455,00:10 - 08:10,38,0
2023-01-03 03:55:00,0.00525122,00:10 - 08:10,38,0
2023-01-03 03:56:00,0.00525122,00:10 - 08:10,38,0
2023-01-03 03:57:00,0.00525122,00:10 - 08:10,38,0
2023-01-03 03:58:00,0.00524839,00:10 - 08:10,38,0
2023-01-03 03:59:00,0.00596305,00:10 - 08:10,38,0
2023-01-03 04:00:00,0.00595722,00:10 - 08:10,38,0
2023-01-03 04:01:00,0.00595072,00:10 - 08:10,38,0
2023-01-03 04:02:00,0.00594322,00:10 - 08:10,38,0
2023-01-03 04:03:00,0.00593972,00:10 - 08:10,38,0
2023-01-03 04:04:00,0.00593972,00:10 - 08:10,38,0
2023-01-03 04:05:00,0.00593972,00:10 - 08:10,38,0
2023-01-03 04:06:00,0.00593805,00:10 - 08:10,38,0
2023-01-03 04:07:00,0.00593572,00:10 - 08:10,38,0
2023-01-03 04:08:00,0.00593155,00:10 - 08:10,38,0
2023-01-03 04:09:00,0.00593155,00:10 - 08:10,38,0
2023-01-03 04:10:00,0.00592588,00:10 - 08:10,38,0
2023-01-03 04:11:00,0.00592355,00:10 - 08:10,38,0
2023-01-03 04:12:00,0.00592039,00:10 - 08:10,38,0
2023-01-03 04:13:00,0.00591839,00:10 - 08:10,38,0
2023-01-03 04:14:00,0.00591222,00:10 - 08:10,38,0
2023-01-03 04:15:00,0.00591222,00:10 - 08:10,38,0
2023-01-03 04:16:00,0.00590722,00:10 - 08:10,38,0
2023-01-03 04:17:00,0.00590489,00:10 - 08:10,38,0
2023-01-03 04:18:00,0.00590839,00:10 - 08:10,38,0
2023-01-03 04:19:00,0.00590839,00:10 - 08:10,38,0
2023-01-03 04:20:00,0.00591122,00:10 - 08:10,38,0
2023-01-03 04:21:00,0.00591039,00:10 - 08:10,38,0
2023-01-03 04:22:00,0.00590805,00:10 - 08:10,38,0
2023-01-03 04:23:00,0.00590805,00:10 - 08:10,38,0
2023-01-03 04:24:00,0.00590205,00:10 - 08:10,38,0
2023-01-03 04:25:00,0.00589705,00:10 - 08:10,38,0
2023-01-03 04:26:00,0.00589355,00:10 - 08:10,38,0
2023-01-03 04:27:00,0.00589355,00:10 - 08:10,38,0
2023-01-03 04:28:00,0.00589105,00:10 - 08:10,38,0
2023-01-03 04:29:00,0.00588422,00:10 - 08:10,38,0
2023-01-03 04:30:00,0.00588172,00:10 - 08:10,38,0
2023-01-03 04:31:00,0.00588172,00:10 - 08:10,38,0
2023-01-03 04:32:00,0.00588239,00:10 - 08:10,38,0
2023-01-03 04:33:00,0.00588239,00:10 - 08:10,38,0
2023-01-03 04:34:00,0.00588805,00:10 - 08:10,38,0
2023-01-03 04:35:00,0.00588805,00:10 - 08:10,38,0
2023-01-03 04:36:00,0.00587722,00:10 - 08:10,38,0
2023-01-03 04:37:00,0.00587039,00:10 - 08:10,38,0
2023-01-03 04:38:00,0.00587039,00:10 - 08:10,38,0
2023-01-03 04:39:00,0.00586405,00:10 - 08:10,38,0
2023-01-03 04:40:00,0.00586405,00:10 - 08:10,38,0
2023-01-03 04:41:00,0.00585355,00:10 - 08:10,38,0
2023-01-03 04:42:00,0.00584539,00:10 - 08:10,38,0
2023-01-03 04:43:00,0.00583588,00:10 - 08:10,38,0
2023-01-03 04:44:00,0.00583588,00:10 - 08:10,38,0
2023-01-03 04:45:00,0.00583039,00:10 - 08:10,38,0
2023-01-03 04:46:00,0.00583039,00:10 - 08:10,38,0
2023-01-03 04:47:00,0.00582205,00:10 - 08:10,38,0
2023-01-03 04:48:00,0.00582022,00:10 - 08:10,38,0
2023-01-03 04:49:00,0.00582022,00:10 - 08:10,38,0
2023-01-03 04:50:00,0.00581672,00:10 - 08:10,38,0
2023-01-03 04:51:00,0.00581239,00:10 - 08:10,38,0
2023-01-03 04:52:00,0.00581055,00:10 - 08:10,38,0
2023-01-03 04:53:00,0.00580939,00:10 - 08:10,38,0
2023-01-03 04:54:00,0.00580272,00:10 - 08:10,38,0
2023-01-03 04:55:00,0.00580272,00:10 - 08:10,38,0
2023-01-03 04:56:00,0.00579572,00:10 - 08:10,38,0
2023-01-03 04:57:00,0.00579155,00:10 - 08:10,38,0
2023-01-03 04:58:00,0.00578889,00:10 - 08:10,38,0
2023-01-03 04:59:00,0.00578889,00:10 - 08:10,38,0
2023-01-03 05:00:00,0.00578505,00:10 - 08:10,38,0
2023-01-03 05:01:00,0.00578505,00:10 - 08:10,38,0
2023-01-03 05:02:00,0.00578305,00:10 - 08:10,38,0
2023-01-03 05:03:00,0.00578105,00:10 - 08:10,38,0
2023-01-03 05:04:00,0.00577672,00:10 - 08:10,38,0
2023-01-03 05:05:00,0.00577122,00:10 - 08:10,38,0
2023-01-03 05:06:00,0.00577139,00:10 - 08:10,38,0
2023-01-03 05:07:00,0.00576555,00:10 - 08:10,38,0
2023-01-03 05:08:00,0.00576089,00:10 - 08:10,38,0
2023-01-03 05:09:00,0.00575839,00:10 - 08:10,38,0
2023-01-03 05:10:00,0.00575555,00:10 - 08:10,38,0
2023-01-03 05:11:00,0.00574922,00:10 - 08:10,38,0
2023-01-03 05:12:00,0.00574922,00:10 - 08:10,38,0
2023-01-03 05:13:00,0.00574922,00:10 - 08:10,38,0
2023-01-03 05:14:00,0.00575739,00:10 - 08:10,38,0
2023-01-03 05:15:00,0.00576689,00:10 - 08:10,38,0
2023-01-03 05:16:00,0.00577155,00:10 - 08:10,38,0
2023-01-03 05:17:00,0.00577155,00:10 - 08:10,38,0
2023-01-03 05:18:00,0.00577155,00:10 - 08:10,38,0
2023-01-03 05:19:00,0.00577989,00:10 - 08:10,38,0
2023-01-03 05:20:00,0.00578139,00:10 - 08:10,38,0
2023-01-03 05:21:00,0.00578505,00:10 - 08:10,38,0
2023-01-03 05:22:00,0.00578505,00:10 - 08:10,38,0
2023-01-03 05:23:00,0.00578522,00:10 - 08:10,38,0
2023-01-03 05:24:00,0.00578522,00:10 - 08:10,38,0
2023-01-03 05:25:00,0.00578372,00:10 - 08:10,38,0
2023-01-03 05:26:00,0.00577422,00:10 - 08:10,38,0
2023-01-03 05:27:00,0.00577139,00:10 - 08:10,38,0
2023-01-03 05:28:00,0.00577139,00:10 - 08:10,38,0
2023-01-03 05:29:00,0.00577089,00:10 - 08:10,38,0
2023-01-03 05:30:00,0.00576872,00:10 - 08:10,38,0
2023-01-03 05:31:00,0.00576722,00:10 - 08:10,38,0
2023-01-03 05:32:00,0.00577022,00:10 - 08:10,38,0
2023-01-03 05:33:00,0.00577022,00:10 - 08:10,38,0
2023-01-03 05:34:00,0.00577072,00:10 - 08:10,38,0
2023-01-03 05:35:00,0.00577072,00:10 - 08:10,38,0
2023-01-03 05:36:00,0.00577605,00:10 - 08:10,38,0
2023-01-03 05:37:00,0.00576922,00:10 - 08:10,38,0
2023-01-03 05:38:00,0.00577255,00:10 - 08:10,38,0
2023-01-03 05:39:00,0.00577255,00:10 - 08:10,38,0
2023-01-03 05:40:00,0.00577889,00:10 - 08:10,38,0
2023-01-03 05:41:00,0.00578905,00:10 - 08:10,38,0
2023-01-03 05:42:00,0.00578905,00:10 - 08:10,38,0
2023-01-03 05:43:00,0.00580172,00:10 - 08:10,38,0
2023-01-03 05:44:00,0.00580172,00:10 - 08:10,38,0
2023-01-03 05:45:00,0.00580672,00:10 - 08:10,38,0
2023-01-03 05:46:00,0.00581855,00:10 - 08:10,38,0
2023-01-03 05:47:00,0.00582439,00:10 - 08:10,38,0
2023-01-03 05:48:00,0.00582905,00:10 - 08:10,38,0
2023-01-03 05:49:00,0.00583455,00:10 - 08:10,38,0
2023-01-03 05:50:00,0.00583455,00:10 - 08:10,38,0
2023-01-03 05:51:00,0.00584055,00:10 - 08:10,38,0
2023-01-03 05:52:00,0.00585155,00:10 - 08:10,38,0
2023-01-03 05:53:00,0.00585805,00:10 - 08:10,38,0
2023-01-03 05:54:00,0.00586755,00:10 - 08:10,38,0
2023-01-03 05:55:00,0.00586755,00:10 - 08:10,38,0
2023-01-03 05:56:00,0.00587722,00:10 - 08:10,38,0
2023-01-03 05:57:00,0.00588389,00:10 - 08:10,38,0
2023-01-03 05:58:00,0.00588922,00:10 - 08:10,38,0
2023-01-03 05:59:00,0.00589755,00:10 - 08:10,38,0
2023-01-03 06:00:00,0.00591405,00:10 - 08:10,38,0
2023-01-03 06:01:00,0.00591405,00:10 - 08:10,38,0
2023-01-03 06:02:00,0.00593722,00:10 - 08:10,38,0
2023-01-03 06:03:00,0.00595472,00:10 - 08:10,38,0
2023-01-03 06:04:00,0.00597189,00:10 - 08:10,38,0
2023-01-03 06:05:00,0.00598939,00:10 - 08:10,38,0
2023-01-03 06:06:00,0.00600705,00:10 - 08:10,38,0
2023-01-03 06:07:00,0.00600705,00:10 - 08:10,38,0
2023-01-03 06:08:00,0.00601638,00:10 - 08:10,38,0
2023-01-03 06:09:00,0.00601638,00:10 - 08:10,38,0
2023-01-03 06:10:00,0.00602522,00:10 - 08:10,38,0
2023-01-03 06:11:00,0.00603105,00:10 - 08:10,38,0
2023-01-03 06:12:00,0.00604872,00:10 - 08:10,38,0
2023-01-03 06:13:00,0.00604872,00:10 - 08:10,38,0
2023-01-03 06:14:00,0.00605272,00:10 - 08:10,38,0
2023-01-03 06:15:00,0.00605272,00:10 - 08:10,38,0
2023-01-03 06:16:00,0.00605622,00:10 - 08:10,38,0
2023-01-03 06:17:00,0.00605855,00:10 - 08:10,38,0
2023-01-03 06:18:00,0.00605705,00:10 - 08:10,38,0
2023-01-03 06:19:00,0.00605539,00:10 - 08:10,38,0
2023-01-03 06:20:00,0.00605739,00:10 - 08:10,38,0
2023-01-03 06:21:00,0.00606222,00:10 - 08:10,38,0
2023-01-03 06:22:00,0.00607389,00:10 - 08:10,38,0
2023-01-03 06:23:00,0.00608822,00:10 - 08:10,38,0
2023-01-03 06:24:00,0.00608822,00:10 - 08:10,38,0
2023-01-03 06:25:00,0.00610105,00:10 - 08:10,38,0
2023-01-03 06:26:00,0.00610939,00:10 - 08:10,38,0
2023-01-03 06:27:00,0.00611655,00:10 - 08:10,38,0
2023-01-03 06:28:00,0.00612272,00:10 - 08:10,38,0
2023-01-03 06:29:00,0.00613122,00:10 - 08:10,38,0
2023-01-03 06:30:00,0.00613105,00:10 - 08:10,38,0
2023-01-03 06:31:00,0.00614605,00:10 - 08:10,38,0
2023-01-03 06:32:00,0.00614605,00:10 - 08:10,38,0
2023-01-03 06:33:00,0.00614522,00:10 - 08:10,38,0
2023-01-03 06:34:00,0.00614989,00:10 - 08:10,38,0
2023-01-03 06:35:00,0.00614989,00:10 - 08:10,38,0
2023-01-03 06:36:00,0.00615305,00:10 - 08:10,38,0
2023-01-03 06:37:00,0.00615389,00:10 - 08:10,38,0
2023-01-03 06:38:00,0.00615389,00:10 - 08:10,38,0
2023-01-03 06:39:00,0.00615505,00:10 - 08:10,38,0
2023-01-03 06:40:00,0.00615289,00:10 - 08:10,38,0
2023-01-03 06:41:00,0.00615289,00:10 - 08:10,38,0
2023-01-03 06:42:00,0.00615222,00:10 - 08:10,38,0
2023-01-03 06:43:00,0.00615405,00:10 - 08:10,38,0
2023-01-03 06:44:00,0.00615439,00:10 - 08:10,38,0
2023-01-03 06:45:00,0.00615405,00:10 - 08:10,38,0
2023-01-03 06:46:00,0.00615089,00:10 - 08:10,38,0
2023-01-03 06:47:00,0.00615089,00:10 - 08:10,38,0
2023-01-03 06:48:00,0.00615089,00:10 - 08:10,38,0
2023-01-03 06:49:00,0.00615239,00:10 - 08:10,38,0
2023-01-03 06:50:00,0.00615239,00:10 - 08:10,38,0
2023-01-03 06:51:00,0.00615605,00:10 - 08:10,38,0
2023-01-03 06:52:00,0.00615605,00:10 - 08:10,38,0
2023-01-03 06:53:00,0.00615605,00:10 - 08:10,38,0
2023-01-03 06:54:00,0.00615605,00:10 - 08:10,38,0
2023-01-03 06:55:00,0.00615389,00:10 - 08:10,38,0
2023-01-03 06:56:00,0.00615739,00:10 - 08:10,38,0
2023-01-03 06:57:00,0.00615622,00:10 - 08:10,38,0
2023-01-03 06:58:00,0.00615622,00:10 - 08:10,38,0
2023-01-03 06:59:00,0.00615605,00:10 - 08:10,38,0
2023-01-03 07:00:00,0.00615605,00:10 - 08:10,38,0
2023-01-03 07:01:00,0.00615189,00:10 - 08:10,38,0
2023-01-03 07:02:00,0.00615505,00:10 - 08:10,38,0
2023-01-03 07:03:00,0.00615272,00:10 - 08:10,38,0
2023-01-03 07:04:00,0.00615272,00:10 - 08:10,38,0
2023-01-03 07:05:00,0.00614705,00:10 - 08:10,38,0
2023-01-03 07:06:00,0.00614705,00:10 - 08:10,38,0
2023-01-03 07:07:00,0.00614522,00:10 - 08:10,38,0
2023-01-03 07:08:00,0.00614489,00:10 - 08:10,38,0
2023-01-03 07:09:00,0.00614489,00:10 - 08:10,38,0
2023-01-03 07:10:00,0.00614389,00:10 - 08:10,38,0
2023-01-03 07:11:00,0.00614389,00:10 - 08:10,38,0
2023-01-03 07:12:00,0.00615255,00:10 - 08:10,38,0
2023-01-03 07:13:00,0.00615255,00:10 - 08:10,38,0
2023-01-03 07:14:00,0.00615239,00:10 - 08:10,38,0
2023-01-03 07:15:00,0.00615239,00:10 - 08:10,38,0
2023-01-03 07:16:00,0.00614739,00:10 - 08:10,38,0
2023-01-03 07:17:00,0.00614922,00:10 - 08:10,38,0
2023-01-03 07:18:00,0.00614922,00:10 - 08:10,38,0
2023-01-03 07:19:00,0.00616322,00:10 - 08:10,38,0
2023-01-03 07:20:00,0.00616055,00:10 - 08:10,38,0
2023-01-03 07:21:00,0.00616055,00:10 - 08:10,38,0
2023-01-03 07:22:00,0.00615622,00:10 - 08:10,38,0
2023-01-03 07:23:00,0.00614955,00:10 - 08:10,38,0
2023-01-03 07:24:00,0.00614055,00:10 - 08:10,38,0
2023-01-03 07:25:00,0.00613589,00:10 - 08:10,38,0
2023-01-03 07:26:00,0.00613589,00:10 - 08:10,38,0
2023-01-03 07:27:00,0.00613589,00:10 - 08:10,38,0
2023-01-03 07:28:00,0.00613305,00:10 - 08:10,38,0
2023-01-03 07:29:00,0.00613005,00:10 - 08:10,38,0
2023-01-03 07:30:00,0.00612622,00:10 - 08:10,38,0
2023-01-03 07:31:00,0.00611088,00:10 - 08:10,38,0
2023-01-03 07:32:00,0.00611088,00:10 - 08:10,38,0
2023-01-03 07:33:00,0.00610189,00:10 - 08:10,38,0
2023-01-03 07:34:00,0.00609022,00:10 - 08:10,38,0
2023-01-03 07:35:00,0.00609022,00:10 - 08:10,38,0
2023-01-03 07:36:00,0.00607522,00:10 - 08:10,38,0
2023-01-03 07:37:00,0.00607439,00:10 - 08:10,38,0
2023-01-03 07:38:00,0.00607439,00:10 - 08:10,38,0
2023-01-03 07:39:00,0.00607405,00:10 - 08:10,38,0
2023-01-03 07:40:00,0.00607655,00:10 - 08:10,38,0
2023-01-03 07:41:00,0.00607772,00:10 - 08:10,38,0
2023-01-03 07:42:00,0.00608889,00:10 - 08:10,38,0
2023-01-03 07:43:00,0.00610272,00:10 - 08:10,38,0
2023-01-03 07:44:00,0.00610272,00:10 - 08:10,38,0
2023-01-03 07:45:00,0.00611389,00:10 - 08:10,38,0
2023-01-03 07:46:00,0.00612589,00:10 - 08:10,38,0
2023-01-03 07:47:00,0.00613955,00:10 - 08:10,38,0
2023-01-03 07:48:00,0.00613955,00:10 - 08:10,38,0
2023-01-03 07:49:00,0.00615305,00:10 - 08:10,38,0
2023-01-03 07:50:00,0.00616789,00:10 - 08:10,38,0
2023-01-03 07:51:00,0.00618172,00:10 - 08:10,38,0
2023-01-03 07:52:00,0.00619489,00:10 - 08:10,38,0
2023-01-03 07:53:00,0.00620955,00:10 - 08:10,38,0
2023-01-03 07:54:00,0.00622372,00:10 - 08:10,38,0
2023-01-03 07:55:00,0.00622372,00:10 - 08:10,38,0
2023-01-03 07:56:00,0.00623655,00:10 - 08:10,38,0
2023-01-03 07:57:00,0.00624505,00:10 - 08:10,38,0
2023-01-03 07:58:00,0.00624955,00:10 - 08:10,38,0
2023-01-03 07:59:00,0.00624955,00:10 - 08:10,38,0
2023-01-03 08:00:00,0.00625455,00:10 - 08:10,38,0
2023-01-03 08:01:00,-0.00141926,00:10 - 08:10,38,0
2023-01-03 08:02:00,-0.00139626,00:10 - 08:10,38,0
2023-01-03 08:03:00,-0.00097426,00:10 - 08:10,38,0
2023-01-03 08:04:00,-0.00068976,00:10 - 08:10,38,0
2023-01-03 08:05:00,-0.00065626,00:10 - 08:10,38,0
2023-01-03 08:06:00,-0.0003916,00:10 - 08:10,38,0
2023-01-03 08:07:00,-0.00040826,00:10 - 08:10,38,0
2023-01-03 08:08:00,-7.493e-05,00:10 - 08:10,38,0
2023-01-03 08:09:00,0.00027924,00:10 - 08:10,38,0
2023-01-03 08:10:00,0.00072924,08:10 - 16:10,39,0
2023-01-03 08:11:00,0.0009539,08:10 - 16:10,39,0
2023-01-03 08:12:00,0.00114324,08:10 - 16:10,39,0
2023-01-03 08:13:00,0.00138157,08:10 - 16:10,39,0
2023-01-03 08:14:00,0.0015689,08:10 - 16:10,39,0
2023-01-03 08:15:00,0.00175257,08:10 - 16:10,39,0
2023-01-03 08:16:00,0.00208474,08:10 - 16:10,39,0
2023-01-03 08:17:00,0.00229907,08:10 - 16:10,39,0
2023-01-03 08:18:00,0.00244907,08:10 - 16:10,39,0
2023-01-03 08:19:00,0.0025479,08:10 - 16:10,39,0
2023-01-03 08:20:00,0.00253057,08:10 - 16:10,39,0
2023-01-03 08:21:00,0.0025309,08:10 - 16:10,39,0
2023-01-03 08:22:00,0.00259757,08:10 - 16:10,39,0
2023-01-03 08:23:00,0.00268607,08:10 - 16:10,39,0
2023-01-03 08:24:00,0.00278607,08:10 - 16:10,39,0
2023-01-03 08:25:00,0.00291924,08:10 - 16:10,39,0
2023-01-03 08:26:00,0.0030359,08:10 - 16:10,39,0
2023-01-03 08:27:00,0.00314974,08:10 - 16:10,39,0
2023-01-03 08:28:00,0.00323307,08:10 - 16:10,39,0
2023-01-03 08:29:00,0.00317807,08:10 - 16:10,39,0
2023-01-03 08:30:00,0.00314474,08:10 - 16:10,39,0
2023-01-03 08:31:00,0.00311307,08:10 - 16:10,39,0
2023-01-03 08:32:00,0.00306124,08:10 - 16:10,39,0
2023-01-03 08:33:00,0.00304507,08:10 - 16:10,39,0
2023-01-03 08:34:00,0.00307574,08:10 - 16:10,39,0
2023-01-03 08:35:00,0.0030924,08:10 - 16:10,39,0
2023-01-03 08:36:00,0.00313324,08:10 - 16:10,39,0
2023-01-03 08:37:00,0.00307357,08:10 - 16:10,39,0
2023-01-03 08:38:00,0.0030049,08:10 - 16:10,39,0
2023-01-03 08:39:00,0.00298674,08:10 - 16:10,39,0
2023-01-03 08:40:00,0.00303674,08:10 - 16:10,39,0
2023-01-03 08:41:00,0.00304774,08:10 - 16:10,39,0
2023-01-03 08:42:00,0.00309774,08:10 - 16:10,39,0
2023-01-03 08:43:00,0.0031644,08:10 - 16:10,39,0
2023-01-03 08:44:00,0.00322324,08:10 - 16:10,39,0
2023-01-03 08:45:00,0.00318957,08:10 - 16:10,39,0
2023-01-03 08:46:00,0.0032019,08:10 - 16:10,39,0
2023-01-03 08:47:00,0.00321857,08:10 - 16:10,39,0
2023-01-03 08:48:00,0.00323374,08:10 - 16:10,39,0
2023-01-03 08:49:00,0.00320674,08:10 - 16:10,39,0
2023-01-03 08:50:00,0.0031354,08:10 - 16:10,39,0
2023-01-03 08:51:00,0.00306474,08:10 - 16:10,39,0
2023-01-03 08:52:00,0.0029814,08:10 - 16:10,39,0
2023-01-03 08:53:00,0.0028969,08:10 - 16:10,39,0
2023-01-03 08:54:00,0.00282957,08:10 - 16:10,39,0
2023-01-03 08:55:00,0.0027579,08:10 - 16:10,39,0
2023-01-03 08:56:00,0.00271024,08:10 - 16:10,39,0
2023-01-03 08:57:00,0.00264957,08:10 - 16:10,39,0
2023-01-03 08:58:00,0.00261107,08:10 - 16:10,39,0
2023-01-03 08:59:00,0.0025444,08:10 - 16:10,39,0
2023-01-03 09:00:00,0.00251974,08:10 - 16:10,39,0
2023-01-03 09:01:00,0.00245307,08:10 - 16:10,39,0
2023-01-03 09:02:00,0.00238924,08:10 - 16:10,39,0
2023-01-03 09:03:00,0.0023469,08:10 - 16:10,39,0
2023-01-03 09:04:00,0.0022969,08:10 - 16:10,39,0
2023-01-03 09:05:00,0.00223024,08:10 - 16:10,39,0
2023-01-03 09:06:00,0.0022174,08:10 - 16:10,39,0
2023-01-03 09:07:00,0.0021999,08:10 - 16:10,39,0
2023-01-03 09:08:00,0.00217457,08:10 - 16:10,39,0
2023-01-03 09:09:00,0.00214124,08:10 - 16:10,39,0
2023-01-03 09:10:00,0.00210357,08:10 - 16:10,39,0
2023-01-03 09:11:00,0.00207024,08:10 - 16:10,39,0
2023-01-03 09:12:00,0.00203307,08:10 - 16:10,39,0
2023-01-03 09:13:00,0.0020179,08:10 - 16:10,39,0
2023-01-03 09:14:00,0.00197174,08:10 - 16:10,39,0
2023-01-03 09:15:00,0.00197174,08:10 - 16:10,39,0
2023-01-03 09:16:00,0.00197924,08:10 - 16:10,39,0
2023-01-03 09:17:00,0.00197924,08:10 - 16:10,39,0
2023-01-03 09:18:00,0.00198574,08:10 - 16:10,39,0
2023-01-03 09:19:00,0.00202124,08:10 - 16:10,39,0
2023-01-03 09:20:00,0.00205457,08:10 - 16:10,39,0
2023-01-03 09:21:00,0.00208857,08:10 - 16:10,39,0
2023-01-03 09:22:00,0.0021244,08:10 - 16:10,39,0
2023-01-03 09:23:00,0.00211007,08:10 - 16:10,39,0
2023-01-03 09:24:00,0.00211007,08:10 - 16:10,39,0
2023-01-03 09:25:00,0.00212757,08:10 - 16:10,39,0
2023-01-03 09:26:00,0.0021109,08:10 - 16:10,39,0
2023-01-03 09:27:00,0.0021209,08:10 - 16:10,39,0
2023-01-03 09:28:00,0.00219424,08:10 - 16:10,39,0
2023-01-03 09:29:00,0.00224224,08:10 - 16:10,39,0
2023-01-03 09:30:00,0.00227107,08:10 - 16:10,39,0
2023-01-03 09:31:00,0.00227674,08:10 - 16:10,39,0
2023-01-03 09:32:00,0.00230224,08:10 - 16:10,39,0
2023-01-03 09:33:00,0.00228574,08:10 - 16:10,39,0
2023-01-03 09:34:00,0.00238324,08:10 - 16:10,39,0
2023-01-03 09:35:00,0.00247574,08:10 - 16:10,39,0
2023-01-03 09:36:00,0.00253474,08:10 - 16:10,39,0
2023-01-03 09:37:00,0.00260757,08:10 - 16:10,39,0
2023-01-03 09:38:00,0.00267374,08:10 - 16:10,39,0
2023-01-03 09:39:00,0.0027059,08:10 - 16:10,39,0
2023-01-03 09:40:00,0.0027584,08:10 - 16:10,39,0
2023-01-03 09:41:00,0.00279407,08:10 - 16:10,39,0
2023-01-03 09:42:00,0.00283374,08:10 - 16:10,39,0
2023-01-03 09:43:00,0.00288757,08:10 - 16:10,39,0
2023-01-03 09:44:00,0.0029209,08:10 - 16:10,39,0
2023-01-03 09:45:00,0.0029704,08:10 - 16:10,39,0
2023-01-03 09:46:00,0.00300424,08:10 - 16:10,39,0
2023-01-03 09:47:00,0.0030399,08:10 - 16:10,39,0
2023-01-03 09:48:00,0.00308907,08:10 - 16:10,39,0
2023-01-03 09:49:00,0.00313407,08:10 - 16:10,39,0
2023-01-03 09:50:00,0.00315074,08:10 - 16:10,39,0
2023-01-03 09:51:00,0.0031694,08:10 - 16:10,39,0
2023-01-03 09:52:00,0.00317524,08:10 - 16:10,39,0
2023-01-03 09:53:00,0.0031799,08:10 - 16:10,39,0
2023-01-03 09:54:00,0.00319807,08:10 - 16:10,39,0
2023-01-03 09:55:00,0.00319807,08:10 - 16:10,39,0
2023-01-03 09:56:00,0.00320207,08:10 - 16:10,39,0
2023-01-03 09:57:00,0.00320874,08:10 - 16:10,39,0
2023-01-03 09:58:00,0.0032089,08:10 - 16:10,39,0
2023-01-03 09:59:00,0.0032089,08:10 - 16:10,39,0
2023-01-03 10:00:00,0.00321074,08:10 - 16:10,39,0
2023-01-03 10:01:00,0.00319374,08:10 - 16:10,39,0
2023-01-03 10:02:00,0.0032264,08:10 - 16:10,39,0
2023-01-03 10:03:00,0.00323657,08:10 - 16:10,39,0
2023-01-03 10:04:00,0.0032449,08:10 - 16:10,39,0
2023-01-03 10:05:00,0.0032544,08:10 - 16:10,39,0
2023-01-03 10:06:00,0.00327707,08:10 - 16:10,39,0
2023-01-03 10:07:00,0.00327524,08:10 - 16:10,39,0
2023-01-03 10:08:00,0.00328924,08:10 - 16:10,39,0
2023-01-03 10:09:00,0.00330174,08:10 - 16:10,39,0
2023-01-03 10:10:00,0.00333174,08:10 - 16:10,39,0
2023-01-03 10:11:00,0.00336257,08:10 - 16:10,39,0
2023-01-03 10:12:00,0.0033549,08:10 - 16:10,39,0
2023-01-03 10:13:00,0.00336724,08:10 - 16:10,39,0
2023-01-03 10:14:00,0.00339807,08:10 - 16:10,39,0
2023-01-03 10:15:00,0.00339274,08:10 - 16:10,39,0
2023-01-03 10:16:00,0.0033764,08:10 - 16:10,39,0
2023-01-03 10:17:00,0.00338057,08:10 - 16:10,39,0
2023-01-03 10:18:00,0.00338557,08:10 - 16:10,39,0
2023-01-03 10:19:00,0.0033689,08:10 - 16:10,39,0
2023-01-03 10:20:00,0.00335607,08:10 - 16:10,39,0
2023-01-03 10:21:00,0.00335124,08:10 - 16:10,39,0
2023-01-03 10:22:00,0.00334907,08:10 - 16:10,39,0
2023-01-03 10:23:00,0.00333707,08:10 - 16:10,39,0
2023-01-03 10:24:00,0.00332607,08:10 - 16:10,39,0
2023-01-03 10:25:00,0.0033094,08:10 - 16:10,39,0
2023-01-03 10:26:00,0.00327607,08:10 - 16:10,39,0
2023-01-03 10:27:00,0.00325774,08:10 - 16:10,39,0
2023-01-03 10:28:00,0.00324974,08:10 - 16:10,39,0
2023-01-03 10:29:00,0.00322174,08:10 - 16:10,39,0
2023-01-03 10:30:00,0.0032119,08:10 - 16:10,39,0
2023-01-03 10:31:00,0.00317824,08:10 - 16:10,39,0
2023-01-03 10:32:00,0.00318657,08:10 - 16:10,39,0
2023-01-03 10:33:00,0.0031699,08:10 - 16:10,39,0
2023-01-03 10:34:00,0.00315057,08:10 - 16:10,39,0
2023-01-03 10:35:00,0.00312774,08:10 - 16:10,39,0
2023-01-03 10:36:00,0.0030944,08:10 - 16:10,39,0
2023-01-03 10:37:00,0.00307807,08:10 - 16:10,39,0
2023-01-03 10:38:00,0.0030609,08:10 - 16:10,39,0
2023-01-03 10:39:00,0.0030194,08:10 - 16:10,39,0
2023-01-03 10:40:00,0.0029814,08:10 - 16:10,39,0
2023-01-03 10:41:00,0.00295424,08:10 - 16:10,39,0
2023-01-03 10:42:00,0.00290424,08:10 - 16:10,39,0
2023-01-03 10:43:00,0.00285424,08:10 - 16:10,39,0
2023-01-03 10:44:00,0.00280424,08:10 - 16:10,39,0
2023-01-03 10:45:00,0.00275424,08:10 - 16:10,39,0
2023-01-03 10:46:00,0.00270424,08:10 - 16:10,39,0
2023-01-03 10:47:00,0.00265374,08:10 - 16:10,39,0
2023-01-03 10:48:00,0.00260374,08:10 - 16:10,39,0
2023-01-03 10:49:00,0.00255374,08:10 - 16:10,39,0
2023-01-03 10:50:00,0.00250374,08:10 - 16:10,39,0
2023-01-03 10:51:00,0.0024704,08:10 - 16:10,39,0
2023-01-03 10:52:00,0.00243707,08:10 - 16:10,39,0
2023-01-03 10:53:00,0.00240374,08:10 - 16:10,39,0
2023-01-03 10:54:00,0.00238707,08:10 - 16:10,39,0
2023-01-03 10:55:00,0.00238707,08:10 - 16:10,39,0
2023-01-03 10:56:00,0.00238707,08:10 - 16:10,39,0
2023-01-03 10:57:00,0.0023704,08:10 - 16:10,39,0
2023-01-03 10:58:00,0.00238707,08:10 - 16:10,39,0
2023-01-03 10:59:00,0.00240374,08:10 - 16:10,39,0
2023-01-03 11:00:00,0.00238707,08:10 - 16:10,39,0
2023-01-03 11:01:00,0.00238707,08:10 - 16:10,39,0
2023-01-03 11:02:00,0.00235374,08:10 - 16:10,39,0
2023-01-03 11:03:00,0.00233707,08:10 - 16:10,39,0
2023-01-03 11:04:00,0.0023204,08:10 - 16:10,39,0
2023-01-03 11:05:00,0.00230374,08:10 - 16:10,39,0
2023-01-03 11:06:00,0.00228707,08:10 - 16:10,39,0
2023-01-03 11:07:00,0.0022704,08:10 - 16:10,39,0
2023-01-03 11:08:00,0.00223707,08:10 - 16:10,39,0
2023-01-03 11:09:00,0.00220374,08:10 - 16:10,39,0
2023-01-03 11:10:00,0.00218707,08:10 - 16:10,39,0
2023-01-03 11:11:00,0.0021704,08:10 - 16:10,39,0
2023-01-03 11:12:00,0.00213707,08:10 - 16:10,39,0
2023-01-03 11:13:00,0.0021204,08:10 - 16:10,39,0
2023-01-03 11:14:00,0.00210374,08:10 - 16:10,39,0
2023-01-03 11:15:00,0.0020704,08:10 - 16:10,39,0
2023-01-03 11:16:00,0.00205374,08:10 - 16:10,39,0
2023-01-03 11:17:00,0.00203707,08:10 - 16:10,39,0
2023-01-03 11:18:00,0.0020204,08:10 - 16:10,39,0
2023-01-03 11:19:00,0.00200374,08:10 - 16:10,39,0
2023-01-03 11:20:00,0.00200374,08:10 - 16:10,39,0
2023-01-03 11:21:00,0.00198707,08:10 - 16:10,39,0
2023-01-03 11:22:00,0.00198707,08:10 - 16:10,39,0
2023-01-03 11:23:00,0.0019704,08:10 - 16:10,39,0
2023-01-03 11:24:00,0.00196974,08:10 - 16:10,39,0
2023-01-03 11:25:00,0.00195307,08:10 - 16:10,39,0
2023-01-03 11:26:00,0.00194174,08:10 - 16:10,39,0
2023-01-03 11:27:00,0.00192507,08:10 - 16:10,39,0
2023-01-03 11:28:00,0.0018999,08:10 - 16:10,39,0
2023-01-03 11:29:00,0.0018734,08:10 - 16:10,39,0
2023-01-03 11:30:00,0.0018509,08:10 - 16:10,39,0
2023-01-03 11:31:00,0.0018264,08:10 - 16:10,39,0
2023-01-03 11:32:00,0.0018049,08:10 - 16:10,39,0
2023-01-03 11:33:00,0.00177557,08:10 - 16:10,39,0
2023-01-03 11:34:00,0.00174224,08:10 - 16:10,39,0
2023-01-03 11:35:00,0.00173024,08:10 - 16:10,39,0
2023-01-03 11:36:00,0.00170057,08:10 - 16:10,39,0
2023-01-03 11:37:00,0.00168324,08:10 - 16:10,39,0
2023-01-03 11:38:00,0.0016499,08:10 - 16:10,39,0
2023-01-03 11:39:00,0.00163407,08:10 - 16:10,39,0
2023-01-03 11:40:00,0.0016179,08:10 - 16:10,39,0
2023-01-03 11:41:00,0.00160124,08:10 - 16:10,39,0
2023-01-03 11:42:00,0.0015654,08:10 - 16:10,39,0
2023-01-03 11:43:00,0.0015619,08:10 - 16:10,39,0
2023-01-03 11:44:00,0.00153174,08:10 - 16:10,39,0
2023-01-03 11:45:00,0.00151507,08:10 - 16:10,39,0
2023-01-03 11:46:00,0.0014829,08:10 - 16:10,39,0
2023-01-03 11:47:00,0.00147424,08:10 - 16:10,39,0
2023-01-03 11:48:00,0.00147257,08:10 - 16:10,39,0
2023-01-03 11:49:00,0.00144874,08:10 - 16:10,39,0
2023-01-03 11:50:00,0.0014409,08:10 - 16:10,39,0
2023-01-03 11:51:00,0.00141507,08:10 - 16:10,39,0
2023-01-03 11:52:00,0.00141507,08:10 - 16:10,39,0
2023-01-03 11:53:00,0.00140757,08:10 - 16:10,39,0
2023-01-03 11:54:00,0.0014029,08:10 - 16:10,39,0
2023-01-03 11:55:00,0.00138624,08:10 - 16:10,39,0
2023-01-03 11:56:00,0.00137324,08:10 - 16:10,39,0
2023-01-03 11:57:00,0.00136357,08:10 - 16:10,39,0
2023-01-03 11:58:00,0.00136357,08:10 - 16:10,39,0
2023-01-03 11:59:00,-0.0014611,08:10 - 16:10,39,0
2023-01-03 12:00:00,-0.00149993,08:10 - 16:10,39,0
2023-01-03 12:01:00,-0.00152543,08:10 - 16:10,39,0
2023-01-03 12:02:00,-0.00152543,08:10 - 16:10,39,0
2023-01-03 12:03:00,-0.0015291,08:10 - 16:10,39,0
2023-01-03 12:04:00,-0.00153743,08:10 - 16:10,39,0
2023-01-03 12:05:00,-0.00155743,08:10 - 16:10,39,0
2023-01-03 12:06:00,-0.00157476,08:10 - 16:10,39,0
2023-01-03 12:07:00,-0.0015921,08:10 - 16:10,39,0
2023-01-03 12:08:00,-0.00160793,08:10 - 16:10,39,0
2023-01-03 12:09:00,-0.0016271,08:10 - 16:10,39,0
2023-01-03 12:10:00,-0.00164376,08:10 - 16:10,39,0
2023-01-03 12:11:00,-0.00166043,08:10 - 16:10,39,0
2023-01-03 12:12:00,-0.00166843,08:10 - 16:10,39,0
2023-01-03 12:13:00,-0.0016851,08:10 - 16:10,39,0
2023-01-03 12:14:00,-0.00169226,08:10 - 16:10,39,0
2023-01-03 12:15:00,-0.00171376,08:10 - 16:10,39,0
2023-01-03 12:16:00,-0.00172543,08:10 - 16:10,39,0
2023-01-03 12:17:00,-0.00174076,08:10 - 16:10,39,0
2023-01-03 12:18:00,-0.00174076,08:10 - 16:10,39,0
2023-01-03 12:19:00,-0.00175793,08:10 - 16:10,39,0
2023-01-03 12:20:00,-0.00174126,08:10 - 16:10,39,0
2023-01-03 12:21:00,-0.00177493,08:10 - 16:10,39,0
2023-01-03 12:22:00,-0.00177493,08:10 - 16:10,39,0
2023-01-03 12:23:00,-0.0018006,08:10 - 16:10,39,0
2023-01-03 12:24:00,-0.00183626,08:10 - 16:10,39,0
2023-01-03 12:25:00,-0.00185293,08:10 - 16:10,39,0
2023-01-03 12:26:00,-0.0018461,08:10 - 16:10,39,0
2023-01-03 12:27:00,-0.00186476,08:10 - 16:10,39,0
2023-01-03 12:28:00,-0.00186476,08:10 - 16:10,39,0
2023-01-03 12:29:00,-0.0018806,08:10 - 16:10,39,0
2023-01-03 12:30:00,-0.00187876,08:10 - 16:10,39,0
2023-01-03 12:31:00,-0.00188376,08:10 - 16:10,39,0
2023-01-03 12:32:00,-0.00189893,08:10 - 16:10,39,0
2023-01-03 12:33:00,-0.0019156,08:10 - 16:10,39,0
2023-01-03 12:34:00,-0.00191626,08:10 - 16:10,39,0
2023-01-03 12:35:00,-0.00193293,08:10 - 16:10,39,0
2023-01-03 12:36:00,-0.00195043,08:10 - 16:10,39,0
2023-01-03 12:37:00,-0.00196776,08:10 - 16:10,39,0
2023-01-03 12:38:00,-0.00196876,08:10 - 16:10,39,0
2023-01-03 12:39:00,-0.00198543,08:10 - 16:10,39,0
2023-01-03 12:40:00,-0.00199326,08:10 - 16:10,39,0
2023-01-03 12:41:00,-0.00201493,08:10 - 16:10,39,0
2023-01-03 12:42:00,-0.00203976,08:10 - 16:10,39,0
2023-01-03 12:43:00,-0.00205993,08:10 - 16:10,39,0
2023-01-03 12:44:00,-0.0020611,08:10 - 16:10,39,0
2023-01-03 12:45:00,-0.00207776,08:10 - 16:10,39,0
2023-01-03 12:46:00,-0.0020806,08:10 - 16:10,39,0
2023-01-03 12:47:00,-0.00207776,08:10 - 16:10,39,0
2023-01-03 12:48:00,-0.00208826,08:10 - 16:10,39,0
2023-01-03 12:49:00,-0.00210226,08:10 - 16:10,39,0
2023-01-03 12:50:00,-0.0021281,08:10 - 16:10,39,0
2023-01-03 12:51:00,-0.00214476,08:10 - 16:10,39,0
2023-01-03 12:52:00,-0.00215676,08:10 - 16:10,39,0
2023-01-03 12:53:00,-0.0021726,08:10 - 16:10,39,0
2023-01-03 12:54:00,-0.00220943,08:10 - 16:10,39,0
2023-01-03 12:55:00,-0.00220943,08:10 - 16:10,39,0
2023-01-03 12:56:00,-0.0022506,08:10 - 16:10,39,0
2023-01-03 12:57:00,-0.00226726,08:10 - 16:10,39,0
2023-01-03 12:58:00,-0.0022871,08:10 - 16:10,39,0
2023-01-03 12:59:00,-0.00231226,08:10 - 16:10,39,0
2023-01-03 13:00:00,-0.00232893,08:10 - 16:10,39,0
2023-01-03 13:01:00,-0.00235543,08:10 - 16:10,39,0
2023-01-03 13:02:00,-0.00235543,08:10 - 16:10,39,0
2023-01-03 13:03:00,-0.00237426,08:10 - 16:10,39,0
2023-01-03 13:04:00,-0.0023911,08:10 - 16:10,39,0
2023-01-03 13:05:00,-0.00240776,08:10 - 16:10,39,0
2023-01-03 13:06:00,-0.00240293,08:10 - 16:10,39,0
2023-01-03 13:07:00,-0.0024231,08:10 - 16:10,39,0
2023-01-03 13:08:00,-0.0024231,08:10 - 16:10,39,0
2023-01-03 13:09:00,-0.00242743,08:10 - 16:10,39,0
2023-01-03 13:10:00,-0.00243476,08:10 - 16:10,39,0
2023-01-03 13:11:00,-0.0024581,08:10 - 16:10,39,0
2023-01-03 13:12:00,-0.00246326,08:10 - 16:10,39,0
2023-01-03 13:13:00,-0.00248343,08:10 - 16:10,39,0
2023-01-03 13:14:00,-0.00246676,08:10 - 16:10,39,0
2023-01-03 13:15:00,-0.0024811,08:10 - 16:10,39,0
2023-01-03 13:16:00,-0.00250143,08:10 - 16:10,39,0
2023-01-03 13:17:00,-0.0025181,08:10 - 16:10,39,0
2023-01-03 13:18:00,-0.00254793,08:10 - 16:10,39,0
2023-01-03 13:19:00,-0.00254793,08:10 - 16:10,39,0
2023-01-03 13:20:00,-0.0025581,08:10 - 16:10,39,0
2023-01-03 13:21:00,-0.0025656,08:10 - 16:10,39,0
2023-01-03 13:22:00,-0.0025676,08:10 - 16:10,39,0
2023-01-03 13:23:00,-0.00256693,08:10 - 16:10,39,0
2023-01-03 13:24:00,-0.00258826,08:10 - 16:10,39,0
2023-01-03 13:25:00,-0.0025851,08:10 - 16:10,39,0
2023-01-03 13:26:00,-0.0025851,08:10 - 16:10,39,0
2023-01-03 13:27:00,-0.0025786,08:10 - 16:10,39,0
2023-01-03 13:28:00,-0.0025786,08:10 - 16:10,39,0
2023-01-03 13:29:00,-0.0025861,08:10 - 16:10,39,0
2023-01-03 13:30:00,-0.0025861,08:10 - 16:10,39,0
2023-01-03 13:31:00,-0.00259126,08:10 - 16:10,39,0
2023-01-03 13:32:00,-0.00260126,08:10 - 16:10,39,0
2023-01-03 13:33:00,-0.00260126,08:10 - 16:10,39,0
2023-01-03 13:34:00,-0.00261076,08:10 - 16:10,39,0
2023-01-03 13:35:00,-0.00262993,08:10 - 16:10,39,0
2023-01-03 13:36:00,-0.0026306,08:10 - 16:10,39,0
2023-01-03 13:37:00,-0.0026306,08:10 - 16:10,39,0
2023-01-03 13:38:00,-0.00264993,08:10 - 16:10,39,0
2023-01-03 13:39:00,-0.00265843,08:10 - 16:10,39,0
2023-01-03 13:40:00,-0.00266743,08:10 - 16:10,39,0
2023-01-03 13:41:00,-0.00267343,08:10 - 16:10,39,0
2023-01-03 13:42:00,-0.00265676,08:10 - 16:10,39,0
2023-01-03 13:43:00,-0.0026616,08:10 - 16:10,39,0
2023-01-03 13:44:00,-0.0026506,08:10 - 16:10,39,0
2023-01-03 13:45:00,-0.00264226,08:10 - 16:10,39,0
2023-01-03 13:46:00,-0.0026256,08:10 - 16:10,39,0
2023-01-03 13:47:00,-0.00263026,08:10 - 16:10,39,0
2023-01-03 13:48:00,-0.00261543,08:10 - 16:10,39,0
2023-01-03 13:49:00,-0.00259876,08:10 - 16:10,39,0
2023-01-03 13:50:00,-0.00259626,08:10 - 16:10,39,0
2023-01-03 13:51:00,-0.00259376,08:10 - 16:10,39,0
2023-01-03 13:52:00,-0.00258276,08:10 - 16:10,39,0
2023-01-03 13:53:00,-0.00258876,08:10 - 16:10,39,0
2023-01-03 13:54:00,-0.00258876,08:10 - 16:10,39,0
2023-01-03 13:55:00,-0.0025721,08:10 - 16:10,39,0
2023-01-03 13:56:00,-0.00258576,08:10 - 16:10,39,0
2023-01-03 13:57:00,-0.0025691,08:10 - 16:10,39,0
2023-01-03 13:58:00,-0.00259243,08:10 - 16:10,39,0
2023-01-03 13:59:00,-0.00259293,08:10 - 16:10,39,0
2023-01-03 14:00:00,-0.00259293,08:10 - 16:10,39,0
2023-01-03 14:01:00,-0.00259793,08:10 - 16:10,39,0
2023-01-03 14:02:00,-0.00258126,08:10 - 16:10,39,0
2023-01-03 14:03:00,-0.00258576,08:10 - 16:10,39,0
2023-01-03 14:04:00,-0.00256926,08:10 - 16:10,39,0
2023-01-03 14:05:00,-0.00257326,08:10 - 16:10,39,0
2023-01-03 14:06:00,-0.0025566,08:10 - 16:10,39,0
2023-01-03 14:07:00,-0.00256193,08:10 - 16:10,39,0
2023-01-03 14:08:00,-0.00256593,08:10 - 16:10,39,0
2023-01-03 14:09:00,-0.0025626,08:10 - 16:10,39,0
2023-01-03 14:10:00,-0.00254593,08:10 - 16:10,39,0
2023-01-03 14:11:00,-0.00254326,08:10 - 16:10,39,0
2023-01-03 14:12:00,-0.00254326,08:10 - 16:10,39,0
2023-01-03 14:13:00,-0.0025266,08:10 - 16:10,39,0
2023-01-03 14:14:00,-0.00254243,08:10 - 16:10,39,0
2023-01-03 14:15:00,-0.0025446,08:10 - 16:10,39,0
2023-01-03 14:16:00,-0.0025446,08:10 - 16:10,39,0
2023-01-03 14:17:00,-0.00255193,08:10 - 16:10,39,0
2023-01-03 14:18:00,-0.00256443,08:10 - 16:10,39,0
2023-01-03 14:19:00,-0.00257326,08:10 - 16:10,39,0
2023-01-03 14:20:00,-0.0025801,08:10 - 16:10,39,0
2023-01-03 14:21:00,-0.00259676,08:10 - 16:10,39,0
2023-01-03 14:22:00,-0.00260243,08:10 - 16:10,39,0
2023-01-03 14:23:00,-0.00260243,08:10 - 16:10,39,0
2023-01-03 14:24:00,-0.00260243,08:10 - 16:10,39,0
2023-01-03 14:25:00,-0.00261643,08:10 - 16:10,39,0
2023-01-03 14:26:00,-0.00262543,08:10 - 16:10,39,0
2023-01-03 14:27:00,-0.00263276,08:10 - 16:10,39,0
2023-01-03 14:28:00,-0.0026346,08:10 - 16:10,39,0
2023-01-03 14:29:00,-0.0026346,08:10 - 16:10,39,0
2023-01-03 14:30:00,-0.00263176,08:10 - 16:10,39,0
2023-01-03 14:31:00,-0.00263293,08:10 - 16:10,39,0
2023-01-03 14:32:00,-0.00263293,08:10 - 16:10,39,0
2023-01-03 14:33:00,-0.00263076,08:10 - 16:10,39,0
2023-01-03 14:34:00,-0.0026281,08:10 - 16:10,39,0
2023-01-03 14:35:00,-0.0026281,08:10 - 16:10,39,0
2023-01-03 14:36:00,-0.00265443,08:10 - 16:10,39,0
2023-01-03 14:37:00,-0.00267126,08:10 - 16:10,39,0
2023-01-03 14:38:00,-0.00268143,08:10 - 16:10,39,0
2023-01-03 14:39:00,-0.00268343,08:10 - 16:10,39,0
2023-01-03 14:40:00,-0.00268343,08:10 - 16:10,39,0
2023-01-03 14:41:00,-0.00267376,08:10 - 16:10,39,0
2023-01-03 14:42:00,-0.0026571,08:10 - 16:10,39,0
2023-01-03 14:43:00,-0.00263776,08:10 - 16:10,39,0
2023-01-03 14:44:00,-0.0026156,08:10 - 16:10,39,0
2023-01-03 14:45:00,-0.0026156,08:10 - 16:10,39,0
2023-01-03 14:46:00,-0.00261943,08:10 - 16:10,39,0
2023-01-03 14:47:00,-0.0026111,08:10 - 16:10,39,0
2023-01-03 14:48:00,-0.0026121,08:10 - 16:10,39,0
2023-01-03 14:49:00,-0.0026261,08:10 - 16:10,39,0
2023-01-03 14:50:00,-0.0026396,08:10 - 16:10,39,0
2023-01-03 14:51:00,-0.0026396,08:10 - 16:10,39,0
2023-01-03 14:52:00,-0.00262876,08:10 - 16:10,39,0
2023-01-03 14:53:00,-0.00262876,08:10 - 16:10,39,0
2023-01-03 14:54:00,-0.0026396,08:10 - 16:10,39,0
2023-01-03 14:55:00,-0.0026221,08:10 - 16:10,39,0
2023-01-03 14:56:00,-0.00260943,08:10 - 16:10,39,0
2023-01-03 14:57:00,-0.00259676,08:10 - 16:10,39,0
2023-01-03 14:58:00,-0.00259676,08:10 - 16:10,39,0
2023-01-03 14:59:00,-0.00258943,08:10 - 16:10,39,0
2023-01-03 15:00:00,-0.00260876,08:10 - 16:10,39,0
2023-01-03 15:01:00,-0.00261226,08:10 - 16:10,39,0
2023-01-03 15:02:00,-0.0025956,08:10 - 16:10,39,0
2023-01-03 15:03:00,-0.00259576,08:10 - 16:10,39,0
2023-01-03 15:04:00,-0.00261193,08:10 - 16:10,39,0
2023-01-03 15:05:00,-0.0026126,08:10 - 16:10,39,0
2023-01-03 15:06:00,-0.00259593,08:10 - 16:10,39,0
2023-01-03 15:07:00,-0.00262693,08:10 - 16:10,39,0
2023-01-03 15:08:00,-0.0026141,08:10 - 16:10,39,0
2023-01-03 15:09:00,-0.00259743,08:10 - 16:10,39,0
2023-01-03 15:10:00,-0.00258076,08:10 - 16:10,39,0
2023-01-03 15:11:00,-0.0025706,08:10 - 16:10,39,0
2023-01-03 15:12:00,-0.00255943,08:10 - 16:10,39,0
2023-01-03 15:13:00,-0.00255793,08:10 - 16:10,39,0
2023-01-03 15:14:00,-0.0025686,08:10 - 16:10,39,0
2023-01-03 15:15:00,-0.00255193,08:10 - 16:10,39,0
2023-01-03 15:16:00,-0.0025426,08:10 - 16:10,39,0
2023-01-03 15:17:00,-0.00252593,08:10 - 16:10,39,0
2023-01-03 15:18:00,-0.0025196,08:10 - 16:10,39,0
2023-01-03 15:19:00,-0.00251476,08:10 - 16:10,39,0
2023-01-03 15:20:00,-0.0024981,08:10 - 16:10,39,0
2023-01-03 15:21:00,-0.0024916,08:10 - 16:10,39,0
2023-01-03 15:22:00,-0.00247493,08:10 - 16:10,39,0
2023-01-03 15:23:00,-0.0024651,08:10 - 16:10,39,0
2023-01-03 15:24:00,-0.0024436,08:10 - 16:10,39,0
2023-01-03 15:25:00,-0.00242693,08:10 - 16:10,39,0
2023-01-03 15:26:00,-0.00240743,08:10 - 16:10,39,0
2023-01-03 15:27:00,-0.00240743,08:10 - 16:10,39,0
2023-01-03 15:28:00,-0.0024011,08:10 - 16:10,39,0
2023-01-03 15:29:00,-0.0023811,08:10 - 16:10,39,0
2023-01-03 15:30:00,-0.00237876,08:10 - 16:10,39,0
2023-01-03 15:31:00,-0.00237843,08:10 - 16:10,39,0
2023-01-03 15:32:00,-0.00236593,08:10 - 16:10,39,0
2023-01-03 15:33:00,-0.00234926,08:10 - 16:10,39,0
2023-01-03 15:34:00,-0.00234926,08:10 - 16:10,39,0
2023-01-03 15:35:00,-0.00233876,08:10 - 16:10,39,0
2023-01-03 15:36:00,-0.00231726,08:10 - 16:10,39,0
2023-01-03 15:37:00,-0.0023006,08:10 - 16:10,39,0
2023-01-03 15:38:00,-0.0022796,08:10 - 16:10,39,0
2023-01-03 15:39:00,-0.00226293,08:10 - 16:10,39,0
2023-01-03 15:40:00,-0.00224193,08:10 - 16:10,39,0
2023-01-03 15:41:00,-0.00222526,08:10 - 16:10,39,0
2023-01-03 15:42:00,-0.0021921,08:10 - 16:10,39,0
2023-01-03 15:43:00,-0.0021726,08:10 - 16:10,39,0
2023-01-03 15:44:00,-0.00215593,08:10 - 16:10,39,0
2023-01-03 15:45:00,-0.00213393,08:10 - 16:10,39,0
2023-01-03 15:46:00,-0.00211826,08:10 - 16:10,39,0
2023-01-03 15:47:00,-0.00210276,08:10 - 16:10,39,0
2023-01-03 15:48:00,-0.00208593,08:10 - 16:10,39,0
2023-01-03 15:49:00,-0.0020661,08:10 - 16:10,39,0
2023-01-03 15:50:00,-0.00204943,08:10 - 16:10,39,0
2023-01-03 15:51:00,-0.00201293,08:10 - 16:10,39,0
2023-01-03 15:52:00,-0.00199376,08:10 - 16:10,39,0
2023-01-03 15:53:00,-0.0019731,08:10 - 16:10,39,0
2023-01-03 15:54:00,-0.00194793,08:10 - 16:10,39,0
2023-01-03 15:55:00,-0.00193176,08:10 - 16:10,39,0
2023-01-03 15:56:00,-0.00193176,08:10 - 16:10,39,0
2023-01-03 15:57:00,-0.00191393,08:10 - 16:10,39,0
2023-01-03 15:58:00,-0.00189426,08:10 - 16:10,39,0
2023-01-03 15:59:00,-0.00183026,08:10 - 16:10,39,0
2023-01-03 16:00:00,0.00589922,08:10 - 16:10,39,0
2023-01-03 16:01:00,0.00589922,08:10 - 16:10,39,0
2023-01-03 16:02:00,0.00589372,08:10 - 16:10,39,0
2023-01-03 16:03:00,0.00588705,08:10 - 16:10,39,0
2023-01-03 16:04:00,0.00587872,08:10 - 16:10,39,0
2023-01-03 16:05:00,0.00587106,08:10 - 16:10,39,0
2023-01-03 16:06:00,0.00587322,08:10 - 16:10,39,0
2023-01-03 16:07:00,0.00587322,08:10 - 16:10,39,0
2023-01-03 16:08:00,0.00587589,08:10 - 16:10,39,0
2023-01-03 16:09:00,0.00587922,08:10 - 16:10,39,0
2023-01-03 16:10:00,0.00587456,16:10 - 00:10,40,0
2023-01-03 16:11:00,0.00587039,16:10 - 00:10,40,0
2023-01-03 16:12:00,0.00587039,16:10 - 00:10,40,0
2023-01-03 16:13:00,0.00586622,16:10 - 00:10,40,0
2023-01-03 16:14:00,0.00571055,16:10 - 00:10,40,0
2023-01-03 16:15:00,0.00547722,16:10 - 00:10,40,0
2023-01-03 16:16:00,0.00550039,16:10 - 00:10,40,0
2023-01-03 16:17:00,0.00538272,16:10 - 00:10,40,0
2023-01-03 16:18:00,0.00525406,16:10 - 00:10,40,0
2023-01-03 16:19:00,0.00512072,16:10 - 00:10,40,0
2023-01-03 16:20:00,0.00508739,16:10 - 00:10,40,0
2023-01-03 16:21:00,0.00502389,16:10 - 00:10,40,0
2023-01-03 16:22:00,0.00495439,16:10 - 00:10,40,0
2023-01-03 16:23:00,0.00482289,16:10 - 00:10,40,0
2023-01-03 16:24:00,0.00482289,16:10 - 00:10,40,0
2023-01-03 16:25:00,0.00485772,16:10 - 00:10,40,0
2023-01-03 16:26:00,0.00489189,16:10 - 00:10,40,0
2023-01-03 16:27:00,0.00492489,16:10 - 00:10,40,0
2023-01-03 16:28:00,0.00485589,16:10 - 00:10,40,0
2023-01-03 16:29:00,0.00493922,16:10 - 00:10,40,0
2023-01-03 16:30:00,0.00490905,16:10 - 00:10,40,0
2023-01-03 16:31:00,0.00504622,16:10 - 00:10,40,0
2023-01-03 16:32:00,0.00497956,16:10 - 00:10,40,0
2023-01-03 16:33:00,0.00501789,16:10 - 00:10,40,0
2023-01-03 16:34:00,0.00505122,16:10 - 00:10,40,0
2023-01-03 16:35:00,0.00500555,16:10 - 00:10,40,0
2023-01-03 16:36:00,0.00502556,16:10 - 00:10,40,0
2023-01-03 16:37:00,0.00496339,16:10 - 00:10,40,0
2023-01-03 16:38:00,0.00493472,16:10 - 00:10,40,0
2023-01-03 16:39:00,0.00490339,16:10 - 00:10,40,0
2023-01-03 16:40:00,0.00492005,16:10 - 00:10,40,0
2023-01-03 16:41:00,0.00500489,16:10 - 00:10,40,0
2023-01-03 16:42:00,0.00518822,16:10 - 00:10,40,0
2023-01-03 16:43:00,0.00535489,16:10 - 00:10,40,0
2023-01-03 16:44:00,0.00548155,16:10 - 00:10,40,0
2023-01-03 16:45:00,0.00563155,16:10 - 00:10,40,0
2023-01-03 16:46:00,0.00568455,16:10 - 00:10,40,0
2023-01-03 16:47:00,0.00576555,16:10 - 00:10,40,0
2023-01-03 16:48:00,0.00579889,16:10 - 00:10,40,0
2023-01-03 16:49:00,0.00584522,16:10 - 00:10,40,0
2023-01-03 16:50:00,0.00582855,16:10 - 00:10,40,0
2023-01-03 16:51:00,0.00590205,16:10 - 00:10,40,0
2023-01-03 16:52:00,0.00590205,16:10 - 00:10,40,0
2023-01-03 16:53:00,0.00589656,16:10 - 00:10,40,0
2023-01-03 16:54:00,0.00589656,16:10 - 00:10,40,0
2023-01-03 16:55:00,0.00589256,16:10 - 00:10,40,0
2023-01-03 16:56:00,0.00589122,16:10 - 00:10,40,0
2023-01-03 16:57:00,0.00589122,16:10 - 00:10,40,0
2023-01-03 16:58:00,0.00588339,16:10 - 00:10,40,0
2023-01-03 16:59:00,0.00588639,16:10 - 00:10,40,0
2023-01-03 17:00:00,0.00588639,16:10 - 00:10,40,0
2023-01-03 17:01:00,0.00588639,16:10 - 00:10,40,0
2023-01-03 17:02:00,0.00589172,16:10 - 00:10,40,0
2023-01-03 17:03:00,0.00589772,16:10 - 00:10,40,0
2023-01-03 17:04:00,0.00590572,16:10 - 00:10,40,0
2023-01-03 17:05:00,0.00590572,16:10 - 00:10,40,0
2023-01-03 17:06:00,0.00591122,16:10 - 00:10,40,0
2023-01-03 17:07:00,0.00591972,16:10 - 00:10,40,0
2023-01-03 17:08:00,0.00592789,16:10 - 00:10,40,0
2023-01-03 17:09:00,0.00593106,16:10 - 00:10,40,0
2023-01-03 17:10:00,0.00593322,16:10 - 00:10,40,0
2023-01-03 17:11:00,0.00593322,16:10 - 00:10,40,0
2023-01-03 17:12:00,0.00593322,16:10 - 00:10,40,0
2023-01-03 17:13:00,0.00594672,16:10 - 00:10,40,0
2023-01-03 17:14:00,0.00595322,16:10 - 00:10,40,0
2023-01-03 17:15:00,0.00595772,16:10 - 00:10,40,0
2023-01-03 17:16:00,0.00595689,16:10 - 00:10,40,0
2023-01-03 17:17:00,0.00595689,16:10 - 00:10,40,0
2023-01-03 17:18:00,0.00595689,16:10 - 00:10,40,0
2023-01-03 17:19:00,0.00595539,16:10 - 00:10,40,0
2023-01-03 17:20:00,0.00595372,16:10 - 00:10,40,0
2023-01-03 17:21:00,0.00595289,16:10 - 00:10,40,0
2023-01-03 17:22:00,0.00595289,16:10 - 00:10,40,0
2023-01-03 17:23:00,0.00595006,16:10 - 00:10,40,0
2023-01-03 17:24:00,0.00594705,16:10 - 00:10,40,0
2023-01-03 17:25:00,0.00594322,16:10 - 00:10,40,0
2023-01-03 17:26:00,0.00594572,16:10 - 00:10,40,0
2023-01-03 17:27:00,0.00594905,16:10 - 00:10,40,0
2023-01-03 17:28:00,0.00594589,16:10 - 00:10,40,0
2023-01-03 17:29:00,0.00594589,16:10 - 00:10,40,0
2023-01-03 17:30:00,0.00594589,16:10 - 00:10,40,0
2023-01-03 17:31:00,0.00592889,16:10 - 00:10,40,0
2023-01-03 17:32:00,0.00592889,16:10 - 00:10,40,0
2023-01-03 17:33:00,0.00593389,16:10 - 00:10,40,0
2023-01-03 17:34:00,0.00594556,16:10 - 00:10,40,0
2023-01-03 17:35:00,0.00594556,16:10 - 00:10,40,0
2023-01-03 17:36:00,0.00595106,16:10 - 00:10,40,0
2023-01-03 17:37:00,0.00595039,16:10 - 00:10,40,0
2023-01-03 17:38:00,0.00595039,16:10 - 00:10,40,0
2023-01-03 17:39:00,0.00595355,16:10 - 00:10,40,0
2023-01-03 17:40:00,0.00595355,16:10 - 00:10,40,0
2023-01-03 17:41:00,0.00595155,16:10 - 00:10,40,0
2023-01-03 17:42:00,0.00595155,16:10 - 00:10,40,0
2023-01-03 17:43:00,0.00595172,16:10 - 00:10,40,0
2023-01-03 17:44:00,0.00594522,16:10 - 00:10,40,0
2023-01-03 17:45:00,0.00594406,16:10 - 00:10,40,0
2023-01-03 17:46:00,0.00594406,16:10 - 00:10,40,0
2023-01-03 17:47:00,0.00594672,16:10 - 00:10,40,0
2023-01-03 17:48:00,0.00594672,16:10 - 00:10,40,0
2023-01-03 17:49:00,0.00595639,16:10 - 00:10,40,0
2023-01-03 17:50:00,0.00596622,16:10 - 00:10,40,0
2023-01-03 17:51:00,0.00596622,16:10 - 00:10,40,0
2023-01-03 17:52:00,0.00597689,16:10 - 00:10,40,0
2023-01-03 17:53:00,0.00598339,16:10 - 00:10,40,0
2023-01-03 17:54:00,0.00599356,16:10 - 00:10,40,0
2023-01-03 17:55:00,0.00599789,16:10 - 00:10,40,0
2023-01-03 17:56:00,0.00599172,16:10 - 00:10,40,0
2023-01-03 17:57:00,0.00599172,16:10 - 00:10,40,0
2023-01-03 17:58:00,0.00599772,16:10 - 00:10,40,0
2023-01-03 17:59:00,0.00600039,16:10 - 00:10,40,0
2023-01-03 18:00:00,0.00600039,16:10 - 00:10,40,0
2023-01-03 18:01:00,0.00601672,16:10 - 00:10,40,0
2023-01-03 18:02:00,0.00601672,16:10 - 00:10,40,0
2023-01-03 18:03:00,0.00602189,16:10 - 00:10,40,0
2023-01-03 18:04:00,0.00602189,16:10 - 00:10,40,0
2023-01-03 18:05:00,0.00603856,16:10 - 00:10,40,0
2023-01-03 18:06:00,0.00604372,16:10 - 00:10,40,0
2023-01-03 18:07:00,0.00604372,16:10 - 00:10,40,0
2023-01-03 18:08:00,0.00604839,16:10 - 00:10,40,0
2023-01-03 18:09:00,0.00605372,16:10 - 00:10,40,0
2023-01-03 18:10:00,0.00605989,16:10 - 00:10,40,0
2023-01-03 18:11:00,0.00606672,16:10 - 00:10,40,0
2023-01-03 18:12:00,0.00606672,16:10 - 00:10,40,0
2023-01-03 18:13:00,0.00608072,16:10 - 00:10,40,0
2023-01-03 18:14:00,0.00608189,16:10 - 00:10,40,0
2023-01-03 18:15:00,0.00608189,16:10 - 00:10,40,0
2023-01-03 18:16:00,0.00608839,16:10 - 00:10,40,0
2023-01-03 18:17:00,0.00609356,16:10 - 00:10,40,0
2023-01-03 18:18:00,0.00609356,16:10 - 00:10,40,0
2023-01-03 18:19:00,0.00610922,16:10 - 00:10,40,0
2023-01-03 18:20:00,0.00610872,16:10 - 00:10,40,0
2023-01-03 18:21:00,0.00610872,16:10 - 00:10,40,0
2023-01-03 18:22:00,0.00610439,16:10 - 00:10,40,0
2023-01-03 18:23:00,0.00610089,16:10 - 00:10,40,0
2023-01-03 18:24:00,0.00610089,16:10 - 00:10,40,0
2023-01-03 18:25:00,0.00609356,16:10 - 00:10,40,0
2023-01-03 18:26:00,0.00609356,16:10 - 00:10,40,0
2023-01-03 18:27:00,0.00609356,16:10 - 00:10,40,0
2023-01-03 18:28:00,0.00610405,16:10 - 00:10,40,0
2023-01-03 18:29:00,0.00610405,16:10 - 00:10,40,0
2023-01-03 18:30:00,0.00610706,16:10 - 00:10,40,0
2023-01-03 18:31:00,0.00610956,16:10 - 00:10,40,0
2023-01-03 18:32:00,0.00610956,16:10 - 00:10,40,0
2023-01-03 18:33:00,0.00610956,16:10 - 00:10,40,0
2023-01-03 18:34:00,0.00610255,16:10 - 00:10,40,0
2023-01-03 18:35:00,0.00610255,16:10 - 00:10,40,0
2023-01-03 18:36:00,0.00611122,16:10 - 00:10,40,0
2023-01-03 18:37:00,0.00611122,16:10 - 00:10,40,0
2023-01-03 18:38:00,0.00611906,16:10 - 00:10,40,0
2023-01-03 18:39:00,0.00612239,16:10 - 00:10,40,0
2023-01-03 18:40:00,0.00612022,16:10 - 00:10,40,0
2023-01-03 18:41:00,0.00611456,16:10 - 00:10,40,0
2023-01-03 18:42:00,0.00611605,16:10 - 00:10,40,0
2023-01-03 18:43:00,0.00611539,16:10 - 00:10,40,0
2023-01-03 18:44:00,0.00611539,16:10 - 00:10,40,0
2023-01-03 18:45:00,0.00611206,16:10 - 00:10,40,0
2023-01-03 18:46:00,0.00611039,16:10 - 00:10,40,0
2023-01-03 18:47:00,0.00611089,16:10 - 00:10,40,0
2023-01-03 18:48:00,0.00610706,16:10 - 00:10,40,0
2023-01-03 18:49:00,0.00610956,16:10 - 00:10,40,0
2023-01-03 18:50:00,0.00610956,16:10 - 00:10,40,0
2023-01-03 18:51:00,0.00611072,16:10 - 00:10,40,0
2023-01-03 18:52:00,0.00611072,16:10 - 00:10,40,0
2023-01-03 18:53:00,0.00611222,16:10 - 00:10,40,0
2023-01-03 18:54:00,0.00612222,16:10 - 00:10,40,0
2023-01-03 18:55:00,0.00612239,16:10 - 00:10,40,0
2023-01-03 18:56:00,0.00612239,16:10 - 00:10,40,0
2023-01-03 18:57:00,0.00612439,16:10 - 00:10,40,0
2023-01-03 18:58:00,0.00612305,16:10 - 00:10,40,0
2023-01-03 18:59:00,0.00612005,16:10 - 00:10,40,0
2023-01-03 19:00:00,0.00611989,16:10 - 00:10,40,0
2023-01-03 19:01:00,0.00611989,16:10 - 00:10,40,0
2023-01-03 19:02:00,0.00611605,16:10 - 00:10,40,0
2023-01-03 19:03:00,0.00611605,16:10 - 00:10,40,0
2023-01-03 19:04:00,0.00611605,16:10 - 00:10,40,0
2023-01-03 19:05:00,0.00611272,16:10 - 00:10,40,0
2023-01-03 19:06:00,0.00611372,16:10 - 00:10,40,0
2023-01-03 19:07:00,0.00611372,16:10 - 00:10,40,0
2023-01-03 19:08:00,0.00611372,16:10 - 00:10,40,0
2023-01-03 19:09:00,0.00611739,16:10 - 00:10,40,0
2023-01-03 19:10:00,0.00612156,16:10 - 00:10,40,0
2023-01-03 19:11:00,0.00612156,16:10 - 00:10,40,0
2023-01-03 19:12:00,0.00611856,16:10 - 00:10,40,0
2023-01-03 19:13:00,0.00611606,16:10 - 00:10,40,0
2023-01-03 19:14:00,0.00611572,16:10 - 00:10,40,0
2023-01-03 19:15:00,0.00611939,16:10 - 00:10,40,0
2023-01-03 19:16:00,0.00611656,16:10 - 00:10,40,0
2023-01-03 19:17:00,0.00611805,16:10 - 00:10,40,0
2023-01-03 19:18:00,0.00612689,16:10 - 00:10,40,0
2023-01-03 19:19:00,0.00612606,16:10 - 00:10,40,0
2023-01-03 19:20:00,0.00613455,16:10 - 00:10,40,0
2023-01-03 19:21:00,0.00613455,16:10 - 00:10,40,0
2023-01-03 19:22:00,0.00614805,16:10 - 00:10,40,0
2023-01-03 19:23:00,0.00614839,16:10 - 00:10,40,0
2023-01-03 19:24:00,0.00614839,16:10 - 00:10,40,0
2023-01-03 19:25:00,0.00614539,16:10 - 00:10,40,0
2023-01-03 19:26:00,0.00614456,16:10 - 00:10,40,0
2023-01-03 19:27:00,0.00614456,16:10 - 00:10,40,0
2023-01-03 19:28:00,0.00614739,16:10 - 00:10,40,0
2023-01-03 19:29:00,0.00614589,16:10 - 00:10,40,0
2023-01-03 19:30:00,0.00614906,16:10 - 00:10,40,0
2023-01-03 19:31:00,0.00615505,16:10 - 00:10,40,0
2023-01-03 19:32:00,0.00615505,16:10 - 00:10,40,0
2023-01-03 19:33:00,0.00616006,16:10 - 00:10,40,0
2023-01-03 19:34:00,0.00616222,16:10 - 00:10,40,0
2023-01-03 19:35:00,0.00616555,16:10 - 00:10,40,0
2023-01-03 19:36:00,0.00616555,16:10 - 00:10,40,0
2023-01-03 19:37:00,0.00616455,16:10 - 00:10,40,0
2023-01-03 19:38:00,0.00616306,16:10 - 00:10,40,0
2023-01-03 19:39:00,0.00616122,16:10 - 00:10,40,0
2023-01-03 19:40:00,0.00615939,16:10 - 00:10,40,0
2023-01-03 19:41:00,0.00615939,16:10 - 00:10,40,0
2023-01-03 19:42:00,0.00615855,16:10 - 00:10,40,0
2023-01-03 19:43:00,0.00616722,16:10 - 00:10,40,0
2023-01-03 19:44:00,0.00617906,16:10 - 00:10,40,0
2023-01-03 19:45:00,0.00618905,16:10 - 00:10,40,0
2023-01-03 19:46:00,0.00619872,16:10 - 00:10,40,0
2023-01-03 19:47:00,0.00619872,16:10 - 00:10,40,0
2023-01-03 19:48:00,0.00620305,16:10 - 00:10,40,0
2023-01-03 19:49:00,0.00621156,16:10 - 00:10,40,0
2023-01-03 19:50:00,0.00621156,16:10 - 00:10,40,0
2023-01-03 19:51:00,0.00623272,16:10 - 00:10,40,0
2023-01-03 19:52:00,0.00623272,16:10 - 00:10,40,0
2023-01-03 19:53:00,0.00624889,16:10 - 00:10,40,0
2023-01-03 19:54:00,0.00624889,16:10 - 00:10,40,0
2023-01-03 19:55:00,0.00625706,16:10 - 00:10,40,0
2023-01-03 19:56:00,0.00626855,16:10 - 00:10,40,0
2023-01-03 19:57:00,0.00626855,16:10 - 00:10,40,0
2023-01-03 19:58:00,0.00627472,16:10 - 00:10,40,0
2023-01-03 19:59:00,0.00628155,16:10 - 00:10,40,0
2023-01-03 20:00:00,0.00696489,16:10 - 00:10,40,0
2023-01-03 20:01:00,0.00696489,16:10 - 00:10,40,0
2023-01-03 20:02:00,0.00697706,16:10 - 00:10,40,0
2023-01-03 20:03:00,0.00697706,16:10 - 00:10,40,0
2023-01-03 20:04:00,0.00697955,16:10 - 00:10,40,0
2023-01-03 20:05:00,0.00699205,16:10 - 00:10,40,0
2023-01-03 20:06:00,0.00699205,16:10 - 00:10,40,0
2023-01-03 20:07:00,0.00699522,16:10 - 00:10,40,0
2023-01-03 20:08:00,0.00699522,16:10 - 00:10,40,0
2023-01-03 20:09:00,0.00699539,16:10 - 00:10,40,0
2023-01-03 20:10:00,0.00700006,16:10 - 00:10,40,0
2023-01-03 20:11:00,0.00700006,16:10 - 00:10,40,0
2023-01-03 20:12:00,0.00700605,16:10 - 00:10,40,0
2023-01-03 20:13:00,0.00701139,16:10 - 00:10,40,0
2023-01-03 20:14:00,0.00701455,16:10 - 00:10,40,0
2023-01-03 20:15:00,0.00701455,16:10 - 00:10,40,0
2023-01-03 20:16:00,0.00701072,16:10 - 00:10,40,0
2023-01-03 20:17:00,0.00701072,16:10 - 00:10,40,0
2023-01-03 20:18:00,0.00700722,16:10 - 00:10,40,0
2023-01-03 20:19:00,0.00700722,16:10 - 00:10,40,0
2023-01-03 20:20:00,0.00699556,16:10 - 00:10,40,0
2023-01-03 20:21:00,0.00698705,16:10 - 00:10,40,0
2023-01-03 20:22:00,0.00698705,16:10 - 00:10,40,0
2023-01-03 20:23:00,0.00697955,16:10 - 00:10,40,0
2023-01-03 20:24:00,0.00697972,16:10 - 00:10,40,0
2023-01-03 20:25:00,0.00697972,16:10 - 00:10,40,0
2023-01-03 20:26:00,0.00697689,16:10 - 00:10,40,0
2023-01-03 20:27:00,0.00697405,16:10 - 00:10,40,0
2023-01-03 20:28:00,0.00696872,16:10 - 00:10,40,0
2023-01-03 20:29:00,0.00696872,16:10 - 00:10,40,0
2023-01-03 20:30:00,0.00696056,16:10 - 00:10,40,0
2023-01-03 20:31:00,0.00696056,16:10 - 00:10,40,0
2023-01-03 20:32:00,0.00695722,16:10 - 00:10,40,0
2023-01-03 20:33:00,0.00695672,16:10 - 00:10,40,0
2023-01-03 20:34:00,0.00695289,16:10 - 00:10,40,0
2023-01-03 20:35:00,0.00695289,16:10 - 00:10,40,0
2023-01-03 20:36:00,0.00694839,16:10 - 00:10,40,0
2023-01-03 20:37:00,0.00694839,16:10 - 00:10,40,0
2023-01-03 20:38:00,0.00693022,16:10 - 00:10,40,0
2023-01-03 20:39:00,0.00692339,16:10 - 00:10,40,0
2023-01-03 20:40:00,0.00692039,16:10 - 00:10,40,0
2023-01-03 20:41:00,0.00692039,16:10 - 00:10,40,0
2023-01-03 20:42:00,0.00692039,16:10 - 00:10,40,0
2023-01-03 20:43:00,0.00691272,16:10 - 00:10,40,0
2023-01-03 20:44:00,0.00690805,16:10 - 00:10,40,0
2023-01-03 20:45:00,0.00690739,16:10 - 00:10,40,0
2023-01-03 20:46:00,0.00690739,16:10 - 00:10,40,0
2023-01-03 20:47:00,0.00690355,16:10 - 00:10,40,0
2023-01-03 20:48:00,0.00689722,16:10 - 00:10,40,0
2023-01-03 20:49:00,0.00689089,16:10 - 00:10,40,0
2023-01-03 20:50:00,0.00689089,16:10 - 00:10,40,0
2023-01-03 20:51:00,0.00687639,16:10 - 00:10,40,0
2023-01-03 20:52:00,0.00687639,16:10 - 00:10,40,0
2023-01-03 20:53:00,0.00687639,16:10 - 00:10,40,0
2023-01-03 20:54:00,0.00686189,16:10 - 00:10,40,0
2023-01-03 20:55:00,0.00685339,16:10 - 00:10,40,0
2023-01-03 20:56:00,0.00684655,16:10 - 00:10,40,0
2023-01-03 20:57:00,0.00683872,16:10 - 00:10,40,0
2023-01-03 20:58:00,0.00683872,16:10 - 00:10,40,0
2023-01-03 20:59:00,0.00683855,16:10 - 00:10,40,0
2023-01-03 21:00:00,0.00683955,16:10 - 00:10,40,0
2023-01-03 21:01:00,0.00683955,16:10 - 00:10,40,0
2023-01-03 21:02:00,0.00682705,16:10 - 00:10,40,0
2023-01-03 21:03:00,0.00682705,16:10 - 00:10,40,0
2023-01-03 21:04:00,0.00681689,16:10 - 00:10,40,0
2023-01-03 21:05:00,0.00681689,16:10 - 00:10,40,0
2023-01-03 21:06:00,0.00679872,16:10 - 00:10,40,0
2023-01-03 21:07:00,0.00679239,16:10 - 00:10,40,0
2023-01-03 21:08:00,0.00679239,16:10 - 00:10,40,0
2023-01-03 21:09:00,0.00678839,16:10 - 00:10,40,0
2023-01-03 21:10:00,0.00678872,16:10 - 00:10,40,0
2023-01-03 21:11:00,0.00678706,16:10 - 00:10,40,0
2023-01-03 21:12:00,0.00678706,16:10 - 00:10,40,0
2023-01-03 21:13:00,0.00678039,16:10 - 00:10,40,0
2023-01-03 21:14:00,0.00677655,16:10 - 00:10,40,0
2023-01-03 21:15:00,0.00677655,16:10 - 00:10,40,0
2023-01-03 21:16:00,0.00677872,16:10 - 00:10,40,0
2023-01-03 21:17:00,0.00677872,16:10 - 00:10,40,0
2023-01-03 21:18:00,0.00678739,16:10 - 00:10,40,0
2023-01-03 21:19:00,0.00678739,16:10 - 00:10,40,0
2023-01-03 21:20:00,0.00679722,16:10 - 00:10,40,0
2023-01-03 21:21:00,0.00679722,16:10 - 00:10,40,0
2023-01-03 21:22:00,0.00680022,16:10 - 00:10,40,0
2023-01-03 21:23:00,0.00680022,16:10 - 00:10,40,0
2023-01-03 21:24:00,0.00680855,16:10 - 00:10,40,0
2023-01-03 21:25:00,0.00680822,16:10 - 00:10,40,0
2023-01-03 21:26:00,0.00680822,16:10 - 00:10,40,0
2023-01-03 21:27:00,0.00681139,16:10 - 00:10,40,0
2023-01-03 21:28:00,0.00680705,16:10 - 00:10,40,0
2023-01-03 21:29:00,0.00680305,16:10 - 00:10,40,0
2023-01-03 21:30:00,0.00680122,16:10 - 00:10,40,0
2023-01-03 21:31:00,0.00679722,16:10 - 00:10,40,0
2023-01-03 21:32:00,0.00679722,16:10 - 00:10,40,0
2023-01-03 21:33:00,0.00679156,16:10 - 00:10,40,0
2023-01-03 21:34:00,0.00679156,16:10 - 00:10,40,0
2023-01-03 21:35:00,0.00678339,16:10 - 00:10,40,0
2023-01-03 21:36:00,0.00677772,16:10 - 00:10,40,0
2023-01-03 21:37:00,0.00677122,16:10 - 00:10,40,0
2023-01-03 21:38:00,0.00677122,16:10 - 00:10,40,0
2023-01-03 21:39:00,0.00677122,16:10 - 00:10,40,0
2023-01-03 21:40:00,0.00676422,16:10 - 00:10,40,0
2023-01-03 21:41:00,0.00675339,16:10 - 00:10,40,0
2023-01-03 21:42:00,0.00674705,16:10 - 00:10,40,0
2023-01-03 21:43:00,0.00673972,16:10 - 00:10,40,0
2023-01-03 21:44:00,0.00673972,16:10 - 00:10,40,0
2023-01-03 21:45:00,0.00673272,16:10 - 00:10,40,0
2023-01-03 21:46:00,0.00673272,16:10 - 00:10,40,0
2023-01-03 21:47:00,0.00672822,16:10 - 00:10,40,0
2023-01-03 21:48:00,0.00672555,16:10 - 00:10,40,0
2023-01-03 21:49:00,0.00671655,16:10 - 00:10,40,0
2023-01-03 21:50:00,0.00670872,16:10 - 00:10,40,0
2023-01-03 21:51:00,0.00670872,16:10 - 00:10,40,0
2023-01-03 21:52:00,0.00671305,16:10 - 00:10,40,0
2023-01-03 21:53:00,0.00672055,16:10 - 00:10,40,0
2023-01-03 21:54:00,0.00672055,16:10 - 00:10,40,0
2023-01-03 21:55:00,0.00672672,16:10 - 00:10,40,0
2023-01-03 21:56:00,0.00672972,16:10 - 00:10,40,0
2023-01-03 21:57:00,0.00672972,16:10 - 00:10,40,0
2023-01-03 21:58:00,0.00673005,16:10 - 00:10,40,0
2023-01-03 21:59:00,0.00672805,16:10 - 00:10,40,0
2023-01-03 22:00:00,0.00672922,16:10 - 00:10,40,0
2023-01-03 22:01:00,0.00672922,16:10 - 00:10,40,0
2023-01-03 22:02:00,0.00673005,16:10 - 00:10,40,0
2023-01-03 22:03:00,0.00673022,16:10 - 00:10,40,0
2023-01-03 22:04:00,0.00673255,16:10 - 00:10,40,0
2023-01-03 22:05:00,0.00673255,16:10 - 00:10,40,0
2023-01-03 22:06:00,0.00673339,16:10 - 00:10,40,0
2023-01-03 22:07:00,0.00673622,16:10 - 00:10,40,0
2023-01-03 22:08:00,0.00674139,16:10 - 00:10,40,0
2023-01-03 22:09:00,0.00674755,16:10 - 00:10,40,0
2023-01-03 22:10:00,0.00674822,16:10 - 00:10,40,0
2023-01-03 22:11:00,0.00674839,16:10 - 00:10,40,0
2023-01-03 22:12:00,0.00674839,16:10 - 00:10,40,0
2023-01-03 22:13:00,0.00675089,16:10 - 00:10,40,0
2023-01-03 22:14:00,0.00675256,16:10 - 00:10,40,0
2023-01-03 22:15:00,0.00675239,16:10 - 00:10,40,0
2023-01-03 22:16:00,0.00675256,16:10 - 00:10,40,0
2023-01-03 22:17:00,0.00675256,16:10 - 00:10,40,0
2023-01-03 22:18:00,0.00675589,16:10 - 00:10,40,0
2023-01-03 22:19:00,0.00676172,16:10 - 00:10,40,0
2023-01-03 22:20:00,0.00676789,16:10 - 00:10,40,0
2023-01-03 22:21:00,0.00677289,16:10 - 00:10,40,0
2023-01-03 22:22:00,0.00677806,16:10 - 00:10,40,0
2023-01-03 22:23:00,0.00678256,16:10 - 00:10,40,0
2023-01-03 22:24:00,0.00678256,16:10 - 00:10,40,0
2023-01-03 22:25:00,0.00677989,16:10 - 00:10,40,0
2023-01-03 22:26:00,0.00677989,16:10 - 00:10,40,0
2023-01-03 22:27:00,0.00678589,16:10 - 00:10,40,0
2023-01-03 22:28:00,0.00679022,16:10 - 00:10,40,0
2023-01-03 22:29:00,0.00679789,16:10 - 00:10,40,0
2023-01-03 22:30:00,0.00679789,16:10 - 00:10,40,0
2023-01-03 22:31:00,0.00679789,16:10 - 00:10,40,0
2023-01-03 22:32:00,0.00681722,16:10 - 00:10,40,0
2023-01-03 22:33:00,0.00682505,16:10 - 00:10,40,0
2023-01-03 22:34:00,0.00682906,16:10 - 00:10,40,0
2023-01-03 22:35:00,0.00682906,16:10 - 00:10,40,0
2023-01-03 22:36:00,0.00683322,16:10 - 00:10,40,0
2023-01-03 22:37:00,0.00684339,16:10 - 00:10,40,0
2023-01-03 22:38:00,0.00685539,16:10 - 00:10,40,0
2023-01-03 22:39:00,0.00687022,16:10 - 00:10,40,0
2023-01-03 22:40:00,0.00688122,16:10 - 00:10,40,0
2023-01-03 22:41:00,0.00688122,16:10 - 00:10,40,0
2023-01-03 22:42:00,0.00688122,16:10 - 00:10,40,0
2023-01-03 22:43:00,0.00687239,16:10 - 00:10,40,0
2023-01-03 22:44:00,0.00687239,16:10 - 00:10,40,0
2023-01-03 22:45:00,0.00686872,16:10 - 00:10,40,0
2023-01-03 22:46:00,0.00686872,16:10 - 00:10,40,0
2023-01-03 22:47:00,0.00687506,16:10 - 00:10,40,0
2023-01-03 22:48:00,0.00688622,16:10 - 00:10,40,0
2023-01-03 22:49:00,0.00690372,16:10 - 00:10,40,0
2023-01-03 22:50:00,0.00690372,16:10 - 00:10,40,0
2023-01-03 22:51:00,0.00692922,16:10 - 00:10,40,0
2023-01-03 22:52:00,0.00693155,16:10 - 00:10,40,0
2023-01-03 22:53:00,0.00693139,16:10 - 00:10,40,0
2023-01-03 22:54:00,0.00693072,16:10 - 00:10,40,0
2023-01-03 22:55:00,0.00692972,16:10 - 00:10,40,0
2023-01-03 22:56:00,0.00693555,16:10 - 00:10,40,0
2023-01-03 22:57:00,0.00694272,16:10 - 00:10,40,0
2023-01-03 22:58:00,0.00694905,16:10 - 00:10,40,0
2023-01-03 22:59:00,0.00694905,16:10 - 00:10,40,0
2023-01-03 23:00:00,0.00694905,16:10 - 00:10,40,0
2023-01-03 23:01:00,0.00694905,16:10 - 00:10,40,0
2023-01-03 23:02:00,0.00696105,16:10 - 00:10,40,0
2023-01-03 23:03:00,0.00696439,16:10 - 00:10,40,0
2023-01-03 23:04:00,0.00696439,16:10 - 00:10,40,0
2023-01-03 23:05:00,0.00696622,16:10 - 00:10,40,0
2023-01-03 23:06:00,0.00696622,16:10 - 00:10,40,0
2023-01-03 23:07:00,0.00697022,16:10 - 00:10,40,0
2023-01-03 23:08:00,0.00698505,16:10 - 00:10,40,0
2023-01-03 23:09:00,0.00699555,16:10 - 00:10,40,0
2023-01-03 23:10:00,0.00700706,16:10 - 00:10,40,0
2023-01-03 23:11:00,0.00700706,16:10 - 00:10,40,0
2023-01-03 23:12:00,0.00702289,16:10 - 00:10,40,0
2023-01-03 23:13:00,0.00703555,16:10 - 00:10,40,0
2023-01-03 23:14:00,0.00704172,16:10 - 00:10,40,0
2023-01-03 23:15:00,0.00704172,16:10 - 00:10,40,0
2023-01-03 23:16:00,0.00705372,16:10 - 00:10,40,0
2023-01-03 23:17:00,0.00705372,16:10 - 00:10,40,0
2023-01-03 23:18:00,0.00706189,16:10 - 00:10,40,0
2023-01-03 23:19:00,0.00706922,16:10 - 00:10,40,0
2023-01-03 23:20:00,0.00706922,16:10 - 00:10,40,0
2023-01-03 23:21:00,0.00708556,16:10 - 00:10,40,0
2023-01-03 23:22:00,0.00708939,16:10 - 00:10,40,0
2023-01-03 23:23:00,0.00708939,16:10 - 00:10,40,0
2023-01-03 23:24:00,0.00709139,16:10 - 00:10,40,0
2023-01-03 23:25:00,0.00709139,16:10 - 00:10,40,0
2023-01-03 23:26:00,0.00709139,16:10 - 00:10,40,0
2023-01-03 23:27:00,0.00707872,16:10 - 00:10,40,0
2023-01-03 23:28:00,0.00707939,16:10 - 00:10,40,0
2023-01-03 23:29:00,0.00707939,16:10 - 00:10,40,0
2023-01-03 23:30:00,0.00707872,16:10 - 00:10,40,0
2023-01-03 23:31:00,0.00707872,16:10 - 00:10,40,0
2023-01-03 23:32:00,0.00708022,16:10 - 00:10,40,0
2023-01-03 23:33:00,0.00707239,16:10 - 00:10,40,0
2023-01-03 23:34:00,0.00707239,16:10 - 00:10,40,0
2023-01-03 23:35:00,0.00706622,16:10 - 00:10,40,0
2023-01-03 23:36:00,0.00706522,16:10 - 00:10,40,0
2023-01-03 23:37:00,0.00706305,16:10 - 00:10,40,0
2023-01-03 23:38:00,0.00705889,16:10 - 00:10,40,0
2023-01-03 23:39:00,0.00705922,16:10 - 00:10,40,0
2023-01-03 23:40:00,0.00705922,16:10 - 00:10,40,0
2023-01-03 23:41:00,0.00706322,16:10 - 00:10,40,0
2023-01-03 23:42:00,0.00706389,16:10 - 00:10,40,0
2023-01-03 23:43:00,0.00706439,16:10 - 00:10,40,0
2023-01-03 23:44:00,0.00706305,16:10 - 00:10,40,0
2023-01-03 23:45:00,0.00706572,16:10 - 00:10,40,0
2023-01-03 23:46:00,0.00706572,16:10 - 00:10,40,0
2023-01-03 23:47:00,0.00707005,16:10 - 00:10,40,0
2023-01-03 23:48:00,0.00707005,16:10 - 00:10,40,0
2023-01-03 23:49:00,0.00708122,16:10 - 00:10,40,0
2023-01-03 23:50:00,0.00708639,16:10 - 00:10,40,0
2023-01-03 23:51:00,0.00709489,16:10 - 00:10,40,0
2023-01-03 23:52:00,0.00709489,16:10 - 00:10,40,0
2023-01-03 23:53:00,0.00709905,16:10 - 00:10,40,0
2023-01-03 23:54:00,0.00709905,16:10 - 00:10,40,0
2023-01-03 23:55:00,0.00710022,16:10 - 00:10,40,0
2023-01-03 23:56:00,0.00709956,16:10 - 00:10,40,0
2023-01-03 23:57:00,0.00710055,16:10 - 00:10,40,0
2023-01-03 23:58:00,0.00710055,16:10 - 00:10,40,0
2023-01-03 23:59:00,0.00710239,16:10 - 00:10,40,0
2023-01-04 00:00:00,0.00654633,16:10 - 00:10,40,0
2023-01-04 00:01:00,0.00063267,16:10 - 00:10,40,0
2023-01-04 00:02:00,0.00306501,16:10 - 00:10,40,0
2023-01-04 00:03:00,0.00393167,16:10 - 00:10,40,0
2023-01-04 00:04:00,0.00456801,16:10 - 00:10,40,0
2023-01-04 00:05:00,0.00456801,16:10 - 00:10,40,0
2023-01-04 00:06:00,0.00456901,16:10 - 00:10,40,0
2023-01-04 00:07:00,0.00457184,16:10 - 00:10,40,0
2023-01-04 00:08:00,0.00457184,16:10 - 00:10,40,0
2023-01-04 00:09:00,0.00457467,16:10 - 00:10,40,0
2023-01-04 00:10:00,0.00457384,00:10 - 08:10,41,0
2023-01-04 00:11:00,0.00457634,00:10 - 08:10,41,0
2023-01-04 00:12:00,0.00457634,00:10 - 08:10,41,0
2023-01-04 00:13:00,0.00458301,00:10 - 08:10,41,0
2023-01-04 00:14:00,0.00457867,00:10 - 08:10,41,0
2023-01-04 00:15:00,0.00457867,00:10 - 08:10,41,0
2023-01-04 00:16:00,0.00457067,00:10 - 08:10,41,0
2023-01-04 00:17:00,0.00442801,00:10 - 08:10,41,0
2023-01-04 00:18:00,0.00422051,00:10 - 08:10,41,0
2023-01-04 00:19:00,0.00419801,00:10 - 08:10,41,0
2023-01-04 00:20:00,0.00418134,00:10 - 08:10,41,0
2023-01-04 00:21:00,0.00419517,00:10 - 08:10,41,0
2023-01-04 00:22:00,0.00418701,00:10 - 08:10,41,0
2023-01-04 00:23:00,0.00420334,00:10 - 08:10,41,0
2023-01-04 00:24:00,0.00416651,00:10 - 08:10,41,0
2023-01-04 00:25:00,0.00409401,00:10 - 08:10,41,0
2023-01-04 00:26:00,0.00409201,00:10 - 08:10,41,0
2023-01-04 00:27:00,0.00404201,00:10 - 08:10,41,0
2023-01-04 00:28:00,0.00402684,00:10 - 08:10,41,0
2023-01-04 00:29:00,0.00399217,00:10 - 08:10,41,0
2023-01-04 00:30:00,0.00395767,00:10 - 08:10,41,0
2023-01-04 00:31:00,0.00397751,00:10 - 08:10,41,0
2023-01-04 00:32:00,0.00402834,00:10 - 08:10,41,0
2023-01-04 00:33:00,0.00399501,00:10 - 08:10,41,0
2023-01-04 00:34:00,0.00397851,00:10 - 08:10,41,0
2023-01-04 00:35:00,0.0040285,00:10 - 08:10,41,0
2023-01-04 00:36:00,0.00400451,00:10 - 08:10,41,0
2023-01-04 00:37:00,0.00401317,00:10 - 08:10,41,0
2023-01-04 00:38:00,0.00399651,00:10 - 08:10,41,0
2023-01-04 00:39:00,0.00396317,00:10 - 08:10,41,0
2023-01-04 00:40:00,0.00391817,00:10 - 08:10,41,0
2023-01-04 00:41:00,0.00383317,00:10 - 08:10,41,0
2023-01-04 00:42:00,0.00378084,00:10 - 08:10,41,0
2023-01-04 00:43:00,0.0037475,00:10 - 08:10,41,0
2023-01-04 00:44:00,0.00369751,00:10 - 08:10,41,0
2023-01-04 00:45:00,0.00371517,00:10 - 08:10,41,0
2023-01-04 00:46:00,0.00367734,00:10 - 08:10,41,0
2023-01-04 00:47:00,0.00361951,00:10 - 08:10,41,0
2023-01-04 00:48:00,0.00356351,00:10 - 08:10,41,0
2023-01-04 00:49:00,0.00349684,00:10 - 08:10,41,0
2023-01-04 00:50:00,0.00340684,00:10 - 08:10,41,0
2023-01-04 00:51:00,0.00332184,00:10 - 08:10,41,0
2023-01-04 00:52:00,0.00325667,00:10 - 08:10,41,0
2023-01-04 00:53:00,0.00317934,00:10 - 08:10,41,0
2023-01-04 00:54:00,0.00311934,00:10 - 08:10,41,0
2023-01-04 00:55:00,0.00309201,00:10 - 08:10,41,0
2023-01-04 00:56:00,0.00305867,00:10 - 08:10,41,0
2023-01-04 00:57:00,0.00299384,00:10 - 08:10,41,0
2023-01-04 00:58:00,0.00294434,00:10 - 08:10,41,0
2023-01-04 00:59:00,0.00289434,00:10 - 08:10,41,0
2023-01-04 01:00:00,0.00284517,00:10 - 08:10,41,0
2023-01-04 01:01:00,0.00281017,00:10 - 08:10,41,0
2023-01-04 01:02:00,0.00275367,00:10 - 08:10,41,0
2023-01-04 01:03:00,0.00270367,00:10 - 08:10,41,0
2023-01-04 01:04:00,0.00262201,00:10 - 08:10,41,0
2023-01-04 01:05:00,0.00258051,00:10 - 08:10,41,0
2023-01-04 01:06:00,0.00258284,00:10 - 08:10,41,0
2023-01-04 01:07:00,0.00259951,00:10 - 08:10,41,0
2023-01-04 01:08:00,0.00259951,00:10 - 08:10,41,0
2023-01-04 01:09:00,0.00263101,00:10 - 08:10,41,0
2023-01-04 01:10:00,0.00265817,00:10 - 08:10,41,0
2023-01-04 01:11:00,0.00269984,00:10 - 08:10,41,0
2023-01-04 01:12:00,0.0027185,00:10 - 08:10,41,0
2023-01-04 01:13:00,0.0027185,00:10 - 08:10,41,0
2023-01-04 01:14:00,0.0027185,00:10 - 08:10,41,0
2023-01-04 01:15:00,0.00273801,00:10 - 08:10,41,0
2023-01-04 01:16:00,0.00277917,00:10 - 08:10,41,0
2023-01-04 01:17:00,0.00281251,00:10 - 08:10,41,0
2023-01-04 01:18:00,0.00285067,00:10 - 08:10,41,0
2023-01-04 01:19:00,0.00293334,00:10 - 08:10,41,0
2023-01-04 01:20:00,0.00301401,00:10 - 08:10,41,0
2023-01-04 01:21:00,0.00302534,00:10 - 08:10,41,0
2023-01-04 01:22:00,0.00308251,00:10 - 08:10,41,0
2023-01-04 01:23:00,0.00312084,00:10 - 08:10,41,0
2023-01-04 01:24:00,0.00312084,00:10 - 08:10,41,0
2023-01-04 01:25:00,0.00308751,00:10 - 08:10,41,0
2023-01-04 01:26:00,0.00307851,00:10 - 08:10,41,0
2023-01-04 01:27:00,0.00306184,00:10 - 08:10,41,0
2023-01-04 01:28:00,0.00304434,00:10 - 08:10,41,0
2023-01-04 01:29:00,0.00303734,00:10 - 08:10,41,0
2023-01-04 01:30:00,0.00300401,00:10 - 08:10,41,0
2023-01-04 01:31:00,0.00297067,00:10 - 08:10,41,0
2023-01-04 01:32:00,0.00295167,00:10 - 08:10,41,0
2023-01-04 01:33:00,0.00295351,00:10 - 08:10,41,0
2023-01-04 01:34:00,0.00296151,00:10 - 08:10,41,0
2023-01-04 01:35:00,0.00298384,00:10 - 08:10,41,0
2023-01-04 01:36:00,0.00301717,00:10 - 08:10,41,0
2023-01-04 01:37:00,0.003022,00:10 - 08:10,41,0
2023-01-04 01:38:00,0.00301001,00:10 - 08:10,41,0
2023-01-04 01:39:00,0.00301551,00:10 - 08:10,41,0
2023-01-04 01:40:00,0.00304917,00:10 - 08:10,41,0
2023-01-04 01:41:00,0.00306567,00:10 - 08:10,41,0
2023-01-04 01:42:00,0.00306567,00:10 - 08:10,41,0
2023-01-04 01:43:00,0.00307984,00:10 - 08:10,41,0
2023-01-04 01:44:00,0.00309717,00:10 - 08:10,41,0
2023-01-04 01:45:00,0.00309717,00:10 - 08:10,41,0
2023-01-04 01:46:00,0.00310734,00:10 - 08:10,41,0
2023-01-04 01:47:00,0.00309067,00:10 - 08:10,41,0
2023-01-04 01:48:00,0.00310301,00:10 - 08:10,41,0
2023-01-04 01:49:00,0.00312434,00:10 - 08:10,41,0
2023-01-04 01:50:00,0.00312434,00:10 - 08:10,41,0
2023-01-04 01:51:00,0.00312801,00:10 - 08:10,41,0
2023-01-04 01:52:00,0.00314467,00:10 - 08:10,41,0
2023-01-04 01:53:00,0.00315884,00:10 - 08:10,41,0
2023-01-04 01:54:00,0.00315884,00:10 - 08:10,41,0
2023-01-04 01:55:00,0.00315867,00:10 - 08:10,41,0
2023-01-04 01:56:00,0.00314201,00:10 - 08:10,41,0
2023-01-04 01:57:00,0.00312534,00:10 - 08:10,41,0
2023-01-04 01:58:00,0.00311801,00:10 - 08:10,41,0
2023-01-04 01:59:00,0.00310134,00:10 - 08:10,41,0
2023-01-04 02:00:00,0.00310301,00:10 - 08:10,41,0
2023-01-04 02:01:00,0.00308634,00:10 - 08:10,41,0
2023-01-04 02:02:00,0.00307901,00:10 - 08:10,41,0
2023-01-04 02:03:00,0.00306234,00:10 - 08:10,41,0
2023-01-04 02:04:00,0.00308117,00:10 - 08:10,41,0
2023-01-04 02:05:00,0.00308284,00:10 - 08:10,41,0
2023-01-04 02:06:00,0.00306967,00:10 - 08:10,41,0
2023-01-04 02:07:00,0.00307717,00:10 - 08:10,41,0
2023-01-04 02:08:00,0.00308701,00:10 - 08:10,41,0
2023-01-04 02:09:00,0.00308701,00:10 - 08:10,41,0
2023-01-04 02:10:00,0.00308867,00:10 - 08:10,41,0
2023-01-04 02:11:00,0.00310534,00:10 - 08:10,41,0
2023-01-04 02:12:00,0.00309351,00:10 - 08:10,41,0
2023-01-04 02:13:00,0.00307684,00:10 - 08:10,41,0
2023-01-04 02:14:00,0.00308634,00:10 - 08:10,41,0
2023-01-04 02:15:00,0.003107,00:10 - 08:10,41,0
2023-01-04 02:16:00,0.00314034,00:10 - 08:10,41,0
2023-01-04 02:17:00,0.00315917,00:10 - 08:10,41,0
2023-01-04 02:18:00,0.00316351,00:10 - 08:10,41,0
2023-01-04 02:19:00,0.00316917,00:10 - 08:10,41,0
2023-01-04 02:20:00,0.00315934,00:10 - 08:10,41,0
2023-01-04 02:21:00,0.00315934,00:10 - 08:10,41,0
2023-01-04 02:22:00,0.00315801,00:10 - 08:10,41,0
2023-01-04 02:23:00,0.00312467,00:10 - 08:10,41,0
2023-01-04 02:24:00,0.00312967,00:10 - 08:10,41,0
2023-01-04 02:25:00,0.00312967,00:10 - 08:10,41,0
2023-01-04 02:26:00,0.00314101,00:10 - 08:10,41,0
2023-01-04 02:27:00,0.00314184,00:10 - 08:10,41,0
2023-01-04 02:28:00,0.00313034,00:10 - 08:10,41,0
2023-01-04 02:29:00,0.00311367,00:10 - 08:10,41,0
2023-01-04 02:30:00,0.00311367,00:10 - 08:10,41,0
2023-01-04 02:31:00,0.00312534,00:10 - 08:10,41,0
2023-01-04 02:32:00,0.00311967,00:10 - 08:10,41,0
2023-01-04 02:33:00,0.00311917,00:10 - 08:10,41,0
2023-01-04 02:34:00,0.00311917,00:10 - 08:10,41,0
2023-01-04 02:35:00,0.00313584,00:10 - 08:10,41,0
2023-01-04 02:36:00,0.00315067,00:10 - 08:10,41,0
2023-01-04 02:37:00,0.00314717,00:10 - 08:10,41,0
2023-01-04 02:38:00,0.00315851,00:10 - 08:10,41,0
2023-01-04 02:39:00,0.00314184,00:10 - 08:10,41,0
2023-01-04 02:40:00,0.00311784,00:10 - 08:10,41,0
2023-01-04 02:41:00,0.00311034,00:10 - 08:10,41,0
2023-01-04 02:42:00,0.00307784,00:10 - 08:10,41,0
2023-01-04 02:43:00,0.00307617,00:10 - 08:10,41,0
2023-01-04 02:44:00,0.00306167,00:10 - 08:10,41,0
2023-01-04 02:45:00,0.00304667,00:10 - 08:10,41,0
2023-01-04 02:46:00,0.00303001,00:10 - 08:10,41,0
2023-01-04 02:47:00,0.00304667,00:10 - 08:10,41,0
2023-01-04 02:48:00,0.00303417,00:10 - 08:10,41,0
2023-01-04 02:49:00,0.00303101,00:10 - 08:10,41,0
2023-01-04 02:50:00,0.00301317,00:10 - 08:10,41,0
2023-01-04 02:51:00,0.00299734,00:10 - 08:10,41,0
2023-01-04 02:52:00,0.00299734,00:10 - 08:10,41,0
2023-01-04 02:53:00,0.00296534,00:10 - 08:10,41,0
2023-01-04 02:54:00,0.00295251,00:10 - 08:10,41,0
2023-01-04 02:55:00,0.00295901,00:10 - 08:10,41,0
2023-01-04 02:56:00,0.00292567,00:10 - 08:10,41,0
2023-01-04 02:57:00,0.00291767,00:10 - 08:10,41,0
2023-01-04 02:58:00,0.002901,00:10 - 08:10,41,0
2023-01-04 02:59:00,0.00291367,00:10 - 08:10,41,0
2023-01-04 03:00:00,0.00290484,00:10 - 08:10,41,0
2023-01-04 03:01:00,0.00288817,00:10 - 08:10,41,0
2023-01-04 03:02:00,0.00289184,00:10 - 08:10,41,0
2023-01-04 03:03:00,0.00285851,00:10 - 08:10,41,0
2023-01-04 03:04:00,0.00286601,00:10 - 08:10,41,0
2023-01-04 03:05:00,0.00286784,00:10 - 08:10,41,0
2023-01-04 03:06:00,0.00286351,00:10 - 08:10,41,0
2023-01-04 03:07:00,0.00289117,00:10 - 08:10,41,0
2023-01-04 03:08:00,0.00287767,00:10 - 08:10,41,0
2023-01-04 03:09:00,0.00286101,00:10 - 08:10,41,0
2023-01-04 03:10:00,0.00286101,00:10 - 08:10,41,0
2023-01-04 03:11:00,0.0028745,00:10 - 08:10,41,0
2023-01-04 03:12:00,0.00287934,00:10 - 08:10,41,0
2023-01-04 03:13:00,0.0028885,00:10 - 08:10,41,0
2023-01-04 03:14:00,0.00290967,00:10 - 08:10,41,0
2023-01-04 03:15:00,0.00289517,00:10 - 08:10,41,0
2023-01-04 03:16:00,0.00290651,00:10 - 08:10,41,0
2023-01-04 03:17:00,0.00289884,00:10 - 08:10,41,0
2023-01-04 03:18:00,0.00290334,00:10 - 08:10,41,0
2023-01-04 03:19:00,0.00290551,00:10 - 08:10,41,0
2023-01-04 03:20:00,0.00292217,00:10 - 08:10,41,0
2023-01-04 03:21:00,0.00291184,00:10 - 08:10,41,0
2023-01-04 03:22:00,0.00291301,00:10 - 08:10,41,0
2023-01-04 03:23:00,0.00289634,00:10 - 08:10,41,0
2023-01-04 03:24:00,0.00287601,00:10 - 08:10,41,0
2023-01-04 03:25:00,0.00287201,00:10 - 08:10,41,0
2023-01-04 03:26:00,0.00287201,00:10 - 08:10,41,0
2023-01-04 03:27:00,0.00286951,00:10 - 08:10,41,0
2023-01-04 03:28:00,0.002871,00:10 - 08:10,41,0
2023-01-04 03:29:00,0.00286567,00:10 - 08:10,41,0
2023-01-04 03:30:00,0.00286384,00:10 - 08:10,41,0
2023-01-04 03:31:00,0.00285334,00:10 - 08:10,41,0
2023-01-04 03:32:00,0.00283667,00:10 - 08:10,41,0
2023-01-04 03:33:00,0.00282001,00:10 - 08:10,41,0
2023-01-04 03:34:00,0.00282784,00:10 - 08:10,41,0
2023-01-04 03:35:00,0.00281417,00:10 - 08:10,41,0
2023-01-04 03:36:00,0.00281884,00:10 - 08:10,41,0
2023-01-04 03:37:00,0.00281134,00:10 - 08:10,41,0
2023-01-04 03:38:00,0.00279467,00:10 - 08:10,41,0
2023-01-04 03:39:00,0.00282067,00:10 - 08:10,41,0
2023-01-04 03:40:00,0.00280401,00:10 - 08:10,41,0
2023-01-04 03:41:00,0.00280784,00:10 - 08:10,41,0
2023-01-04 03:42:00,0.00277451,00:10 - 08:10,41,0
2023-01-04 03:43:00,0.002771,00:10 - 08:10,41,0
2023-01-04 03:44:00,0.002771,00:10 - 08:10,41,0
2023-01-04 03:45:00,0.00275434,00:10 - 08:10,41,0
2023-01-04 03:46:00,0.00276001,00:10 - 08:10,41,0
2023-01-04 03:47:00,0.00274334,00:10 - 08:10,41,0
2023-01-04 03:48:00,0.00274334,00:10 - 08:10,41,0
2023-01-04 03:49:00,0.00274334,00:10 - 08:10,41,0
2023-01-04 03:50:00,0.00272667,00:10 - 08:10,41,0
2023-01-04 03:51:00,0.00272667,00:10 - 08:10,41,0
2023-01-04 03:52:00,0.00271001,00:10 - 08:10,41,0
2023-01-04 03:53:00,0.00269334,00:10 - 08:10,41,0
2023-01-04 03:54:00,0.00267667,00:10 - 08:10,41,0
2023-01-04 03:55:00,0.00267667,00:10 - 08:10,41,0
2023-01-04 03:56:00,0.00266001,00:10 - 08:10,41,0
2023-01-04 03:57:00,0.00266001,00:10 - 08:10,41,0
2023-01-04 03:58:00,0.00266001,00:10 - 08:10,41,0
2023-01-04 03:59:00,-0.00167333,00:10 - 08:10,41,0
2023-01-04 04:00:00,-0.00164,00:10 - 08:10,41,0
2023-01-04 04:01:00,-0.00164,00:10 - 08:10,41,0
2023-01-04 04:02:00,-0.00164,00:10 - 08:10,41,0
2023-01-04 04:03:00,-0.00164,00:10 - 08:10,41,0
2023-01-04 04:04:00,-0.00162333,00:10 - 08:10,41,0
2023-01-04 04:05:00,-0.00162333,00:10 - 08:10,41,0
2023-01-04 04:06:00,-0.00162333,00:10 - 08:10,41,0
2023-01-04 04:07:00,-0.00160666,00:10 - 08:10,41,0
2023-01-04 04:08:00,-0.00160666,00:10 - 08:10,41,0
2023-01-04 04:09:00,-0.00159,00:10 - 08:10,41,0
2023-01-04 04:10:00,-0.00157333,00:10 - 08:10,41,0
2023-01-04 04:11:00,-0.00155666,00:10 - 08:10,41,0
2023-01-04 04:12:00,-0.00155666,00:10 - 08:10,41,0
2023-01-04 04:13:00,-0.00153999,00:10 - 08:10,41,0
2023-01-04 04:14:00,-0.00153999,00:10 - 08:10,41,0
2023-01-04 04:15:00,-0.00153999,00:10 - 08:10,41,0
2023-01-04 04:16:00,-0.00153999,00:10 - 08:10,41,0
2023-01-04 04:17:00,-0.00152333,00:10 - 08:10,41,0
2023-01-04 04:18:00,-0.00152333,00:10 - 08:10,41,0
2023-01-04 04:19:00,-0.00150666,00:10 - 08:10,41,0
2023-01-04 04:20:00,-0.00149916,00:10 - 08:10,41,0
2023-01-04 04:21:00,-0.00151083,00:10 - 08:10,41,0
2023-01-04 04:22:00,-0.00153366,00:10 - 08:10,41,0
2023-01-04 04:23:00,-0.00153083,00:10 - 08:10,41,0
2023-01-04 04:24:00,-0.00151416,00:10 - 08:10,41,0
2023-01-04 04:25:00,-0.00151466,00:10 - 08:10,41,0
2023-01-04 04:26:00,-0.00152316,00:10 - 08:10,41,0
2023-01-04 04:27:00,-0.00150649,00:10 - 08:10,41,0
2023-01-04 04:28:00,-0.00151466,00:10 - 08:10,41,0
2023-01-04 04:29:00,-0.001498,00:10 - 08:10,41,0
2023-01-04 04:30:00,-0.001516,00:10 - 08:10,41,0
2023-01-04 04:31:00,-0.00150899,00:10 - 08:10,41,0
2023-01-04 04:32:00,-0.00150899,00:10 - 08:10,41,0
2023-01-04 04:33:00,-0.00151716,00:10 - 08:10,41,0
2023-01-04 04:34:00,-0.00152433,00:10 - 08:10,41,0
2023-01-04 04:35:00,-0.00150766,00:10 - 08:10,41,0
2023-01-04 04:36:00,-0.00152266,00:10 - 08:10,41,0
2023-01-04 04:37:00,-0.00151799,00:10 - 08:10,41,0
2023-01-04 04:38:00,-0.00151183,00:10 - 08:10,41,0
2023-01-04 04:39:00,-0.00149516,00:10 - 08:10,41,0
2023-01-04 04:40:00,-0.00151699,00:10 - 08:10,41,0
2023-01-04 04:41:00,-0.00151699,00:10 - 08:10,41,0
2023-01-04 04:42:00,-0.00151066,00:10 - 08:10,41,0
2023-01-04 04:43:00,-0.00152116,00:10 - 08:10,41,0
2023-01-04 04:44:00,-0.00153283,00:10 - 08:10,41,0
2023-01-04 04:45:00,-0.00151616,00:10 - 08:10,41,0
2023-01-04 04:46:00,-0.00151766,00:10 - 08:10,41,0
2023-01-04 04:47:00,-0.00150099,00:10 - 08:10,41,0
2023-01-04 04:48:00,-0.00151066,00:10 - 08:10,41,0
2023-01-04 04:49:00,-0.00151066,00:10 - 08:10,41,0
2023-01-04 04:50:00,-0.00153249,00:10 - 08:10,41,0
2023-01-04 04:51:00,-0.00153999,00:10 - 08:10,41,0
2023-01-04 04:52:00,-0.00154799,00:10 - 08:10,41,0
2023-01-04 04:53:00,-0.00153133,00:10 - 08:10,41,0
2023-01-04 04:54:00,-0.00154466,00:10 - 08:10,41,0
2023-01-04 04:55:00,-0.00155849,00:10 - 08:10,41,0
2023-01-04 04:56:00,-0.00155849,00:10 - 08:10,41,0
2023-01-04 04:57:00,-0.00155516,00:10 - 08:10,41,0
2023-01-04 04:58:00,-0.00155633,00:10 - 08:10,41,0
2023-01-04 04:59:00,-0.00155633,00:10 - 08:10,41,0
2023-01-04 05:00:00,-0.00155433,00:10 - 08:10,41,0
2023-01-04 05:01:00,-0.00158116,00:10 - 08:10,41,0
2023-01-04 05:02:00,-0.00159183,00:10 - 08:10,41,0
2023-01-04 05:03:00,-0.00158949,00:10 - 08:10,41,0
2023-01-04 05:04:00,-0.00158949,00:10 - 08:10,41,0
2023-01-04 05:05:00,-0.00160766,00:10 - 08:10,41,0
2023-01-04 05:06:00,-0.00159099,00:10 - 08:10,41,0
2023-01-04 05:07:00,-0.00160933,00:10 - 08:10,41,0
2023-01-04 05:08:00,-0.00161983,00:10 - 08:10,41,0
2023-01-04 05:09:00,-0.00161266,00:10 - 08:10,41,0
2023-01-04 05:10:00,-0.001596,00:10 - 08:10,41,0
2023-01-04 05:11:00,-0.00157933,00:10 - 08:10,41,0
2023-01-04 05:12:00,-0.00157116,00:10 - 08:10,41,0
2023-01-04 05:13:00,-0.00159449,00:10 - 08:10,41,0
2023-01-04 05:14:00,-0.00160483,00:10 - 08:10,41,0
2023-01-04 05:15:00,-0.00161249,00:10 - 08:10,41,0
2023-01-04 05:16:00,-0.00161249,00:10 - 08:10,41,0
2023-01-04 05:17:00,-0.00161966,00:10 - 08:10,41,0
2023-01-04 05:18:00,-0.00160983,00:10 - 08:10,41,0
2023-01-04 05:19:00,-0.00161633,00:10 - 08:10,41,0
2023-01-04 05:20:00,-0.00162149,00:10 - 08:10,41,0
2023-01-04 05:21:00,-0.00162816,00:10 - 08:10,41,0
2023-01-04 05:22:00,-0.00161149,00:10 - 08:10,41,0
2023-01-04 05:23:00,-0.00160116,00:10 - 08:10,41,0
2023-01-04 05:24:00,-0.00160116,00:10 - 08:10,41,0
2023-01-04 05:25:00,-0.00160933,00:10 - 08:10,41,0
2023-01-04 05:26:00,-0.00159266,00:10 - 08:10,41,0
2023-01-04 05:27:00,-0.00160549,00:10 - 08:10,41,0
2023-01-04 05:28:00,-0.00159699,00:10 - 08:10,41,0
2023-01-04 05:29:00,-0.00158033,00:10 - 08:10,41,0
2023-01-04 05:30:00,-0.00157016,00:10 - 08:10,41,0
2023-01-04 05:31:00,-0.00156299,00:10 - 08:10,41,0
2023-01-04 05:32:00,-0.00155366,00:10 - 08:10,41,0
2023-01-04 05:33:00,-0.00154499,00:10 - 08:10,41,0
2023-01-04 05:34:00,-0.00153733,00:10 - 08:10,41,0
2023-01-04 05:35:00,-0.00153216,00:10 - 08:10,41,0
2023-01-04 05:36:00,-0.00153216,00:10 - 08:10,41,0
2023-01-04 05:37:00,-0.00152499,00:10 - 08:10,41,0
2023-01-04 05:38:00,-0.00149966,00:10 - 08:10,41,0
2023-01-04 05:39:00,-0.00148983,00:10 - 08:10,41,0
2023-01-04 05:40:00,-0.00148833,00:10 - 08:10,41,0
2023-01-04 05:41:00,-0.00148416,00:10 - 08:10,41,0
2023-01-04 05:42:00,-0.00148416,00:10 - 08:10,41,0
2023-01-04 05:43:00,-0.00147516,00:10 - 08:10,41,0
2023-01-04 05:44:00,-0.00144666,00:10 - 08:10,41,0
2023-01-04 05:45:00,-0.00144299,00:10 - 08:10,41,0
2023-01-04 05:46:00,-0.00143833,00:10 - 08:10,41,0
2023-01-04 05:47:00,-0.00143033,00:10 - 08:10,41,0
2023-01-04 05:48:00,-0.00142399,00:10 - 08:10,41,0
2023-01-04 05:49:00,-0.00141699,00:10 - 08:10,41,0
2023-01-04 05:50:00,-0.00140683,00:10 - 08:10,41,0
2023-01-04 05:51:00,-0.00140683,00:10 - 08:10,41,0
2023-01-04 05:52:00,-0.00139599,00:10 - 08:10,41,0
2023-01-04 05:53:00,-0.00138483,00:10 - 08:10,41,0
2023-01-04 05:54:00,-0.00138466,00:10 - 08:10,41,0
2023-01-04 05:55:00,-0.00136933,00:10 - 08:10,41,0
2023-01-04 05:56:00,-0.00137049,00:10 - 08:10,41,0
2023-01-04 05:57:00,-0.00135383,00:10 - 08:10,41,0
2023-01-04 05:58:00,-0.00135449,00:10 - 08:10,41,0
2023-01-04 05:59:00,-0.00132116,00:10 - 08:10,41,0
2023-01-04 06:00:00,-0.00133866,00:10 - 08:10,41,0
2023-01-04 06:01:00,-0.00132149,00:10 - 08:10,41,0
2023-01-04 06:02:00,-0.00128816,00:10 - 08:10,41,0
2023-01-04 06:03:00,-0.0012715,00:10 - 08:10,41,0
2023-01-04 06:04:00,-0.00126233,00:10 - 08:10,41,0
2023-01-04 06:05:00,-0.00125333,00:10 - 08:10,41,0
2023-01-04 06:06:00,-0.00122883,00:10 - 08:10,41,0
2023-01-04 06:07:00,-0.00123733,00:10 - 08:10,41,0
2023-01-04 06:08:00,-0.00122066,00:10 - 08:10,41,0
2023-01-04 06:09:00,-0.00120766,00:10 - 08:10,41,0
2023-01-04 06:10:00,-0.00119099,00:10 - 08:10,41,0
2023-01-04 06:11:00,-0.00120099,00:10 - 08:10,41,0
2023-01-04 06:12:00,-0.00118966,00:10 - 08:10,41,0
2023-01-04 06:13:00,-0.00117749,00:10 - 08:10,41,0
2023-01-04 06:14:00,-0.00116083,00:10 - 08:10,41,0
2023-01-04 06:15:00,-0.00115466,00:10 - 08:10,41,0
2023-01-04 06:16:00,-0.00115466,00:10 - 08:10,41,0
2023-01-04 06:17:00,-0.00115283,00:10 - 08:10,41,0
2023-01-04 06:18:00,-0.00115149,00:10 - 08:10,41,0
2023-01-04 06:19:00,-0.00113483,00:10 - 08:10,41,0
2023-01-04 06:20:00,-0.00111783,00:10 - 08:10,41,0
2023-01-04 06:21:00,-0.00110883,00:10 - 08:10,41,0
2023-01-04 06:22:00,-0.00109466,00:10 - 08:10,41,0
2023-01-04 06:23:00,-0.00107633,00:10 - 08:10,41,0
2023-01-04 06:24:00,-0.00105966,00:10 - 08:10,41,0
2023-01-04 06:25:00,-0.00104049,00:10 - 08:10,41,0
2023-01-04 06:26:00,-0.00101983,00:10 - 08:10,41,0
2023-01-04 06:27:00,-0.00100316,00:10 - 08:10,41,0
2023-01-04 06:28:00,-0.00097749,00:10 - 08:10,41,0
2023-01-04 06:29:00,-0.00097749,00:10 - 08:10,41,0
2023-01-04 06:30:00,-0.00096999,00:10 - 08:10,41,0
2023-01-04 06:31:00,-0.00095333,00:10 - 08:10,41,0
2023-01-04 06:32:00,-0.00094649,00:10 - 08:10,41,0
2023-01-04 06:33:00,-0.00093366,00:10 - 08:10,41,0
2023-01-04 06:34:00,-0.00092799,00:10 - 08:10,41,0
2023-01-04 06:35:00,-0.00092799,00:10 - 08:10,41,0
2023-01-04 06:36:00,-0.00092433,00:10 - 08:10,41,0
2023-01-04 06:37:00,-0.00091449,00:10 - 08:10,41,0
2023-01-04 06:38:00,-0.00091449,00:10 - 08:10,41,0
2023-01-04 06:39:00,-0.00090433,00:10 - 08:10,41,0
2023-01-04 06:40:00,-0.00089399,00:10 - 08:10,41,0
2023-01-04 06:41:00,-0.00088266,00:10 - 08:10,41,0
2023-01-04 06:42:00,-0.00088349,00:10 - 08:10,41,0
2023-01-04 06:43:00,-0.00086683,00:10 - 08:10,41,0
2023-01-04 06:44:00,-0.00086449,00:10 - 08:10,41,0
2023-01-04 06:45:00,-0.000844,00:10 - 08:10,41,0
2023-01-04 06:46:00,-0.00082216,00:10 - 08:10,41,0
2023-01-04 06:47:00,-0.00081199,00:10 - 08:10,41,0
2023-01-04 06:48:00,-0.00079533,00:10 - 08:10,41,0
2023-01-04 06:49:00,-0.00078099,00:10 - 08:10,41,0
2023-01-04 06:50:00,-0.00075416,00:10 - 08:10,41,0
2023-01-04 06:51:00,-0.00073216,00:10 - 08:10,41,0
2023-01-04 06:52:00,-0.00072533,00:10 - 08:10,41,0
2023-01-04 06:53:00,-0.00069999,00:10 - 08:10,41,0
2023-01-04 06:54:00,-0.00069249,00:10 - 08:10,41,0
2023-01-04 06:55:00,-0.00069249,00:10 - 08:10,41,0
2023-01-04 06:56:00,-0.0006665,00:10 - 08:10,41,0
2023-01-04 06:57:00,-0.0006665,00:10 - 08:10,41,0
2023-01-04 06:58:00,-0.00064083,00:10 - 08:10,41,0
2023-01-04 06:59:00,-0.00061699,00:10 - 08:10,41,0
2023-01-04 07:00:00,-0.00060033,00:10 - 08:10,41,0
2023-01-04 07:01:00,-0.00058899,00:10 - 08:10,41,0
2023-01-04 07:02:00,-0.00056183,00:10 - 08:10,41,0
2023-01-04 07:03:00,-0.00053183,00:10 - 08:10,41,0
2023-01-04 07:04:00,-0.00051516,00:10 - 08:10,41,0
2023-01-04 07:05:00,-0.00050866,00:10 - 08:10,41,0
2023-01-04 07:06:00,-0.00049199,00:10 - 08:10,41,0
2023-01-04 07:07:00,-0.00047383,00:10 - 08:10,41,0
2023-01-04 07:08:00,-0.00047699,00:10 - 08:10,41,0
2023-01-04 07:09:00,-0.00047816,00:10 - 08:10,41,0
2023-01-04 07:10:00,-0.00046066,00:10 - 08:10,41,0
2023-01-04 07:11:00,-0.00043599,00:10 - 08:10,41,0
2023-01-04 07:12:00,-0.00043599,00:10 - 08:10,41,0
2023-01-04 07:13:00,-0.00043599,00:10 - 08:10,41,0
2023-01-04 07:14:00,-0.00041416,00:10 - 08:10,41,0
2023-01-04 07:15:00,-0.00039283,00:10 - 08:10,41,0
2023-01-04 07:16:00,-0.00039183,00:10 - 08:10,41,0
2023-01-04 07:17:00,-0.00037649,00:10 - 08:10,41,0
2023-01-04 07:18:00,-0.00037499,00:10 - 08:10,41,0
2023-01-04 07:19:00,-0.00035833,00:10 - 08:10,41,0
2023-01-04 07:20:00,-0.00037049,00:10 - 08:10,41,0
2023-01-04 07:21:00,-0.00038783,00:10 - 08:10,41,0
2023-01-04 07:22:00,-0.00040466,00:10 - 08:10,41,0
2023-01-04 07:23:00,-0.00041783,00:10 - 08:10,41,0
2023-01-04 07:24:00,-0.00041616,00:10 - 08:10,41,0
2023-01-04 07:25:00,-0.00041616,00:10 - 08:10,41,0
2023-01-04 07:26:00,-0.00042299,00:10 - 08:10,41,0
2023-01-04 07:27:00,-0.00043433,00:10 - 08:10,41,0
2023-01-04 07:28:00,-0.00043433,00:10 - 08:10,41,0
2023-01-04 07:29:00,-0.00044483,00:10 - 08:10,41,0
2023-01-04 07:30:00,-0.00045566,00:10 - 08:10,41,0
2023-01-04 07:31:00,-0.00046983,00:10 - 08:10,41,0
2023-01-04 07:32:00,-0.00048749,00:10 - 08:10,41,0
2023-01-04 07:33:00,-0.00048333,00:10 - 08:10,41,0
2023-01-04 07:34:00,-0.00047899,00:10 - 08:10,41,0
2023-01-04 07:35:00,-0.00047899,00:10 - 08:10,41,0
2023-01-04 07:36:00,-0.00048433,00:10 - 08:10,41,0
2023-01-04 07:37:00,-0.00048366,00:10 - 08:10,41,0
2023-01-04 07:38:00,-0.00048083,00:10 - 08:10,41,0
2023-01-04 07:39:00,-0.00048899,00:10 - 08:10,41,0
2023-01-04 07:40:00,-0.00047149,00:10 - 08:10,41,0
2023-01-04 07:41:00,-0.00047149,00:10 - 08:10,41,0
2023-01-04 07:42:00,-0.00047483,00:10 - 08:10,41,0
2023-01-04 07:43:00,-0.00046049,00:10 - 08:10,41,0
2023-01-04 07:44:00,-0.00046216,00:10 - 08:10,41,0
2023-01-04 07:45:00,-0.00045949,00:10 - 08:10,41,0
2023-01-04 07:46:00,-0.00044266,00:10 - 08:10,41,0
2023-01-04 07:47:00,-0.00044266,00:10 - 08:10,41,0
2023-01-04 07:48:00,-0.00042933,00:10 - 08:10,41,0
2023-01-04 07:49:00,-0.00043283,00:10 - 08:10,41,0
2023-01-04 07:50:00,-0.000421,00:10 - 08:10,41,0
2023-01-04 07:51:00,-0.00042516,00:10 - 08:10,41,0
2023-01-04 07:52:00,-0.00040616,00:10 - 08:10,41,0
2023-01-04 07:53:00,-0.00041333,00:10 - 08:10,41,0
2023-01-04 07:54:00,-0.00039849,00:10 - 08:10,41,0
2023-01-04 07:55:00,-0.00039883,00:10 - 08:10,41,0
2023-01-04 07:56:00,-0.00039699,00:10 - 08:10,41,0
2023-01-04 07:57:00,-0.00037899,00:10 - 08:10,41,0
2023-01-04 07:58:00,-0.00037683,00:10 - 08:10,41,0
2023-01-04 07:59:00,-0.00037066,00:10 - 08:10,41,0
2023-01-04 08:00:00,0.00030157,00:10 - 08:10,41,0
2023-01-04 08:01:00,0.00437944,00:10 - 08:10,41,0
2023-01-04 08:02:00,0.00437777,00:10 - 08:10,41,0
2023-01-04 08:03:00,0.00437777,00:10 - 08:10,41,0
2023-01-04 08:04:00,0.00437894,00:10 - 08:10,41,0
2023-01-04 08:05:00,0.00437977,00:10 - 08:10,41,0
2023-01-04 08:06:00,0.00437961,00:10 - 08:10,41,0
2023-01-04 08:07:00,0.00437844,00:10 - 08:10,41,0
2023-01-04 08:08:00,0.00438161,00:10 - 08:10,41,0
2023-01-04 08:09:00,0.00438377,00:10 - 08:10,41,0
2023-01-04 08:10:00,0.00438877,08:10 - 16:10,42,0
2023-01-04 08:11:00,0.00439777,08:10 - 16:10,42,0
2023-01-04 08:12:00,0.00441211,08:10 - 16:10,42,0
2023-01-04 08:13:00,0.00441311,08:10 - 16:10,42,0
2023-01-04 08:14:00,0.00440644,08:10 - 16:10,42,0
2023-01-04 08:15:00,0.00440961,08:10 - 16:10,42,0
2023-01-04 08:16:00,0.00439961,08:10 - 16:10,42,0
2023-01-04 08:17:00,0.00440594,08:10 - 16:10,42,0
2023-01-04 08:18:00,0.00440827,08:10 - 16:10,42,0
2023-01-04 08:19:00,0.00441527,08:10 - 16:10,42,0
2023-01-04 08:20:00,0.00443594,08:10 - 16:10,42,0
2023-01-04 08:21:00,0.00443744,08:10 - 16:10,42,0
2023-01-04 08:22:00,0.00444794,08:10 - 16:10,42,0
2023-01-04 08:23:00,0.00445011,08:10 - 16:10,42,0
2023-01-04 08:24:00,0.00446194,08:10 - 16:10,42,0
2023-01-04 08:25:00,0.00445911,08:10 - 16:10,42,0
2023-01-04 08:26:00,0.00445044,08:10 - 16:10,42,0
2023-01-04 08:27:00,0.00445044,08:10 - 16:10,42,0
2023-01-04 08:28:00,0.00443927,08:10 - 16:10,42,0
2023-01-04 08:29:00,0.00442427,08:10 - 16:10,42,0
2023-01-04 08:30:00,0.00442427,08:10 - 16:10,42,0
2023-01-04 08:31:00,0.00441761,08:10 - 16:10,42,0
2023-01-04 08:32:00,0.00440794,08:10 - 16:10,42,0
2023-01-04 08:33:00,0.00440794,08:10 - 16:10,42,0
2023-01-04 08:34:00,0.00439827,08:10 - 16:10,42,0
2023-01-04 08:35:00,0.00439827,08:10 - 16:10,42,0
2023-01-04 08:36:00,0.00440477,08:10 - 16:10,42,0
2023-01-04 08:37:00,0.00440894,08:10 - 16:10,42,0
2023-01-04 08:38:00,0.00441127,08:10 - 16:10,42,0
2023-01-04 08:39:00,0.00441127,08:10 - 16:10,42,0
2023-01-04 08:40:00,0.00441861,08:10 - 16:10,42,0
2023-01-04 08:41:00,0.00442144,08:10 - 16:10,42,0
2023-01-04 08:42:00,0.00442727,08:10 - 16:10,42,0
2023-01-04 08:43:00,0.00442461,08:10 - 16:10,42,0
2023-01-04 08:44:00,0.00442577,08:10 - 16:10,42,0
2023-01-04 08:45:00,0.00442161,08:10 - 16:10,42,0
2023-01-04 08:46:00,0.00441677,08:10 - 16:10,42,0
2023-01-04 08:47:00,0.00442044,08:10 - 16:10,42,0
2023-01-04 08:48:00,0.00442044,08:10 - 16:10,42,0
2023-01-04 08:49:00,0.00442077,08:10 - 16:10,42,0
2023-01-04 08:50:00,0.00442077,08:10 - 16:10,42,0
2023-01-04 08:51:00,0.00442127,08:10 - 16:10,42,0
2023-01-04 08:52:00,0.00442127,08:10 - 16:10,42,0
2023-01-04 08:53:00,0.00442094,08:10 - 16:10,42,0
2023-01-04 08:54:00,0.00441877,08:10 - 16:10,42,0
2023-01-04 08:55:00,0.00442727,08:10 - 16:10,42,0
2023-01-04 08:56:00,0.00442727,08:10 - 16:10,42,0
2023-01-04 08:57:00,0.00443661,08:10 - 16:10,42,0
2023-01-04 08:58:00,0.00444694,08:10 - 16:10,42,0
2023-01-04 08:59:00,0.00445877,08:10 - 16:10,42,0
2023-01-04 09:00:00,0.00446361,08:10 - 16:10,42,0
2023-01-04 09:01:00,0.00446927,08:10 - 16:10,42,0
2023-01-04 09:02:00,0.00446927,08:10 - 16:10,42,0
2023-01-04 09:03:00,0.00447144,08:10 - 16:10,42,0
2023-01-04 09:04:00,0.00447477,08:10 - 16:10,42,0
2023-01-04 09:05:00,0.00447477,08:10 - 16:10,42,0
2023-01-04 09:06:00,0.00448311,08:10 - 16:10,42,0
2023-01-04 09:07:00,0.00448311,08:10 - 16:10,42,0
2023-01-04 09:08:00,0.00448861,08:10 - 16:10,42,0
2023-01-04 09:09:00,0.00449411,08:10 - 16:10,42,0
2023-01-04 09:10:00,0.00449044,08:10 - 16:10,42,0
2023-01-04 09:11:00,0.00449011,08:10 - 16:10,42,0
2023-01-04 09:12:00,0.00449011,08:10 - 16:10,42,0
2023-01-04 09:13:00,0.00448727,08:10 - 16:10,42,0
2023-01-04 09:14:00,0.00447911,08:10 - 16:10,42,0
2023-01-04 09:15:00,0.00447727,08:10 - 16:10,42,0
2023-01-04 09:16:00,0.00447627,08:10 - 16:10,42,0
2023-01-04 09:17:00,0.00447794,08:10 - 16:10,42,0
2023-01-04 09:18:00,0.00447877,08:10 - 16:10,42,0
2023-01-04 09:19:00,0.00447877,08:10 - 16:10,42,0
2023-01-04 09:20:00,0.00448127,08:10 - 16:10,42,0
2023-01-04 09:21:00,0.00448577,08:10 - 16:10,42,0
2023-01-04 09:22:00,0.00448911,08:10 - 16:10,42,0
2023-01-04 09:23:00,0.00449394,08:10 - 16:10,42,0
2023-01-04 09:24:00,0.00449394,08:10 - 16:10,42,0
2023-01-04 09:25:00,0.00449744,08:10 - 16:10,42,0
2023-01-04 09:26:00,0.00449977,08:10 - 16:10,42,0
2023-01-04 09:27:00,0.00450211,08:10 - 16:10,42,0
2023-01-04 09:28:00,0.00450211,08:10 - 16:10,42,0
2023-01-04 09:29:00,0.00451227,08:10 - 16:10,42,0
2023-01-04 09:30:00,0.00452161,08:10 - 16:10,42,0
2023-01-04 09:31:00,0.00452161,08:10 - 16:10,42,0
2023-01-04 09:32:00,0.00453194,08:10 - 16:10,42,0
2023-01-04 09:33:00,0.00453694,08:10 - 16:10,42,0
2023-01-04 09:34:00,0.00453744,08:10 - 16:10,42,0
2023-01-04 09:35:00,0.00453744,08:10 - 16:10,42,0
2023-01-04 09:36:00,0.00453311,08:10 - 16:10,42,0
2023-01-04 09:37:00,0.00452994,08:10 - 16:10,42,0
2023-01-04 09:38:00,0.00452994,08:10 - 16:10,42,0
2023-01-04 09:39:00,0.00452861,08:10 - 16:10,42,0
2023-01-04 09:40:00,0.00452911,08:10 - 16:10,42,0
2023-01-04 09:41:00,0.00452911,08:10 - 16:10,42,0
2023-01-04 09:42:00,0.00452461,08:10 - 16:10,42,0
2023-01-04 09:43:00,0.00452211,08:10 - 16:10,42,0
2023-01-04 09:44:00,0.00452211,08:10 - 16:10,42,0
2023-01-04 09:45:00,0.00451461,08:10 - 16:10,42,0
2023-01-04 09:46:00,0.00451461,08:10 - 16:10,42,0
2023-01-04 09:47:00,0.00451577,08:10 - 16:10,42,0
2023-01-04 09:48:00,0.00451661,08:10 - 16:10,42,0
2023-01-04 09:49:00,0.00451794,08:10 - 16:10,42,0
2023-01-04 09:50:00,0.00451311,08:10 - 16:10,42,0
2023-01-04 09:51:00,0.00451311,08:10 - 16:10,42,0
2023-01-04 09:52:00,0.00451411,08:10 - 16:10,42,0
2023-01-04 09:53:00,0.00451377,08:10 - 16:10,42,0
2023-01-04 09:54:00,0.00451194,08:10 - 16:10,42,0
2023-01-04 09:55:00,0.00450994,08:10 - 16:10,42,0
2023-01-04 09:56:00,0.00451111,08:10 - 16:10,42,0
2023-01-04 09:57:00,0.00451144,08:10 - 16:10,42,0
2023-01-04 09:58:00,0.00451144,08:10 - 16:10,42,0
2023-01-04 09:59:00,0.00451911,08:10 - 16:10,42,0
2023-01-04 10:00:00,0.00451911,08:10 - 16:10,42,0
2023-01-04 10:01:00,0.00452494,08:10 - 16:10,42,0
2023-01-04 10:02:00,0.00452494,08:10 - 16:10,42,0
2023-01-04 10:03:00,0.00453777,08:10 - 16:10,42,0
2023-01-04 10:04:00,0.00453761,08:10 - 16:10,42,0
2023-01-04 10:05:00,0.00454161,08:10 - 16:10,42,0
2023-01-04 10:06:00,0.00454161,08:10 - 16:10,42,0
2023-01-04 10:07:00,0.00454311,08:10 - 16:10,42,0
2023-01-04 10:08:00,0.00454311,08:10 - 16:10,42,0
2023-01-04 10:09:00,0.00455161,08:10 - 16:10,42,0
2023-01-04 10:10:00,0.00455161,08:10 - 16:10,42,0
2023-01-04 10:11:00,0.00455661,08:10 - 16:10,42,0
2023-01-04 10:12:00,0.00455911,08:10 - 16:10,42,0
2023-01-04 10:13:00,0.00455911,08:10 - 16:10,42,0
2023-01-04 10:14:00,0.00456544,08:10 - 16:10,42,0
2023-01-04 10:15:00,0.00456377,08:10 - 16:10,42,0
2023-01-04 10:16:00,0.00456877,08:10 - 16:10,42,0
2023-01-04 10:17:00,0.00456877,08:10 - 16:10,42,0
2023-01-04 10:18:00,0.00457611,08:10 - 16:10,42,0
2023-01-04 10:19:00,0.00458577,08:10 - 16:10,42,0
2023-01-04 10:20:00,0.00458577,08:10 - 16:10,42,0
2023-01-04 10:21:00,0.00459877,08:10 - 16:10,42,0
2023-01-04 10:22:00,0.00460144,08:10 - 16:10,42,0
2023-01-04 10:23:00,0.00460144,08:10 - 16:10,42,0
2023-01-04 10:24:00,0.00460227,08:10 - 16:10,42,0
2023-01-04 10:25:00,0.00460077,08:10 - 16:10,42,0
2023-01-04 10:26:00,0.00460561,08:10 - 16:10,42,0
2023-01-04 10:27:00,0.00461444,08:10 - 16:10,42,0
2023-01-04 10:28:00,0.00461994,08:10 - 16:10,42,0
2023-01-04 10:29:00,0.00461994,08:10 - 16:10,42,0
2023-01-04 10:30:00,0.00462744,08:10 - 16:10,42,0
2023-01-04 10:31:00,0.00463477,08:10 - 16:10,42,0
2023-01-04 10:32:00,0.00464461,08:10 - 16:10,42,0
2023-01-04 10:33:00,0.00464777,08:10 - 16:10,42,0
2023-01-04 10:34:00,0.00464777,08:10 - 16:10,42,0
2023-01-04 10:35:00,0.00465311,08:10 - 16:10,42,0
2023-01-04 10:36:00,0.00465461,08:10 - 16:10,42,0
2023-01-04 10:37:00,0.00466144,08:10 - 16:10,42,0
2023-01-04 10:38:00,0.00466144,08:10 - 16:10,42,0
2023-01-04 10:39:00,0.00467427,08:10 - 16:10,42,0
2023-01-04 10:40:00,0.00467427,08:10 - 16:10,42,0
2023-01-04 10:41:00,0.00467277,08:10 - 16:10,42,0
2023-01-04 10:42:00,0.00466344,08:10 - 16:10,42,0
2023-01-04 10:43:00,0.00465144,08:10 - 16:10,42,0
2023-01-04 10:44:00,0.00464361,08:10 - 16:10,42,0
2023-01-04 10:45:00,0.00464361,08:10 - 16:10,42,0
2023-01-04 10:46:00,0.00463194,08:10 - 16:10,42,0
2023-01-04 10:47:00,0.00463194,08:10 - 16:10,42,0
2023-01-04 10:48:00,0.00463111,08:10 - 16:10,42,0
2023-01-04 10:49:00,0.00463111,08:10 - 16:10,42,0
2023-01-04 10:50:00,0.00461361,08:10 - 16:10,42,0
2023-01-04 10:51:00,0.00460744,08:10 - 16:10,42,0
2023-01-04 10:52:00,0.00460744,08:10 - 16:10,42,0
2023-01-04 10:53:00,0.00460661,08:10 - 16:10,42,0
2023-01-04 10:54:00,0.00460494,08:10 - 16:10,42,0
2023-01-04 10:55:00,0.00460494,08:10 - 16:10,42,0
2023-01-04 10:56:00,0.00459744,08:10 - 16:10,42,0
2023-01-04 10:57:00,0.00459744,08:10 - 16:10,42,0
2023-01-04 10:58:00,0.00459744,08:10 - 16:10,42,0
2023-01-04 10:59:00,0.00458677,08:10 - 16:10,42,0
2023-01-04 11:00:00,0.00458677,08:10 - 16:10,42,0
2023-01-04 11:01:00,0.00458111,08:10 - 16:10,42,0
2023-01-04 11:02:00,0.00458111,08:10 - 16:10,42,0
2023-01-04 11:03:00,0.00457611,08:10 - 16:10,42,0
2023-01-04 11:04:00,0.00457494,08:10 - 16:10,42,0
2023-01-04 11:05:00,0.00457511,08:10 - 16:10,42,0
2023-01-04 11:06:00,0.00457461,08:10 - 16:10,42,0
2023-01-04 11:07:00,0.00458427,08:10 - 16:10,42,0
2023-01-04 11:08:00,0.00458177,08:10 - 16:10,42,0
2023-01-04 11:09:00,0.00458161,08:10 - 16:10,42,0
2023-01-04 11:10:00,0.00458127,08:10 - 16:10,42,0
2023-01-04 11:11:00,0.00458644,08:10 - 16:10,42,0
2023-01-04 11:12:00,0.00458644,08:10 - 16:10,42,0
2023-01-04 11:13:00,0.00458877,08:10 - 16:10,42,0
2023-01-04 11:14:00,0.00459477,08:10 - 16:10,42,0
2023-01-04 11:15:00,0.00459477,08:10 - 16:10,42,0
2023-01-04 11:16:00,0.00461161,08:10 - 16:10,42,0
2023-01-04 11:17:00,0.00461161,08:10 - 16:10,42,0
2023-01-04 11:18:00,0.00462444,08:10 - 16:10,42,0
2023-01-04 11:19:00,0.00462727,08:10 - 16:10,42,0
2023-01-04 11:20:00,0.00463044,08:10 - 16:10,42,0
2023-01-04 11:21:00,0.00463044,08:10 - 16:10,42,0
2023-01-04 11:22:00,0.00463044,08:10 - 16:10,42,0
2023-01-04 11:23:00,0.00464194,08:10 - 16:10,42,0
2023-01-04 11:24:00,0.00464877,08:10 - 16:10,42,0
2023-01-04 11:25:00,0.00465494,08:10 - 16:10,42,0
2023-01-04 11:26:00,0.00465494,08:10 - 16:10,42,0
2023-01-04 11:27:00,0.00466261,08:10 - 16:10,42,0
2023-01-04 11:28:00,0.00466944,08:10 - 16:10,42,0
2023-01-04 11:29:00,0.00466944,08:10 - 16:10,42,0
2023-01-04 11:30:00,0.00467027,08:10 - 16:10,42,0
2023-01-04 11:31:00,0.00467127,08:10 - 16:10,42,0
2023-01-04 11:32:00,0.00467127,08:10 - 16:10,42,0
2023-01-04 11:33:00,0.00467611,08:10 - 16:10,42,0
2023-01-04 11:34:00,0.00467827,08:10 - 16:10,42,0
2023-01-04 11:35:00,0.00467811,08:10 - 16:10,42,0
2023-01-04 11:36:00,0.00467811,08:10 - 16:10,42,0
2023-01-04 11:37:00,0.00467777,08:10 - 16:10,42,0
2023-01-04 11:38:00,0.00467644,08:10 - 16:10,42,0
2023-01-04 11:39:00,0.00467661,08:10 - 16:10,42,0
2023-01-04 11:40:00,0.00467427,08:10 - 16:10,42,0
2023-01-04 11:41:00,0.00467577,08:10 - 16:10,42,0
2023-01-04 11:42:00,0.00467577,08:10 - 16:10,42,0
2023-01-04 11:43:00,0.00467694,08:10 - 16:10,42,0
2023-01-04 11:44:00,0.00467694,08:10 - 16:10,42,0
2023-01-04 11:45:00,0.00467361,08:10 - 16:10,42,0
2023-01-04 11:46:00,0.00467361,08:10 - 16:10,42,0
2023-01-04 11:47:00,0.00466511,08:10 - 16:10,42,0
2023-01-04 11:48:00,0.00466511,08:10 - 16:10,42,0
2023-01-04 11:49:00,0.00467061,08:10 - 16:10,42,0
2023-01-04 11:50:00,0.00467061,08:10 - 16:10,42,0
2023-01-04 11:51:00,0.00467061,08:10 - 16:10,42,0
2023-01-04 11:52:00,0.00467711,08:10 - 16:10,42,0
2023-01-04 11:53:00,0.00468377,08:10 - 16:10,42,0
2023-01-04 11:54:00,0.00468711,08:10 - 16:10,42,0
2023-01-04 11:55:00,0.00468711,08:10 - 16:10,42,0
2023-01-04 11:56:00,0.00469011,08:10 - 16:10,42,0
2023-01-04 11:57:00,0.00468794,08:10 - 16:10,42,0
2023-01-04 11:58:00,0.00468794,08:10 - 16:10,42,0
2023-01-04 11:59:00,0.01115411,08:10 - 16:10,42,0
2023-01-04 12:00:00,0.01114527,08:10 - 16:10,42,0
2023-01-04 12:01:00,0.01114527,08:10 - 16:10,42,0
2023-01-04 12:02:00,0.01114044,08:10 - 16:10,42,0
2023-01-04 12:03:00,0.01114361,08:10 - 16:10,42,0
2023-01-04 12:04:00,0.01114694,08:10 - 16:10,42,0
2023-01-04 12:05:00,0.01115244,08:10 - 16:10,42,0
2023-01-04 12:06:00,0.01115244,08:10 - 16:10,42,0
2023-01-04 12:07:00,0.01115911,08:10 - 16:10,42,0
2023-01-04 12:08:00,0.01116711,08:10 - 16:10,42,0
2023-01-04 12:09:00,0.01117277,08:10 - 16:10,42,0
2023-01-04 12:10:00,0.01117811,08:10 - 16:10,42,0
2023-01-04 12:11:00,0.01118327,08:10 - 16:10,42,0
2023-01-04 12:12:00,0.01118561,08:10 - 16:10,42,0
2023-01-04 12:13:00,0.01118561,08:10 - 16:10,42,0
2023-01-04 12:14:00,0.01118561,08:10 - 16:10,42,0
2023-01-04 12:15:00,0.01120027,08:10 - 16:10,42,0
2023-01-04 12:16:00,0.01120561,08:10 - 16:10,42,0
2023-01-04 12:17:00,0.01120961,08:10 - 16:10,42,0
2023-01-04 12:18:00,0.01120594,08:10 - 16:10,42,0
2023-01-04 12:19:00,0.01120594,08:10 - 16:10,42,0
2023-01-04 12:20:00,0.01120411,08:10 - 16:10,42,0
2023-01-04 12:21:00,0.01119761,08:10 - 16:10,42,0
2023-01-04 12:22:00,0.01119077,08:10 - 16:10,42,0
2023-01-04 12:23:00,0.01119227,08:10 - 16:10,42,0
2023-01-04 12:24:00,0.01119394,08:10 - 16:10,42,0
2023-01-04 12:25:00,0.01119394,08:10 - 16:10,42,0
2023-01-04 12:26:00,0.01119677,08:10 - 16:10,42,0
2023-01-04 12:27:00,0.01119677,08:10 - 16:10,42,0
2023-01-04 12:28:00,0.01120577,08:10 - 16:10,42,0
2023-01-04 12:29:00,0.01121094,08:10 - 16:10,42,0
2023-01-04 12:30:00,0.01121777,08:10 - 16:10,42,0
2023-01-04 12:31:00,0.01121777,08:10 - 16:10,42,0
2023-01-04 12:32:00,0.01121927,08:10 - 16:10,42,0
2023-01-04 12:33:00,0.01122477,08:10 - 16:10,42,0
2023-01-04 12:34:00,0.01122477,08:10 - 16:10,42,0
2023-01-04 12:35:00,0.01123377,08:10 - 16:10,42,0
2023-01-04 12:36:00,0.01123244,08:10 - 16:10,42,0
2023-01-04 12:37:00,0.01123244,08:10 - 16:10,42,0
2023-01-04 12:38:00,0.01123477,08:10 - 16:10,42,0
2023-01-04 12:39:00,0.01123094,08:10 - 16:10,42,0
2023-01-04 12:40:00,0.01122794,08:10 - 16:10,42,0
2023-01-04 12:41:00,0.01123661,08:10 - 16:10,42,0
2023-01-04 12:42:00,0.01123661,08:10 - 16:10,42,0
2023-01-04 12:43:00,0.01124377,08:10 - 16:10,42,0
2023-01-04 12:44:00,0.01124377,08:10 - 16:10,42,0
2023-01-04 12:45:00,0.01125627,08:10 - 16:10,42,0
2023-01-04 12:46:00,0.01126677,08:10 - 16:10,42,0
2023-01-04 12:47:00,0.01127027,08:10 - 16:10,42,0
2023-01-04 12:48:00,0.01127027,08:10 - 16:10,42,0
2023-01-04 12:49:00,0.01127027,08:10 - 16:10,42,0
2023-01-04 12:50:00,0.01127594,08:10 - 16:10,42,0
2023-01-04 12:51:00,0.01128761,08:10 - 16:10,42,0
2023-01-04 12:52:00,0.01129327,08:10 - 16:10,42,0
2023-01-04 12:53:00,0.01130394,08:10 - 16:10,42,0
2023-01-04 12:54:00,0.01130394,08:10 - 16:10,42,0
2023-01-04 12:55:00,0.01131377,08:10 - 16:10,42,0
2023-01-04 12:56:00,0.01133011,08:10 - 16:10,42,0
2023-01-04 12:57:00,0.01134711,08:10 - 16:10,42,0
2023-01-04 12:58:00,0.01136011,08:10 - 16:10,42,0
2023-01-04 12:59:00,0.01137311,08:10 - 16:10,42,0
2023-01-04 13:00:00,0.01137311,08:10 - 16:10,42,0
2023-01-04 13:01:00,0.01137311,08:10 - 16:10,42,0
2023-01-04 13:02:00,0.01138694,08:10 - 16:10,42,0
2023-01-04 13:03:00,0.01138694,08:10 - 16:10,42,0
2023-01-04 13:04:00,0.01140627,08:10 - 16:10,42,0
2023-01-04 13:05:00,0.01141677,08:10 - 16:10,42,0
2023-01-04 13:06:00,0.01141677,08:10 - 16:10,42,0
2023-01-04 13:07:00,0.01142327,08:10 - 16:10,42,0
2023-01-04 13:08:00,0.01143411,08:10 - 16:10,42,0
2023-01-04 13:09:00,0.01144377,08:10 - 16:10,42,0
2023-01-04 13:10:00,0.01145394,08:10 - 16:10,42,0
2023-01-04 13:11:00,0.01145394,08:10 - 16:10,42,0
2023-01-04 13:12:00,0.01146577,08:10 - 16:10,42,0
2023-01-04 13:13:00,0.01147811,08:10 - 16:10,42,0
2023-01-04 13:14:00,0.01149011,08:10 - 16:10,42,0
2023-01-04 13:15:00,0.01150044,08:10 - 16:10,42,0
2023-01-04 13:16:00,0.01150127,08:10 - 16:10,42,0
2023-01-04 13:17:00,0.01150127,08:10 - 16:10,42,0
2023-01-04 13:18:00,0.01150127,08:10 - 16:10,42,0
2023-01-04 13:19:00,0.01149661,08:10 - 16:10,42,0
2023-01-04 13:20:00,0.01149661,08:10 - 16:10,42,0
2023-01-04 13:21:00,0.01149744,08:10 - 16:10,42,0
2023-01-04 13:22:00,0.01149744,08:10 - 16:10,42,0
2023-01-04 13:23:00,0.01150094,08:10 - 16:10,42,0
2023-01-04 13:24:00,0.01149944,08:10 - 16:10,42,0
2023-01-04 13:25:00,0.01149527,08:10 - 16:10,42,0
2023-01-04 13:26:00,0.01149527,08:10 - 16:10,42,0
2023-01-04 13:27:00,0.01149361,08:10 - 16:10,42,0
2023-01-04 13:28:00,0.01149361,08:10 - 16:10,42,0
2023-01-04 13:29:00,0.01148811,08:10 - 16:10,42,0
2023-01-04 13:30:00,0.01148361,08:10 - 16:10,42,0
2023-01-04 13:31:00,0.01147994,08:10 - 16:10,42,0
2023-01-04 13:32:00,0.01147794,08:10 - 16:10,42,0
2023-01-04 13:33:00,0.01147227,08:10 - 16:10,42,0
2023-01-04 13:34:00,0.01146877,08:10 - 16:10,42,0
2023-01-04 13:35:00,0.01146877,08:10 - 16:10,42,0
2023-01-04 13:36:00,0.01145777,08:10 - 16:10,42,0
2023-01-04 13:37:00,0.01145777,08:10 - 16:10,42,0
2023-01-04 13:38:00,0.01144994,08:10 - 16:10,42,0
2023-01-04 13:39:00,0.01143494,08:10 - 16:10,42,0
2023-01-04 13:40:00,0.01143494,08:10 - 16:10,42,0
2023-01-04 13:41:00,0.01147994,08:10 - 16:10,42,0
2023-01-04 13:42:00,0.01142244,08:10 - 16:10,42,0
2023-01-04 13:43:00,0.01141527,08:10 - 16:10,42,0
2023-01-04 13:44:00,0.01141527,08:10 - 16:10,42,0
2023-01-04 13:45:00,0.01140994,08:10 - 16:10,42,0
2023-01-04 13:46:00,0.01140294,08:10 - 16:10,42,0
2023-01-04 13:47:00,0.01139844,08:10 - 16:10,42,0
2023-01-04 13:48:00,0.01139461,08:10 - 16:10,42,0
2023-01-04 13:49:00,0.01139544,08:10 - 16:10,42,0
2023-01-04 13:50:00,0.01139544,08:10 - 16:10,42,0
2023-01-04 13:51:00,0.01139544,08:10 - 16:10,42,0
2023-01-04 13:52:00,0.01139527,08:10 - 16:10,42,0
2023-01-04 13:53:00,0.01139527,08:10 - 16:10,42,0
2023-01-04 13:54:00,0.01138827,08:10 - 16:10,42,0
2023-01-04 13:55:00,0.01138377,08:10 - 16:10,42,0
2023-01-04 13:56:00,0.01138377,08:10 - 16:10,42,0
2023-01-04 13:57:00,0.01137361,08:10 - 16:10,42,0
2023-01-04 13:58:00,0.01136327,08:10 - 16:10,42,0
2023-01-04 13:59:00,0.01135427,08:10 - 16:10,42,0
2023-01-04 14:00:00,0.01134794,08:10 - 16:10,42,0
2023-01-04 14:01:00,0.01134244,08:10 - 16:10,42,0
2023-01-04 14:02:00,0.01134244,08:10 - 16:10,42,0
2023-01-04 14:03:00,0.01133644,08:10 - 16:10,42,0
2023-01-04 14:04:00,0.01133611,08:10 - 16:10,42,0
2023-01-04 14:05:00,0.01132794,08:10 - 16:10,42,0
2023-01-04 14:06:00,0.01132161,08:10 - 16:10,42,0
2023-01-04 14:07:00,0.01131944,08:10 - 16:10,42,0
2023-01-04 14:08:00,0.01131944,08:10 - 16:10,42,0
2023-01-04 14:09:00,0.01131527,08:10 - 16:10,42,0
2023-01-04 14:10:00,0.01130961,08:10 - 16:10,42,0
2023-01-04 14:11:00,0.01130277,08:10 - 16:10,42,0
2023-01-04 14:12:00,0.01129477,08:10 - 16:10,42,0
2023-01-04 14:13:00,0.01128277,08:10 - 16:10,42,0
2023-01-04 14:14:00,0.01128277,08:10 - 16:10,42,0
2023-01-04 14:15:00,0.01126594,08:10 - 16:10,42,0
2023-01-04 14:16:00,0.01124911,08:10 - 16:10,42,0
2023-01-04 14:17:00,0.01124294,08:10 - 16:10,42,0
2023-01-04 14:18:00,0.01124294,08:10 - 16:10,42,0
2023-01-04 14:19:00,0.01122911,08:10 - 16:10,42,0
2023-01-04 14:20:00,0.01121877,08:10 - 16:10,42,0
2023-01-04 14:21:00,0.01121027,08:10 - 16:10,42,0
2023-01-04 14:22:00,0.01120244,08:10 - 16:10,42,0
2023-01-04 14:23:00,0.01119461,08:10 - 16:10,42,0
2023-01-04 14:24:00,0.01118727,08:10 - 16:10,42,0
2023-01-04 14:25:00,0.01118727,08:10 - 16:10,42,0
2023-01-04 14:26:00,0.01117811,08:10 - 16:10,42,0
2023-01-04 14:27:00,0.01116794,08:10 - 16:10,42,0
2023-01-04 14:28:00,0.01116011,08:10 - 16:10,42,0
2023-01-04 14:29:00,0.01115494,08:10 - 16:10,42,0
2023-01-04 14:30:00,0.01115111,08:10 - 16:10,42,0
2023-01-04 14:31:00,0.01115111,08:10 - 16:10,42,0
2023-01-04 14:32:00,0.01114494,08:10 - 16:10,42,0
2023-01-04 14:33:00,0.01113244,08:10 - 16:10,42,0
2023-01-04 14:34:00,0.01112244,08:10 - 16:10,42,0
2023-01-04 14:35:00,0.01112977,08:10 - 16:10,42,0
2023-01-04 14:36:00,0.01114544,08:10 - 16:10,42,0
2023-01-04 14:37:00,0.01114544,08:10 - 16:10,42,0
2023-01-04 14:38:00,0.01115977,08:10 - 16:10,42,0
2023-01-04 14:39:00,0.01115744,08:10 - 16:10,42,0
2023-01-04 14:40:00,0.01115711,08:10 - 16:10,42,0
2023-01-04 14:41:00,0.01116544,08:10 - 16:10,42,0
2023-01-04 14:42:00,0.01117377,08:10 - 16:10,42,0
2023-01-04 14:43:00,0.01117377,08:10 - 16:10,42,0
2023-01-04 14:44:00,0.01116961,08:10 - 16:10,42,0
2023-01-04 14:45:00,0.01115411,08:10 - 16:10,42,0
2023-01-04 14:46:00,0.01113311,08:10 - 16:10,42,0
2023-01-04 14:47:00,0.01112011,08:10 - 16:10,42,0
2023-01-04 14:48:00,0.01110511,08:10 - 16:10,42,0
2023-01-04 14:49:00,0.01110511,08:10 - 16:10,42,0
2023-01-04 14:50:00,0.01108827,08:10 - 16:10,42,0
2023-01-04 14:51:00,0.01107827,08:10 - 16:10,42,0
2023-01-04 14:52:00,0.01105644,08:10 - 16:10,42,0
2023-01-04 14:53:00,0.01104611,08:10 - 16:10,42,0
2023-01-04 14:54:00,0.01103844,08:10 - 16:10,42,0
2023-01-04 14:55:00,0.01103844,08:10 - 16:10,42,0
2023-01-04 14:56:00,0.01103377,08:10 - 16:10,42,0
2023-01-04 14:57:00,0.01102261,08:10 - 16:10,42,0
2023-01-04 14:58:00,0.01101144,08:10 - 16:10,42,0
2023-01-04 14:59:00,0.01099877,08:10 - 16:10,42,0
2023-01-04 15:00:00,0.01098611,08:10 - 16:10,42,0
2023-01-04 15:01:00,0.01098627,08:10 - 16:10,42,0
2023-01-04 15:02:00,0.01097411,08:10 - 16:10,42,0
2023-01-04 15:03:00,0.01097527,08:10 - 16:10,42,0
2023-01-04 15:04:00,0.01096794,08:10 - 16:10,42,0
2023-01-04 15:05:00,0.01095411,08:10 - 16:10,42,0
2023-01-04 15:06:00,0.01095261,08:10 - 16:10,42,0
2023-01-04 15:07:00,0.01093827,08:10 - 16:10,42,0
2023-01-04 15:08:00,0.01092561,08:10 - 16:10,42,0
2023-01-04 15:09:00,0.01091761,08:10 - 16:10,42,0
2023-01-04 15:10:00,0.01092144,08:10 - 16:10,42,0
2023-01-04 15:11:00,0.01091411,08:10 - 16:10,42,0
2023-01-04 15:12:00,0.01091411,08:10 - 16:10,42,0
2023-01-04 15:13:00,0.01091227,08:10 - 16:10,42,0
2023-01-04 15:14:00,0.01091677,08:10 - 16:10,42,0
2023-01-04 15:15:00,0.01092144,08:10 - 16:10,42,0
2023-01-04 15:16:00,0.01092811,08:10 - 16:10,42,0
2023-01-04 15:17:00,0.01093461,08:10 - 16:10,42,0
2023-01-04 15:18:00,0.01093444,08:10 - 16:10,42,0
2023-01-04 15:19:00,0.01094444,08:10 - 16:10,42,0
2023-01-04 15:20:00,0.01094894,08:10 - 16:10,42,0
2023-01-04 15:21:00,0.01095227,08:10 - 16:10,42,0
2023-01-04 15:22:00,0.01096111,08:10 - 16:10,42,0
2023-01-04 15:23:00,0.01096594,08:10 - 16:10,42,0
2023-01-04 15:24:00,0.01096594,08:10 - 16:10,42,0
2023-01-04 15:25:00,0.01096677,08:10 - 16:10,42,0
2023-01-04 15:26:00,0.01096761,08:10 - 16:10,42,0
2023-01-04 15:27:00,0.01097194,08:10 - 16:10,42,0
2023-01-04 15:28:00,0.01098327,08:10 - 16:10,42,0
2023-01-04 15:29:00,0.01098327,08:10 - 16:10,42,0
2023-01-04 15:30:00,0.01099694,08:10 - 16:10,42,0
2023-01-04 15:31:00,0.01100661,08:10 - 16:10,42,0
2023-01-04 15:32:00,0.01101611,08:10 - 16:10,42,0
2023-01-04 15:33:00,0.01102294,08:10 - 16:10,42,0
2023-01-04 15:34:00,0.01103261,08:10 - 16:10,42,0
2023-01-04 15:35:00,0.01103261,08:10 - 16:10,42,0
2023-01-04 15:36:00,0.01104544,08:10 - 16:10,42,0
2023-01-04 15:37:00,0.01105494,08:10 - 16:10,42,0
2023-01-04 15:38:00,0.01106161,08:10 - 16:10,42,0
2023-01-04 15:39:00,0.01106511,08:10 - 16:10,42,0
2023-01-04 15:40:00,0.01106361,08:10 - 16:10,42,0
2023-01-04 15:41:00,0.01106361,08:10 - 16:10,42,0
2023-01-04 15:42:00,0.01106694,08:10 - 16:10,42,0
2023-01-04 15:43:00,0.01106461,08:10 - 16:10,42,0
2023-01-04 15:44:00,0.01106911,08:10 - 16:10,42,0
2023-01-04 15:45:00,0.01107494,08:10 - 16:10,42,0
2023-01-04 15:46:00,0.01108694,08:10 - 16:10,42,0
2023-01-04 15:47:00,0.01108694,08:10 - 16:10,42,0
2023-01-04 15:48:00,0.01109294,08:10 - 16:10,42,0
2023-01-04 15:49:00,0.01110011,08:10 - 16:10,42,0
2023-01-04 15:50:00,0.01110927,08:10 - 16:10,42,0
2023-01-04 15:51:00,0.01111411,08:10 - 16:10,42,0
2023-01-04 15:52:00,0.01112594,08:10 - 16:10,42,0
2023-01-04 15:53:00,0.01112527,08:10 - 16:10,42,0
2023-01-04 15:54:00,0.01113661,08:10 - 16:10,42,0
2023-01-04 15:55:00,0.01114611,08:10 - 16:10,42,0
2023-01-04 15:56:00,0.01115094,08:10 - 16:10,42,0
2023-01-04 15:57:00,0.01115227,08:10 - 16:10,42,0
2023-01-04 15:58:00,0.01115261,08:10 - 16:10,42,0
2023-01-04 15:59:00,0.01116094,08:10 - 16:10,42,0
2023-01-04 16:00:00,0.01115694,08:10 - 16:10,42,0
2023-01-04 16:01:00,0.00615137,08:10 - 16:10,42,0
2023-01-04 16:02:00,0.00615454,08:10 - 16:10,42,0
2023-01-04 16:03:00,0.00615654,08:10 - 16:10,42,0
2023-01-04 16:04:00,0.00615587,08:10 - 16:10,42,0
2023-01-04 16:05:00,0.00615254,08:10 - 16:10,42,0
2023-01-04 16:06:00,0.00615187,08:10 - 16:10,42,0
2023-01-04 16:07:00,0.00615321,08:10 - 16:10,42,0
2023-01-04 16:08:00,0.00615687,08:10 - 16:10,42,0
2023-01-04 16:09:00,0.00616671,08:10 - 16:10,42,0
2023-01-04 16:10:00,0.0061637,16:10 - 00:10,43,0
2023-01-04 16:11:00,0.00617854,16:10 - 00:10,43,0
2023-01-04 16:12:00,0.00619654,16:10 - 00:10,43,0
2023-01-04 16:13:00,0.00621171,16:10 - 00:10,43,0
2023-01-04 16:14:00,0.00622621,16:10 - 00:10,43,0
2023-01-04 16:15:00,0.00625004,16:10 - 00:10,43,0
2023-01-04 16:16:00,0.00626604,16:10 - 00:10,43,0
2023-01-04 16:17:00,0.00626371,16:10 - 00:10,43,0
2023-01-04 16:18:00,0.00627737,16:10 - 00:10,43,0
2023-01-04 16:19:00,0.00628504,16:10 - 00:10,43,0
2023-01-04 16:20:00,0.00629054,16:10 - 00:10,43,0
2023-01-04 16:21:00,0.0062987,16:10 - 00:10,43,0
2023-01-04 16:22:00,0.00629787,16:10 - 00:10,43,0
2023-01-04 16:23:00,0.00629504,16:10 - 00:10,43,0
2023-01-04 16:24:00,0.00629404,16:10 - 00:10,43,0
2023-01-04 16:25:00,0.00629404,16:10 - 00:10,43,0
2023-01-04 16:26:00,0.00629337,16:10 - 00:10,43,0
2023-01-04 16:27:00,0.0062927,16:10 - 00:10,43,0
2023-01-04 16:28:00,0.00629437,16:10 - 00:10,43,0
2023-01-04 16:29:00,0.00629437,16:10 - 00:10,43,0
2023-01-04 16:30:00,0.00629387,16:10 - 00:10,43,0
2023-01-04 16:31:00,0.00629621,16:10 - 00:10,43,0
2023-01-04 16:32:00,0.00629821,16:10 - 00:10,43,0
2023-01-04 16:33:00,0.00629304,16:10 - 00:10,43,0
2023-01-04 16:34:00,0.00628604,16:10 - 00:10,43,0
2023-01-04 16:35:00,0.0062787,16:10 - 00:10,43,0
2023-01-04 16:36:00,0.0062787,16:10 - 00:10,43,0
2023-01-04 16:37:00,0.00626871,16:10 - 00:10,43,0
2023-01-04 16:38:00,0.00625504,16:10 - 00:10,43,0
2023-01-04 16:39:00,0.00623971,16:10 - 00:10,43,0
2023-01-04 16:40:00,0.0062262,16:10 - 00:10,43,0
2023-01-04 16:41:00,0.00621321,16:10 - 00:10,43,0
2023-01-04 16:42:00,0.00621237,16:10 - 00:10,43,0
2023-01-04 16:43:00,0.00619887,16:10 - 00:10,43,0
2023-01-04 16:44:00,0.00618654,16:10 - 00:10,43,0
2023-01-04 16:45:00,0.00617304,16:10 - 00:10,43,0
2023-01-04 16:46:00,0.00616137,16:10 - 00:10,43,0
2023-01-04 16:47:00,0.00615237,16:10 - 00:10,43,0
2023-01-04 16:48:00,0.00615237,16:10 - 00:10,43,0
2023-01-04 16:49:00,0.00614604,16:10 - 00:10,43,0
2023-01-04 16:50:00,0.00613821,16:10 - 00:10,43,0
2023-01-04 16:51:00,0.00613687,16:10 - 00:10,43,0
2023-01-04 16:52:00,0.0061302,16:10 - 00:10,43,0
2023-01-04 16:53:00,0.0061257,16:10 - 00:10,43,0
2023-01-04 16:54:00,0.0061257,16:10 - 00:10,43,0
2023-01-04 16:55:00,0.00612604,16:10 - 00:10,43,0
2023-01-04 16:56:00,0.00612404,16:10 - 00:10,43,0
2023-01-04 16:57:00,0.0061232,16:10 - 00:10,43,0
2023-01-04 16:58:00,0.00612204,16:10 - 00:10,43,0
2023-01-04 16:59:00,0.00612054,16:10 - 00:10,43,0
2023-01-04 17:00:00,0.00612054,16:10 - 00:10,43,0
2023-01-04 17:01:00,0.00612137,16:10 - 00:10,43,0
2023-01-04 17:02:00,0.00611787,16:10 - 00:10,43,0
2023-01-04 17:03:00,0.00610937,16:10 - 00:10,43,0
2023-01-04 17:04:00,0.00609954,16:10 - 00:10,43,0
2023-01-04 17:05:00,0.00608487,16:10 - 00:10,43,0
2023-01-04 17:06:00,0.00608487,16:10 - 00:10,43,0
2023-01-04 17:07:00,0.0060722,16:10 - 00:10,43,0
2023-01-04 17:08:00,0.00606454,16:10 - 00:10,43,0
2023-01-04 17:09:00,0.00605154,16:10 - 00:10,43,0
2023-01-04 17:10:00,0.0060422,16:10 - 00:10,43,0
2023-01-04 17:11:00,0.00602454,16:10 - 00:10,43,0
2023-01-04 17:12:00,0.00602454,16:10 - 00:10,43,0
2023-01-04 17:13:00,0.00601487,16:10 - 00:10,43,0
2023-01-04 17:14:00,0.0060087,16:10 - 00:10,43,0
2023-01-04 17:15:00,0.00600737,16:10 - 00:10,43,0
2023-01-04 17:16:00,0.00599937,16:10 - 00:10,43,0
2023-01-04 17:17:00,0.0059902,16:10 - 00:10,43,0
2023-01-04 17:18:00,0.0059902,16:10 - 00:10,43,0
2023-01-04 17:19:00,0.00597737,16:10 - 00:10,43,0
2023-01-04 17:20:00,0.00596771,16:10 - 00:10,43,0
2023-01-04 17:21:00,0.00595904,16:10 - 00:10,43,0
2023-01-04 17:22:00,0.00595387,16:10 - 00:10,43,0
2023-01-04 17:23:00,0.00594587,16:10 - 00:10,43,0
2023-01-04 17:24:00,0.00594587,16:10 - 00:10,43,0
2023-01-04 17:25:00,0.00594404,16:10 - 00:10,43,0
2023-01-04 17:26:00,0.00594437,16:10 - 00:10,43,0
2023-01-04 17:27:00,0.00594404,16:10 - 00:10,43,0
2023-01-04 17:28:00,0.00593837,16:10 - 00:10,43,0
2023-01-04 17:29:00,0.00593554,16:10 - 00:10,43,0
2023-01-04 17:30:00,0.00593554,16:10 - 00:10,43,0
2023-01-04 17:31:00,0.00593787,16:10 - 00:10,43,0
2023-01-04 17:32:00,0.0059422,16:10 - 00:10,43,0
2023-01-04 17:33:00,0.00593987,16:10 - 00:10,43,0
2023-01-04 17:34:00,0.0059527,16:10 - 00:10,43,0
2023-01-04 17:35:00,0.00595554,16:10 - 00:10,43,0
2023-01-04 17:36:00,0.00595554,16:10 - 00:10,43,0
2023-01-04 17:37:00,0.0059627,16:10 - 00:10,43,0
2023-01-04 17:38:00,0.00596404,16:10 - 00:10,43,0
2023-01-04 17:39:00,0.00596504,16:10 - 00:10,43,0
2023-01-04 17:40:00,0.00596354,16:10 - 00:10,43,0
2023-01-04 17:41:00,0.0059672,16:10 - 00:10,43,0
2023-01-04 17:42:00,0.0059672,16:10 - 00:10,43,0
2023-01-04 17:43:00,0.00597237,16:10 - 00:10,43,0
2023-01-04 17:44:00,0.00598054,16:10 - 00:10,43,0
2023-01-04 17:45:00,0.00599104,16:10 - 00:10,43,0
2023-01-04 17:46:00,0.00599204,16:10 - 00:10,43,0
2023-01-04 17:47:00,0.0059912,16:10 - 00:10,43,0
2023-01-04 17:48:00,0.0059912,16:10 - 00:10,43,0
2023-01-04 17:49:00,0.00597937,16:10 - 00:10,43,0
2023-01-04 17:50:00,0.00597854,16:10 - 00:10,43,0
2023-01-04 17:51:00,0.00598037,16:10 - 00:10,43,0
2023-01-04 17:52:00,0.00597454,16:10 - 00:10,43,0
2023-01-04 17:53:00,0.00596454,16:10 - 00:10,43,0
2023-01-04 17:54:00,0.00596454,16:10 - 00:10,43,0
2023-01-04 17:55:00,0.0059527,16:10 - 00:10,43,0
2023-01-04 17:56:00,0.00594121,16:10 - 00:10,43,0
2023-01-04 17:57:00,0.00593337,16:10 - 00:10,43,0
2023-01-04 17:58:00,0.00592871,16:10 - 00:10,43,0
2023-01-04 17:59:00,0.00592871,16:10 - 00:10,43,0
2023-01-04 18:00:00,0.00592871,16:10 - 00:10,43,0
2023-01-04 18:01:00,0.0059177,16:10 - 00:10,43,0
2023-01-04 18:02:00,0.00590804,16:10 - 00:10,43,0
2023-01-04 18:03:00,0.0059047,16:10 - 00:10,43,0
2023-01-04 18:04:00,0.00590004,16:10 - 00:10,43,0
2023-01-04 18:05:00,0.00590004,16:10 - 00:10,43,0
2023-01-04 18:06:00,0.00589821,16:10 - 00:10,43,0
2023-01-04 18:07:00,0.00590554,16:10 - 00:10,43,0
2023-01-04 18:08:00,0.00590804,16:10 - 00:10,43,0
2023-01-04 18:09:00,0.00590654,16:10 - 00:10,43,0
2023-01-04 18:10:00,0.00590654,16:10 - 00:10,43,0
2023-01-04 18:11:00,0.00590654,16:10 - 00:10,43,0
2023-01-04 18:12:00,0.00590171,16:10 - 00:10,43,0
2023-01-04 18:13:00,0.00589487,16:10 - 00:10,43,0
2023-01-04 18:14:00,0.00588204,16:10 - 00:10,43,0
2023-01-04 18:15:00,0.00587671,16:10 - 00:10,43,0
2023-01-04 18:16:00,0.00587254,16:10 - 00:10,43,0
2023-01-04 18:17:00,0.00587254,16:10 - 00:10,43,0
2023-01-04 18:18:00,0.00587004,16:10 - 00:10,43,0
2023-01-04 18:19:00,0.00587137,16:10 - 00:10,43,0
2023-01-04 18:20:00,0.00587521,16:10 - 00:10,43,0
2023-01-04 18:21:00,0.00588087,16:10 - 00:10,43,0
2023-01-04 18:22:00,0.00588004,16:10 - 00:10,43,0
2023-01-04 18:23:00,0.00588004,16:10 - 00:10,43,0
2023-01-04 18:24:00,0.00588171,16:10 - 00:10,43,0
2023-01-04 18:25:00,0.00588371,16:10 - 00:10,43,0
2023-01-04 18:26:00,0.00589171,16:10 - 00:10,43,0
2023-01-04 18:27:00,0.00589554,16:10 - 00:10,43,0
2023-01-04 18:28:00,0.00589687,16:10 - 00:10,43,0
2023-01-04 18:29:00,0.00589687,16:10 - 00:10,43,0
2023-01-04 18:30:00,0.00590137,16:10 - 00:10,43,0
2023-01-04 18:31:00,0.00590654,16:10 - 00:10,43,0
2023-01-04 18:32:00,0.00591854,16:10 - 00:10,43,0
2023-01-04 18:33:00,0.0059292,16:10 - 00:10,43,0
2023-01-04 18:34:00,0.00593754,16:10 - 00:10,43,0
2023-01-04 18:35:00,0.00593754,16:10 - 00:10,43,0
2023-01-04 18:36:00,0.00594104,16:10 - 00:10,43,0
2023-01-04 18:37:00,0.00595204,16:10 - 00:10,43,0
2023-01-04 18:38:00,0.00595787,16:10 - 00:10,43,0
2023-01-04 18:39:00,0.00596987,16:10 - 00:10,43,0
2023-01-04 18:40:00,0.00598037,16:10 - 00:10,43,0
2023-01-04 18:41:00,0.00598037,16:10 - 00:10,43,0
2023-01-04 18:42:00,0.00598321,16:10 - 00:10,43,0
2023-01-04 18:43:00,0.00598854,16:10 - 00:10,43,0
2023-01-04 18:44:00,0.00599387,16:10 - 00:10,43,0
2023-01-04 18:45:00,0.00600137,16:10 - 00:10,43,0
2023-01-04 18:46:00,0.00600921,16:10 - 00:10,43,0
2023-01-04 18:47:00,0.00600921,16:10 - 00:10,43,0
2023-01-04 18:48:00,0.00602071,16:10 - 00:10,43,0
2023-01-04 18:49:00,0.00603754,16:10 - 00:10,43,0
2023-01-04 18:50:00,0.00605571,16:10 - 00:10,43,0
2023-01-04 18:51:00,0.00606787,16:10 - 00:10,43,0
2023-01-04 18:52:00,0.00607954,16:10 - 00:10,43,0
2023-01-04 18:53:00,0.00607954,16:10 - 00:10,43,0
2023-01-04 18:54:00,0.00608404,16:10 - 00:10,43,0
2023-01-04 18:55:00,0.00609237,16:10 - 00:10,43,0
2023-01-04 18:56:00,0.00609387,16:10 - 00:10,43,0
2023-01-04 18:57:00,0.00608954,16:10 - 00:10,43,0
2023-01-04 18:58:00,0.00608654,16:10 - 00:10,43,0
2023-01-04 18:59:00,0.00608654,16:10 - 00:10,43,0
2023-01-04 19:00:00,0.00609137,16:10 - 00:10,43,0
2023-01-04 19:01:00,0.00609754,16:10 - 00:10,43,0
2023-01-04 19:02:00,0.00609387,16:10 - 00:10,43,0
2023-01-04 19:03:00,0.00610254,16:10 - 00:10,43,0
2023-01-04 19:04:00,0.00610087,16:10 - 00:10,43,0
2023-01-04 19:05:00,0.00610087,16:10 - 00:10,43,0
2023-01-04 19:06:00,0.0061022,16:10 - 00:10,43,0
2023-01-04 19:07:00,0.00610354,16:10 - 00:10,43,0
2023-01-04 19:08:00,0.00610137,16:10 - 00:10,43,0
2023-01-04 19:09:00,0.00609387,16:10 - 00:10,43,0
2023-01-04 19:10:00,0.00609387,16:10 - 00:10,43,0
2023-01-04 19:11:00,0.00608904,16:10 - 00:10,43,0
2023-01-04 19:12:00,0.00608604,16:10 - 00:10,43,0
2023-01-04 19:13:00,0.00607887,16:10 - 00:10,43,0
2023-01-04 19:14:00,0.00607571,16:10 - 00:10,43,0
2023-01-04 19:15:00,0.00607804,16:10 - 00:10,43,0
2023-01-04 19:16:00,0.00607804,16:10 - 00:10,43,0
2023-01-04 19:17:00,0.00608854,16:10 - 00:10,43,0
2023-01-04 19:18:00,0.00608954,16:10 - 00:10,43,0
2023-01-04 19:19:00,0.00608737,16:10 - 00:10,43,0
2023-01-04 19:20:00,0.00608954,16:10 - 00:10,43,0
2023-01-04 19:21:00,0.00608987,16:10 - 00:10,43,0
2023-01-04 19:22:00,0.00608987,16:10 - 00:10,43,0
2023-01-04 19:23:00,0.00608204,16:10 - 00:10,43,0
2023-01-04 19:24:00,0.00608204,16:10 - 00:10,43,0
2023-01-04 19:25:00,0.00605654,16:10 - 00:10,43,0
2023-01-04 19:26:00,0.0060467,16:10 - 00:10,43,0
2023-01-04 19:27:00,0.00603554,16:10 - 00:10,43,0
2023-01-04 19:28:00,0.00603554,16:10 - 00:10,43,0
2023-01-04 19:29:00,0.00602704,16:10 - 00:10,43,0
2023-01-04 19:30:00,0.00602454,16:10 - 00:10,43,0
2023-01-04 19:31:00,0.00602504,16:10 - 00:10,43,0
2023-01-04 19:32:00,0.00601987,16:10 - 00:10,43,0
2023-01-04 19:33:00,0.00601304,16:10 - 00:10,43,0
2023-01-04 19:34:00,0.00601304,16:10 - 00:10,43,0
2023-01-04 19:35:00,0.00601237,16:10 - 00:10,43,0
2023-01-04 19:36:00,0.00601804,16:10 - 00:10,43,0
2023-01-04 19:37:00,0.00602237,16:10 - 00:10,43,0
2023-01-04 19:38:00,0.00601621,16:10 - 00:10,43,0
2023-01-04 19:39:00,0.00601421,16:10 - 00:10,43,0
2023-01-04 19:40:00,0.00601421,16:10 - 00:10,43,0
2023-01-04 19:41:00,0.0060082,16:10 - 00:10,43,0
2023-01-04 19:42:00,0.00600704,16:10 - 00:10,43,0
2023-01-04 19:43:00,0.00600787,16:10 - 00:10,43,0
2023-01-04 19:44:00,0.00600287,16:10 - 00:10,43,0
2023-01-04 19:45:00,0.00600854,16:10 - 00:10,43,0
2023-01-04 19:46:00,0.00600854,16:10 - 00:10,43,0
2023-01-04 19:47:00,0.00601321,16:10 - 00:10,43,0
2023-01-04 19:48:00,0.00601771,16:10 - 00:10,43,0
2023-01-04 19:49:00,0.00601537,16:10 - 00:10,43,0
2023-01-04 19:50:00,0.0060122,16:10 - 00:10,43,0
2023-01-04 19:51:00,0.00600904,16:10 - 00:10,43,0
2023-01-04 19:52:00,0.00600904,16:10 - 00:10,43,0
2023-01-04 19:53:00,0.00600854,16:10 - 00:10,43,0
2023-01-04 19:54:00,0.00600837,16:10 - 00:10,43,0
2023-01-04 19:55:00,0.0060077,16:10 - 00:10,43,0
2023-01-04 19:56:00,0.00601454,16:10 - 00:10,43,0
2023-01-04 19:57:00,0.00601704,16:10 - 00:10,43,0
2023-01-04 19:58:00,0.00601704,16:10 - 00:10,43,0
2023-01-04 19:59:00,0.00601887,16:10 - 00:10,43,0
2023-01-04 20:00:00,0.00602587,16:10 - 00:10,43,0
2023-01-04 20:01:00,0.00603171,16:10 - 00:10,43,0
2023-01-04 20:02:00,0.00603887,16:10 - 00:10,43,0
2023-01-04 20:03:00,0.00604154,16:10 - 00:10,43,0
2023-01-04 20:04:00,0.00604154,16:10 - 00:10,43,0
2023-01-04 20:05:00,0.00604354,16:10 - 00:10,43,0
2023-01-04 20:06:00,0.00605237,16:10 - 00:10,43,0
2023-01-04 20:07:00,0.00605554,16:10 - 00:10,43,0
2023-01-04 20:08:00,0.0060527,16:10 - 00:10,43,0
2023-01-04 20:09:00,0.00605437,16:10 - 00:10,43,0
2023-01-04 20:10:00,0.00605437,16:10 - 00:10,43,0
2023-01-04 20:11:00,0.00605604,16:10 - 00:10,43,0
2023-01-04 20:12:00,0.00605654,16:10 - 00:10,43,0
2023-01-04 20:13:00,0.00605737,16:10 - 00:10,43,0
2023-01-04 20:14:00,0.00605871,16:10 - 00:10,43,0
2023-01-04 20:15:00,0.00605904,16:10 - 00:10,43,0
2023-01-04 20:16:00,0.00605904,16:10 - 00:10,43,0
2023-01-04 20:17:00,0.00605804,16:10 - 00:10,43,0
2023-01-04 20:18:00,0.00605887,16:10 - 00:10,43,0
2023-01-04 20:19:00,0.00606637,16:10 - 00:10,43,0
2023-01-04 20:20:00,0.0060702,16:10 - 00:10,43,0
2023-01-04 20:21:00,0.00607154,16:10 - 00:10,43,0
2023-01-04 20:22:00,0.00607154,16:10 - 00:10,43,0
2023-01-04 20:23:00,0.00606887,16:10 - 00:10,43,0
2023-01-04 20:24:00,0.00606804,16:10 - 00:10,43,0
2023-01-04 20:25:00,0.00607354,16:10 - 00:10,43,0
2023-01-04 20:26:00,0.0060837,16:10 - 00:10,43,0
2023-01-04 20:27:00,0.00608954,16:10 - 00:10,43,0
2023-01-04 20:28:00,0.00608954,16:10 - 00:10,43,0
2023-01-04 20:29:00,0.00609604,16:10 - 00:10,43,0
2023-01-04 20:30:00,0.00610321,16:10 - 00:10,43,0
2023-01-04 20:31:00,0.00610254,16:10 - 00:10,43,0
2023-01-04 20:32:00,0.00610237,16:10 - 00:10,43,0
2023-01-04 20:33:00,0.00610587,16:10 - 00:10,43,0
2023-01-04 20:34:00,0.00610587,16:10 - 00:10,43,0
2023-01-04 20:35:00,0.00610854,16:10 - 00:10,43,0
2023-01-04 20:36:00,0.00610771,16:10 - 00:10,43,0
2023-01-04 20:37:00,0.00610321,16:10 - 00:10,43,0
2023-01-04 20:38:00,0.00610354,16:10 - 00:10,43,0
2023-01-04 20:39:00,0.00609654,16:10 - 00:10,43,0
2023-01-04 20:40:00,0.00609654,16:10 - 00:10,43,0
2023-01-04 20:41:00,0.00609087,16:10 - 00:10,43,0
2023-01-04 20:42:00,0.00608854,16:10 - 00:10,43,0
2023-01-04 20:43:00,0.00607971,16:10 - 00:10,43,0
2023-01-04 20:44:00,0.00607504,16:10 - 00:10,43,0
2023-01-04 20:45:00,0.00607754,16:10 - 00:10,43,0
2023-01-04 20:46:00,0.00607754,16:10 - 00:10,43,0
2023-01-04 20:47:00,0.00608221,16:10 - 00:10,43,0
2023-01-04 20:48:00,0.00609454,16:10 - 00:10,43,0
2023-01-04 20:49:00,0.0061087,16:10 - 00:10,43,0
2023-01-04 20:50:00,0.00612104,16:10 - 00:10,43,0
2023-01-04 20:51:00,0.00612754,16:10 - 00:10,43,0
2023-01-04 20:52:00,0.00612754,16:10 - 00:10,43,0
2023-01-04 20:53:00,0.00613087,16:10 - 00:10,43,0
2023-01-04 20:54:00,0.00612971,16:10 - 00:10,43,0
2023-01-04 20:55:00,0.00612187,16:10 - 00:10,43,0
2023-01-04 20:56:00,0.00611554,16:10 - 00:10,43,0
2023-01-04 20:57:00,0.0061192,16:10 - 00:10,43,0
2023-01-04 20:58:00,0.0061192,16:10 - 00:10,43,0
2023-01-04 20:59:00,0.00613187,16:10 - 00:10,43,0
2023-01-04 21:00:00,0.00614537,16:10 - 00:10,43,0
2023-01-04 21:01:00,0.00615137,16:10 - 00:10,43,0
2023-01-04 21:02:00,0.00616604,16:10 - 00:10,43,0
2023-01-04 21:03:00,0.0061717,16:10 - 00:10,43,0
2023-01-04 21:04:00,0.0061717,16:10 - 00:10,43,0
2023-01-04 21:05:00,0.00618037,16:10 - 00:10,43,0
2023-01-04 21:06:00,0.00618804,16:10 - 00:10,43,0
2023-01-04 21:07:00,0.0061882,16:10 - 00:10,43,0
2023-01-04 21:08:00,0.00619237,16:10 - 00:10,43,0
2023-01-04 21:09:00,0.0061917,16:10 - 00:10,43,0
2023-01-04 21:10:00,0.0061917,16:10 - 00:10,43,0
2023-01-04 21:11:00,0.0061952,16:10 - 00:10,43,0
2023-01-04 21:12:00,0.00620087,16:10 - 00:10,43,0
2023-01-04 21:13:00,0.00620487,16:10 - 00:10,43,0
2023-01-04 21:14:00,0.00620971,16:10 - 00:10,43,0
2023-01-04 21:15:00,0.00621337,16:10 - 00:10,43,0
2023-01-04 21:16:00,0.00621337,16:10 - 00:10,43,0
2023-01-04 21:17:00,0.00621337,16:10 - 00:10,43,0
2023-01-04 21:18:00,0.00621171,16:10 - 00:10,43,0
2023-01-04 21:19:00,0.00621904,16:10 - 00:10,43,0
2023-01-04 21:20:00,0.00622554,16:10 - 00:10,43,0
2023-01-04 21:21:00,0.00623104,16:10 - 00:10,43,0
2023-01-04 21:22:00,0.00623337,16:10 - 00:10,43,0
2023-01-04 21:23:00,0.00623337,16:10 - 00:10,43,0
2023-01-04 21:24:00,0.00623571,16:10 - 00:10,43,0
2023-01-04 21:25:00,0.00623837,16:10 - 00:10,43,0
2023-01-04 21:26:00,0.00623754,16:10 - 00:10,43,0
2023-01-04 21:27:00,0.00623454,16:10 - 00:10,43,0
2023-01-04 21:28:00,0.0062377,16:10 - 00:10,43,0
2023-01-04 21:29:00,0.0062377,16:10 - 00:10,43,0
2023-01-04 21:30:00,0.0062412,16:10 - 00:10,43,0
2023-01-04 21:31:00,0.0062387,16:10 - 00:10,43,0
2023-01-04 21:32:00,0.00623754,16:10 - 00:10,43,0
2023-01-04 21:33:00,0.00623621,16:10 - 00:10,43,0
2023-01-04 21:34:00,0.00622921,16:10 - 00:10,43,0
2023-01-04 21:35:00,0.00622921,16:10 - 00:10,43,0
2023-01-04 21:36:00,0.00621737,16:10 - 00:10,43,0
2023-01-04 21:37:00,0.00620854,16:10 - 00:10,43,0
2023-01-04 21:38:00,0.00620237,16:10 - 00:10,43,0
2023-01-04 21:39:00,0.0061952,16:10 - 00:10,43,0
2023-01-04 21:40:00,0.00618971,16:10 - 00:10,43,0
2023-01-04 21:41:00,0.00618971,16:10 - 00:10,43,0
2023-01-04 21:42:00,0.00619071,16:10 - 00:10,43,0
2023-01-04 21:43:00,0.00619604,16:10 - 00:10,43,0
2023-01-04 21:44:00,0.00619904,16:10 - 00:10,43,0
2023-01-04 21:45:00,0.00619937,16:10 - 00:10,43,0
2023-01-04 21:46:00,0.00619437,16:10 - 00:10,43,0
2023-01-04 21:47:00,0.00619437,16:10 - 00:10,43,0
2023-01-04 21:48:00,0.00618854,16:10 - 00:10,43,0
2023-01-04 21:49:00,0.00618187,16:10 - 00:10,43,0
2023-01-04 21:50:00,0.00617937,16:10 - 00:10,43,0
2023-01-04 21:51:00,0.00618037,16:10 - 00:10,43,0
2023-01-04 21:52:00,0.00618204,16:10 - 00:10,43,0
2023-01-04 21:53:00,0.00618204,16:10 - 00:10,43,0
2023-01-04 21:54:00,0.00618454,16:10 - 00:10,43,0
2023-01-04 21:55:00,0.00618754,16:10 - 00:10,43,0
2023-01-04 21:56:00,0.00619154,16:10 - 00:10,43,0
2023-01-04 21:57:00,0.00619387,16:10 - 00:10,43,0
2023-01-04 21:58:00,0.00619387,16:10 - 00:10,43,0
2023-01-04 21:59:00,0.00619904,16:10 - 00:10,43,0
2023-01-04 22:00:00,0.00621037,16:10 - 00:10,43,0
2023-01-04 22:01:00,0.00621687,16:10 - 00:10,43,0
2023-01-04 22:02:00,0.00621687,16:10 - 00:10,43,0
2023-01-04 22:03:00,0.00621687,16:10 - 00:10,43,0
2023-01-04 22:04:00,0.00621704,16:10 - 00:10,43,0
2023-01-04 22:05:00,0.00622454,16:10 - 00:10,43,0
2023-01-04 22:06:00,0.00623837,16:10 - 00:10,43,0
2023-01-04 22:07:00,0.00624504,16:10 - 00:10,43,0
2023-01-04 22:08:00,0.00624704,16:10 - 00:10,43,0
2023-01-04 22:09:00,0.00625204,16:10 - 00:10,43,0
2023-01-04 22:10:00,0.00625204,16:10 - 00:10,43,0
2023-01-04 22:11:00,0.00626204,16:10 - 00:10,43,0
2023-01-04 22:12:00,0.00627454,16:10 - 00:10,43,0
2023-01-04 22:13:00,0.00628354,16:10 - 00:10,43,0
2023-01-04 22:14:00,0.00629054,16:10 - 00:10,43,0
2023-01-04 22:15:00,0.00629054,16:10 - 00:10,43,0
2023-01-04 22:16:00,0.00629054,16:10 - 00:10,43,0
2023-01-04 22:17:00,0.00628137,16:10 - 00:10,43,0
2023-01-04 22:18:00,0.00627087,16:10 - 00:10,43,0
2023-01-04 22:19:00,0.00626487,16:10 - 00:10,43,0
2023-01-04 22:20:00,0.00626371,16:10 - 00:10,43,0
2023-01-04 22:21:00,0.00626671,16:10 - 00:10,43,0
2023-01-04 22:22:00,0.00626671,16:10 - 00:10,43,0
2023-01-04 22:23:00,0.00627504,16:10 - 00:10,43,0
2023-01-04 22:24:00,0.00627504,16:10 - 00:10,43,0
2023-01-04 22:25:00,0.00629437,16:10 - 00:10,43,0
2023-01-04 22:26:00,0.00630337,16:10 - 00:10,43,0
2023-01-04 22:27:00,0.00631004,16:10 - 00:10,43,0
2023-01-04 22:28:00,0.00631004,16:10 - 00:10,43,0
2023-01-04 22:29:00,0.00631471,16:10 - 00:10,43,0
2023-01-04 22:30:00,0.00631904,16:10 - 00:10,43,0
2023-01-04 22:31:00,0.00632871,16:10 - 00:10,43,0
2023-01-04 22:32:00,0.00633221,16:10 - 00:10,43,0
2023-01-04 22:33:00,0.00633387,16:10 - 00:10,43,0
2023-01-04 22:34:00,0.00633387,16:10 - 00:10,43,0
2023-01-04 22:35:00,0.00633971,16:10 - 00:10,43,0
2023-01-04 22:36:00,0.00635021,16:10 - 00:10,43,0
2023-01-04 22:37:00,0.00636404,16:10 - 00:10,43,0
2023-01-04 22:38:00,0.00637787,16:10 - 00:10,43,0
2023-01-04 22:39:00,0.00638454,16:10 - 00:10,43,0
2023-01-04 22:40:00,0.00638454,16:10 - 00:10,43,0
2023-01-04 22:41:00,0.00638287,16:10 - 00:10,43,0
2023-01-04 22:42:00,0.00638537,16:10 - 00:10,43,0
2023-01-04 22:43:00,0.00639354,16:10 - 00:10,43,0
2023-01-04 22:44:00,0.00639587,16:10 - 00:10,43,0
2023-01-04 22:45:00,0.00639304,16:10 - 00:10,43,0
2023-01-04 22:46:00,0.00639304,16:10 - 00:10,43,0
2023-01-04 22:47:00,0.00638954,16:10 - 00:10,43,0
2023-01-04 22:48:00,0.00638404,16:10 - 00:10,43,0
2023-01-04 22:49:00,0.00637787,16:10 - 00:10,43,0
2023-01-04 22:50:00,0.0063722,16:10 - 00:10,43,0
2023-01-04 22:51:00,0.00636804,16:10 - 00:10,43,0
2023-01-04 22:52:00,0.00636804,16:10 - 00:10,43,0
2023-01-04 22:53:00,0.00636587,16:10 - 00:10,43,0
2023-01-04 22:54:00,0.00636704,16:10 - 00:10,43,0
2023-01-04 22:55:00,0.00637254,16:10 - 00:10,43,0
2023-01-04 22:56:00,0.00637837,16:10 - 00:10,43,0
2023-01-04 22:57:00,0.0063767,16:10 - 00:10,43,0
2023-01-04 22:58:00,0.0063767,16:10 - 00:10,43,0
2023-01-04 22:59:00,0.00637121,16:10 - 00:10,43,0
2023-01-04 23:00:00,0.00636287,16:10 - 00:10,43,0
2023-01-04 23:01:00,0.00634737,16:10 - 00:10,43,0
2023-01-04 23:02:00,0.00633921,16:10 - 00:10,43,0
2023-01-04 23:03:00,0.00633937,16:10 - 00:10,43,0
2023-01-04 23:04:00,0.00633937,16:10 - 00:10,43,0
2023-01-04 23:05:00,0.00633304,16:10 - 00:10,43,0
2023-01-04 23:06:00,0.00633671,16:10 - 00:10,43,0
2023-01-04 23:07:00,0.00633537,16:10 - 00:10,43,0
2023-01-04 23:08:00,0.00633604,16:10 - 00:10,43,0
2023-01-04 23:09:00,0.00633537,16:10 - 00:10,43,0
2023-01-04 23:10:00,0.00633537,16:10 - 00:10,43,0
2023-01-04 23:11:00,0.00633387,16:10 - 00:10,43,0
2023-01-04 23:12:00,0.00633087,16:10 - 00:10,43,0
2023-01-04 23:13:00,0.00633171,16:10 - 00:10,43,0
2023-01-04 23:14:00,0.00633237,16:10 - 00:10,43,0
2023-01-04 23:15:00,0.00633171,16:10 - 00:10,43,0
2023-01-04 23:16:00,0.00633171,16:10 - 00:10,43,0
2023-01-04 23:17:00,0.00632871,16:10 - 00:10,43,0
2023-01-04 23:18:00,0.00632971,16:10 - 00:10,43,0
2023-01-04 23:19:00,0.00633054,16:10 - 00:10,43,0
2023-01-04 23:20:00,0.00633871,16:10 - 00:10,43,0
2023-01-04 23:21:00,0.00633971,16:10 - 00:10,43,0
2023-01-04 23:22:00,0.00633971,16:10 - 00:10,43,0
2023-01-04 23:23:00,0.00634087,16:10 - 00:10,43,0
2023-01-04 23:24:00,0.00634171,16:10 - 00:10,43,0
2023-01-04 23:25:00,0.00634137,16:10 - 00:10,43,0
2023-01-04 23:26:00,0.00633804,16:10 - 00:10,43,0
2023-01-04 23:27:00,0.00633004,16:10 - 00:10,43,0
2023-01-04 23:28:00,0.00633004,16:10 - 00:10,43,0
2023-01-04 23:29:00,0.00632087,16:10 - 00:10,43,0
2023-01-04 23:30:00,0.00631254,16:10 - 00:10,43,0
2023-01-04 23:31:00,0.00631104,16:10 - 00:10,43,0
2023-01-04 23:32:00,0.00630621,16:10 - 00:10,43,0
2023-01-04 23:33:00,0.00630454,16:10 - 00:10,43,0
2023-01-04 23:34:00,0.00630454,16:10 - 00:10,43,0
2023-01-04 23:35:00,0.00629537,16:10 - 00:10,43,0
2023-01-04 23:36:00,0.00628554,16:10 - 00:10,43,0
2023-01-04 23:37:00,0.00628321,16:10 - 00:10,43,0
2023-01-04 23:38:00,0.00628471,16:10 - 00:10,43,0
2023-01-04 23:39:00,0.00627854,16:10 - 00:10,43,0
2023-01-04 23:40:00,0.00627854,16:10 - 00:10,43,0
2023-01-04 23:41:00,0.00627321,16:10 - 00:10,43,0
2023-01-04 23:42:00,0.00626937,16:10 - 00:10,43,0
2023-01-04 23:43:00,0.00626371,16:10 - 00:10,43,0
2023-01-04 23:44:00,0.00625937,16:10 - 00:10,43,0
2023-01-04 23:45:00,0.00625454,16:10 - 00:10,43,0
2023-01-04 23:46:00,0.00625454,16:10 - 00:10,43,0
2023-01-04 23:47:00,0.00624987,16:10 - 00:10,43,0
2023-01-04 23:48:00,0.00624587,16:10 - 00:10,43,0
2023-01-04 23:49:00,0.00623937,16:10 - 00:10,43,0
2023-01-04 23:50:00,0.00622937,16:10 - 00:10,43,0
2023-01-04 23:51:00,0.00621887,16:10 - 00:10,43,0
2023-01-04 23:52:00,0.00621887,16:10 - 00:10,43,0
2023-01-04 23:53:00,0.00621171,16:10 - 00:10,43,0
2023-01-04 23:54:00,0.00620521,16:10 - 00:10,43,0
2023-01-04 23:55:00,0.00619954,16:10 - 00:10,43,0
2023-01-04 23:56:00,0.00618854,16:10 - 00:10,43,0
2023-01-04 23:57:00,0.00617987,16:10 - 00:10,43,0
2023-01-04 23:58:00,0.00617987,16:10 - 00:10,43,0
2023-01-04 23:59:00,0.0061747,16:10 - 00:10,43,0
2023-01-05 00:00:00,0.00617287,16:10 - 00:10,43,0
2023-01-05 00:01:00,0.00528111,16:10 - 00:10,43,0
2023-01-05 00:02:00,0.00528528,16:10 - 00:10,43,0
2023-01-05 00:03:00,0.00529061,16:10 - 00:10,43,0
2023-01-05 00:04:00,0.00529061,16:10 - 00:10,43,0
2023-01-05 00:05:00,0.00529378,16:10 - 00:10,43,0
2023-01-05 00:06:00,0.00529911,16:10 - 00:10,43,0
2023-01-05 00:07:00,0.00530544,16:10 - 00:10,43,0
2023-01-05 00:08:00,0.00530878,16:10 - 00:10,43,0
2023-01-05 00:09:00,0.00530944,16:10 - 00:10,43,0
2023-01-05 00:10:00,0.00530944,00:10 - 08:10,44,0
2023-01-05 00:11:00,0.00530695,00:10 - 08:10,44,0
2023-01-05 00:12:00,0.00530644,00:10 - 08:10,44,0
2023-01-05 00:13:00,0.00530778,00:10 - 08:10,44,0
2023-01-05 00:14:00,0.00530695,00:10 - 08:10,44,0
2023-01-05 00:15:00,0.00530994,00:10 - 08:10,44,0
2023-01-05 00:16:00,0.00530994,00:10 - 08:10,44,0
2023-01-05 00:17:00,0.00531045,00:10 - 08:10,44,0
2023-01-05 00:18:00,0.00531128,00:10 - 08:10,44,0
2023-01-05 00:19:00,0.00531244,00:10 - 08:10,44,0
2023-01-05 00:20:00,0.00531328,00:10 - 08:10,44,0
2023-01-05 00:21:00,0.00531478,00:10 - 08:10,44,0
2023-01-05 00:22:00,0.00531478,00:10 - 08:10,44,0
2023-01-05 00:23:00,0.00531428,00:10 - 08:10,44,0
2023-01-05 00:24:00,0.00530911,00:10 - 08:10,44,0
2023-01-05 00:25:00,0.00530528,00:10 - 08:10,44,0
2023-01-05 00:26:00,0.00530578,00:10 - 08:10,44,0
2023-01-05 00:27:00,0.00530928,00:10 - 08:10,44,0
2023-01-05 00:28:00,0.00530928,00:10 - 08:10,44,0
2023-01-05 00:29:00,0.00531111,00:10 - 08:10,44,0
2023-01-05 00:30:00,0.00531178,00:10 - 08:10,44,0
2023-01-05 00:31:00,0.00531261,00:10 - 08:10,44,0
2023-01-05 00:32:00,0.00531161,00:10 - 08:10,44,0
2023-01-05 00:33:00,0.00530795,00:10 - 08:10,44,0
2023-01-05 00:34:00,0.00530795,00:10 - 08:10,44,0
2023-01-05 00:35:00,0.00530328,00:10 - 08:10,44,0
2023-01-05 00:36:00,0.00529528,00:10 - 08:10,44,0
2023-01-05 00:37:00,0.00528728,00:10 - 08:10,44,0
2023-01-05 00:38:00,0.00528028,00:10 - 08:10,44,0
2023-01-05 00:39:00,0.00527461,00:10 - 08:10,44,0
2023-01-05 00:40:00,0.00527461,00:10 - 08:10,44,0
2023-01-05 00:41:00,0.00527478,00:10 - 08:10,44,0
2023-01-05 00:42:00,0.00527228,00:10 - 08:10,44,0
2023-01-05 00:43:00,0.00527061,00:10 - 08:10,44,0
2023-01-05 00:44:00,0.00526611,00:10 - 08:10,44,0
2023-01-05 00:45:00,0.00525961,00:10 - 08:10,44,0
2023-01-05 00:46:00,0.00525961,00:10 - 08:10,44,0
2023-01-05 00:47:00,0.00525478,00:10 - 08:10,44,0
2023-01-05 00:48:00,0.00525028,00:10 - 08:10,44,0
2023-01-05 00:49:00,0.00524311,00:10 - 08:10,44,0
2023-01-05 00:50:00,0.00523711,00:10 - 08:10,44,0
2023-01-05 00:51:00,0.00522744,00:10 - 08:10,44,0
2023-01-05 00:52:00,0.00522744,00:10 - 08:10,44,0
2023-01-05 00:53:00,0.00521578,00:10 - 08:10,44,0
2023-01-05 00:54:00,0.00520428,00:10 - 08:10,44,0
2023-01-05 00:55:00,0.00519061,00:10 - 08:10,44,0
2023-01-05 00:56:00,0.00517461,00:10 - 08:10,44,0
2023-01-05 00:57:00,0.00515911,00:10 - 08:10,44,0
2023-01-05 00:58:00,0.00515911,00:10 - 08:10,44,0
2023-01-05 00:59:00,0.00514361,00:10 - 08:10,44,0
2023-01-05 01:00:00,0.00512694,00:10 - 08:10,44,0
2023-01-05 01:01:00,0.00511044,00:10 - 08:10,44,0
2023-01-05 01:02:00,0.00509844,00:10 - 08:10,44,0
2023-01-05 01:03:00,0.00509678,00:10 - 08:10,44,0
2023-01-05 01:04:00,0.00508578,00:10 - 08:10,44,0
2023-01-05 01:05:00,0.00507828,00:10 - 08:10,44,0
2023-01-05 01:06:00,0.00507061,00:10 - 08:10,44,0
2023-01-05 01:07:00,0.00505794,00:10 - 08:10,44,0
2023-01-05 01:08:00,0.00504978,00:10 - 08:10,44,0
2023-01-05 01:09:00,0.00504794,00:10 - 08:10,44,0
2023-01-05 01:10:00,0.00503328,00:10 - 08:10,44,0
2023-01-05 01:11:00,0.00502078,00:10 - 08:10,44,0
2023-01-05 01:12:00,0.00501561,00:10 - 08:10,44,0
2023-01-05 01:13:00,0.00501094,00:10 - 08:10,44,0
2023-01-05 01:14:00,0.00500878,00:10 - 08:10,44,0
2023-01-05 01:15:00,0.00500661,00:10 - 08:10,44,0
2023-01-05 01:16:00,0.00500194,00:10 - 08:10,44,0
2023-01-05 01:17:00,0.00499444,00:10 - 08:10,44,0
2023-01-05 01:18:00,0.00499078,00:10 - 08:10,44,0
2023-01-05 01:19:00,0.00498094,00:10 - 08:10,44,0
2023-01-05 01:20:00,0.00497478,00:10 - 08:10,44,0
2023-01-05 01:21:00,0.00497261,00:10 - 08:10,44,0
2023-01-05 01:22:00,0.00497144,00:10 - 08:10,44,0
2023-01-05 01:23:00,0.00496728,00:10 - 08:10,44,0
2023-01-05 01:24:00,0.00496561,00:10 - 08:10,44,0
2023-01-05 01:25:00,0.00496128,00:10 - 08:10,44,0
2023-01-05 01:26:00,0.00495928,00:10 - 08:10,44,0
2023-01-05 01:27:00,0.00495861,00:10 - 08:10,44,0
2023-01-05 01:28:00,0.00496011,00:10 - 08:10,44,0
2023-01-05 01:29:00,0.00495661,00:10 - 08:10,44,0
2023-01-05 01:30:00,0.00495528,00:10 - 08:10,44,0
2023-01-05 01:31:00,0.00495594,00:10 - 08:10,44,0
2023-01-05 01:32:00,0.00496178,00:10 - 08:10,44,0
2023-01-05 01:33:00,0.00496178,00:10 - 08:10,44,0
2023-01-05 01:34:00,0.00495895,00:10 - 08:10,44,0
2023-01-05 01:35:00,0.00495478,00:10 - 08:10,44,0
2023-01-05 01:36:00,0.00495211,00:10 - 08:10,44,0
2023-01-05 01:37:00,0.00495011,00:10 - 08:10,44,0
2023-01-05 01:38:00,0.00494278,00:10 - 08:10,44,0
2023-01-05 01:39:00,0.00494278,00:10 - 08:10,44,0
2023-01-05 01:40:00,0.00493694,00:10 - 08:10,44,0
2023-01-05 01:41:00,0.00492911,00:10 - 08:10,44,0
2023-01-05 01:42:00,0.00492411,00:10 - 08:10,44,0
2023-01-05 01:43:00,0.00492044,00:10 - 08:10,44,0
2023-01-05 01:44:00,0.00491694,00:10 - 08:10,44,0
2023-01-05 01:45:00,0.00491694,00:10 - 08:10,44,0
2023-01-05 01:46:00,0.00491711,00:10 - 08:10,44,0
2023-01-05 01:47:00,0.00492561,00:10 - 08:10,44,0
2023-01-05 01:48:00,0.00492961,00:10 - 08:10,44,0
2023-01-05 01:49:00,0.00492961,00:10 - 08:10,44,0
2023-01-05 01:50:00,0.00493028,00:10 - 08:10,44,0
2023-01-05 01:51:00,0.00493028,00:10 - 08:10,44,0
2023-01-05 01:52:00,0.00492978,00:10 - 08:10,44,0
2023-01-05 01:53:00,0.00492411,00:10 - 08:10,44,0
2023-01-05 01:54:00,0.00491411,00:10 - 08:10,44,0
2023-01-05 01:55:00,0.00490311,00:10 - 08:10,44,0
2023-01-05 01:56:00,0.00489261,00:10 - 08:10,44,0
2023-01-05 01:57:00,0.00489261,00:10 - 08:10,44,0
2023-01-05 01:58:00,0.00487911,00:10 - 08:10,44,0
2023-01-05 01:59:00,0.00486694,00:10 - 08:10,44,0
2023-01-05 02:00:00,0.00485728,00:10 - 08:10,44,0
2023-01-05 02:01:00,0.00484644,00:10 - 08:10,44,0
2023-01-05 02:02:00,0.00483828,00:10 - 08:10,44,0
2023-01-05 02:03:00,0.00483811,00:10 - 08:10,44,0
2023-01-05 02:04:00,0.00483128,00:10 - 08:10,44,0
2023-01-05 02:05:00,0.00482478,00:10 - 08:10,44,0
2023-01-05 02:06:00,0.00481144,00:10 - 08:10,44,0
2023-01-05 02:07:00,0.00480144,00:10 - 08:10,44,0
2023-01-05 02:08:00,0.00479411,00:10 - 08:10,44,0
2023-01-05 02:09:00,0.00478994,00:10 - 08:10,44,0
2023-01-05 02:10:00,0.00478961,00:10 - 08:10,44,0
2023-01-05 02:11:00,0.00478844,00:10 - 08:10,44,0
2023-01-05 02:12:00,0.00478628,00:10 - 08:10,44,0
2023-01-05 02:13:00,0.00478545,00:10 - 08:10,44,0
2023-01-05 02:14:00,0.00477928,00:10 - 08:10,44,0
2023-01-05 02:15:00,0.00477928,00:10 - 08:10,44,0
2023-01-05 02:16:00,0.00477544,00:10 - 08:10,44,0
2023-01-05 02:17:00,0.00477845,00:10 - 08:10,44,0
2023-01-05 02:18:00,0.00477894,00:10 - 08:10,44,0
2023-01-05 02:19:00,0.00477611,00:10 - 08:10,44,0
2023-01-05 02:20:00,0.00477411,00:10 - 08:10,44,0
2023-01-05 02:21:00,0.00477411,00:10 - 08:10,44,0
2023-01-05 02:22:00,0.00477344,00:10 - 08:10,44,0
2023-01-05 02:23:00,0.00476978,00:10 - 08:10,44,0
2023-01-05 02:24:00,0.00476111,00:10 - 08:10,44,0
2023-01-05 02:25:00,0.00475694,00:10 - 08:10,44,0
2023-01-05 02:26:00,0.00475211,00:10 - 08:10,44,0
2023-01-05 02:27:00,0.00475211,00:10 - 08:10,44,0
2023-01-05 02:28:00,0.00475344,00:10 - 08:10,44,0
2023-01-05 02:29:00,0.00475478,00:10 - 08:10,44,0
2023-01-05 02:30:00,0.00475444,00:10 - 08:10,44,0
2023-01-05 02:31:00,0.00475561,00:10 - 08:10,44,0
2023-01-05 02:32:00,0.00475961,00:10 - 08:10,44,0
2023-01-05 02:33:00,0.00475961,00:10 - 08:10,44,0
2023-01-05 02:34:00,0.00476461,00:10 - 08:10,44,0
2023-01-05 02:35:00,0.00476528,00:10 - 08:10,44,0
2023-01-05 02:36:00,0.00477461,00:10 - 08:10,44,0
2023-01-05 02:37:00,0.00478361,00:10 - 08:10,44,0
2023-01-05 02:38:00,0.00478894,00:10 - 08:10,44,0
2023-01-05 02:39:00,0.00478911,00:10 - 08:10,44,0
2023-01-05 02:40:00,0.00478611,00:10 - 08:10,44,0
2023-01-05 02:41:00,0.00479094,00:10 - 08:10,44,0
2023-01-05 02:42:00,0.00479678,00:10 - 08:10,44,0
2023-01-05 02:43:00,0.00479628,00:10 - 08:10,44,0
2023-01-05 02:44:00,0.00480044,00:10 - 08:10,44,0
2023-01-05 02:45:00,0.00480044,00:10 - 08:10,44,0
2023-01-05 02:46:00,0.00480178,00:10 - 08:10,44,0
2023-01-05 02:47:00,0.00479794,00:10 - 08:10,44,0
2023-01-05 02:48:00,0.00479394,00:10 - 08:10,44,0
2023-01-05 02:49:00,0.00479128,00:10 - 08:10,44,0
2023-01-05 02:50:00,0.00479244,00:10 - 08:10,44,0
2023-01-05 02:51:00,0.00479244,00:10 - 08:10,44,0
2023-01-05 02:52:00,0.00480028,00:10 - 08:10,44,0
2023-01-05 02:53:00,0.00480444,00:10 - 08:10,44,0
2023-01-05 02:54:00,0.00480944,00:10 - 08:10,44,0
2023-01-05 02:55:00,0.00481578,00:10 - 08:10,44,0
2023-01-05 02:56:00,0.00481844,00:10 - 08:10,44,0
2023-01-05 02:57:00,0.00481844,00:10 - 08:10,44,0
2023-01-05 02:58:00,0.00481911,00:10 - 08:10,44,0
2023-01-05 02:59:00,0.00481928,00:10 - 08:10,44,0
2023-01-05 03:00:00,0.00481294,00:10 - 08:10,44,0
2023-01-05 03:01:00,0.00480794,00:10 - 08:10,44,0
2023-01-05 03:02:00,0.00480361,00:10 - 08:10,44,0
2023-01-05 03:03:00,0.00480261,00:10 - 08:10,44,0
2023-01-05 03:04:00,0.00480261,00:10 - 08:10,44,0
2023-01-05 03:05:00,0.00480328,00:10 - 08:10,44,0
2023-01-05 03:06:00,0.00480178,00:10 - 08:10,44,0
2023-01-05 03:07:00,0.00479844,00:10 - 08:10,44,0
2023-01-05 03:08:00,0.00479411,00:10 - 08:10,44,0
2023-01-05 03:09:00,0.00479094,00:10 - 08:10,44,0
2023-01-05 03:10:00,0.00479094,00:10 - 08:10,44,0
2023-01-05 03:11:00,0.00478994,00:10 - 08:10,44,0
2023-01-05 03:12:00,0.00478744,00:10 - 08:10,44,0
2023-01-05 03:13:00,0.00478511,00:10 - 08:10,44,0
2023-01-05 03:14:00,0.00478528,00:10 - 08:10,44,0
2023-01-05 03:15:00,0.00478628,00:10 - 08:10,44,0
2023-01-05 03:16:00,0.00478644,00:10 - 08:10,44,0
2023-01-05 03:17:00,0.00478861,00:10 - 08:10,44,0
2023-01-05 03:18:00,0.00479511,00:10 - 08:10,44,0
2023-01-05 03:19:00,0.00480011,00:10 - 08:10,44,0
2023-01-05 03:20:00,0.00480411,00:10 - 08:10,44,0
2023-01-05 03:21:00,0.00480244,00:10 - 08:10,44,0
2023-01-05 03:22:00,0.00480244,00:10 - 08:10,44,0
2023-01-05 03:23:00,0.00479444,00:10 - 08:10,44,0
2023-01-05 03:24:00,0.00478844,00:10 - 08:10,44,0
2023-01-05 03:25:00,0.00478028,00:10 - 08:10,44,0
2023-01-05 03:26:00,0.00477111,00:10 - 08:10,44,0
2023-01-05 03:27:00,0.00476711,00:10 - 08:10,44,0
2023-01-05 03:28:00,0.00476711,00:10 - 08:10,44,0
2023-01-05 03:29:00,0.00476328,00:10 - 08:10,44,0
2023-01-05 03:30:00,0.00476128,00:10 - 08:10,44,0
2023-01-05 03:31:00,0.00475211,00:10 - 08:10,44,0
2023-01-05 03:32:00,0.00474528,00:10 - 08:10,44,0
2023-01-05 03:33:00,0.00473828,00:10 - 08:10,44,0
2023-01-05 03:34:00,0.00473828,00:10 - 08:10,44,0
2023-01-05 03:35:00,0.00473695,00:10 - 08:10,44,0
2023-01-05 03:36:00,0.00472811,00:10 - 08:10,44,0
2023-01-05 03:37:00,0.00472061,00:10 - 08:10,44,0
2023-01-05 03:38:00,0.00472011,00:10 - 08:10,44,0
2023-01-05 03:39:00,0.00472011,00:10 - 08:10,44,0
2023-01-05 03:40:00,0.00471561,00:10 - 08:10,44,0
2023-01-05 03:41:00,0.00471428,00:10 - 08:10,44,0
2023-01-05 03:42:00,0.00471094,00:10 - 08:10,44,0
2023-01-05 03:43:00,0.00470511,00:10 - 08:10,44,0
2023-01-05 03:44:00,0.00470028,00:10 - 08:10,44,0
2023-01-05 03:45:00,0.00469361,00:10 - 08:10,44,0
2023-01-05 03:46:00,0.00469361,00:10 - 08:10,44,0
2023-01-05 03:47:00,0.00468894,00:10 - 08:10,44,0
2023-01-05 03:48:00,0.00468494,00:10 - 08:10,44,0
2023-01-05 03:49:00,0.00468645,00:10 - 08:10,44,0
2023-01-05 03:50:00,0.00468628,00:10 - 08:10,44,0
2023-01-05 03:51:00,0.00468444,00:10 - 08:10,44,0
2023-01-05 03:52:00,0.00468228,00:10 - 08:10,44,0
2023-01-05 03:53:00,0.00468178,00:10 - 08:10,44,0
2023-01-05 03:54:00,0.00468244,00:10 - 08:10,44,0
2023-01-05 03:55:00,0.00467994,00:10 - 08:10,44,0
2023-01-05 03:56:00,0.00467961,00:10 - 08:10,44,0
2023-01-05 03:57:00,0.00467728,00:10 - 08:10,44,0
2023-01-05 03:58:00,0.00467728,00:10 - 08:10,44,0
2023-01-05 03:59:00,0.00234294,00:10 - 08:10,44,0
2023-01-05 04:00:00,0.00232445,00:10 - 08:10,44,0
2023-01-05 04:01:00,0.00232594,00:10 - 08:10,44,0
2023-01-05 04:02:00,0.00232361,00:10 - 08:10,44,0
2023-01-05 04:03:00,0.00232044,00:10 - 08:10,44,0
2023-01-05 04:04:00,0.00231794,00:10 - 08:10,44,0
2023-01-05 04:05:00,0.00231461,00:10 - 08:10,44,0
2023-01-05 04:06:00,0.00231345,00:10 - 08:10,44,0
2023-01-05 04:07:00,0.00231078,00:10 - 08:10,44,0
2023-01-05 04:08:00,0.00231011,00:10 - 08:10,44,0
2023-01-05 04:09:00,0.00231011,00:10 - 08:10,44,0
2023-01-05 04:10:00,0.00231161,00:10 - 08:10,44,0
2023-01-05 04:11:00,0.00231394,00:10 - 08:10,44,0
2023-01-05 04:12:00,0.00231378,00:10 - 08:10,44,0
2023-01-05 04:13:00,0.00231411,00:10 - 08:10,44,0
2023-01-05 04:14:00,0.00231861,00:10 - 08:10,44,0
2023-01-05 04:15:00,0.00231861,00:10 - 08:10,44,0
2023-01-05 04:16:00,0.00232461,00:10 - 08:10,44,0
2023-01-05 04:17:00,0.00232994,00:10 - 08:10,44,0
2023-01-05 04:18:00,0.00233461,00:10 - 08:10,44,0
2023-01-05 04:19:00,0.00233444,00:10 - 08:10,44,0
2023-01-05 04:20:00,0.00233861,00:10 - 08:10,44,0
2023-01-05 04:21:00,0.00233661,00:10 - 08:10,44,0
2023-01-05 04:22:00,0.00234078,00:10 - 08:10,44,0
2023-01-05 04:23:00,0.00234378,00:10 - 08:10,44,0
2023-01-05 04:24:00,0.00234895,00:10 - 08:10,44,0
2023-01-05 04:25:00,0.00235828,00:10 - 08:10,44,0
2023-01-05 04:26:00,0.00236144,00:10 - 08:10,44,0
2023-01-05 04:27:00,0.00236095,00:10 - 08:10,44,0
2023-01-05 04:28:00,0.00236361,00:10 - 08:10,44,0
2023-01-05 04:29:00,0.00235778,00:10 - 08:10,44,0
2023-01-05 04:30:00,0.00235311,00:10 - 08:10,44,0
2023-01-05 04:31:00,0.00234795,00:10 - 08:10,44,0
2023-01-05 04:32:00,0.00234795,00:10 - 08:10,44,0
2023-01-05 04:33:00,0.00234461,00:10 - 08:10,44,0
2023-01-05 04:34:00,0.00234544,00:10 - 08:10,44,0
2023-01-05 04:35:00,0.00234478,00:10 - 08:10,44,0
2023-01-05 04:36:00,0.00234245,00:10 - 08:10,44,0
2023-01-05 04:37:00,0.00234311,00:10 - 08:10,44,0
2023-01-05 04:38:00,0.00234311,00:10 - 08:10,44,0
2023-01-05 04:39:00,0.00233994,00:10 - 08:10,44,0
2023-01-05 04:40:00,0.00233711,00:10 - 08:10,44,0
2023-01-05 04:41:00,0.00233495,00:10 - 08:10,44,0
2023-01-05 04:42:00,0.00233545,00:10 - 08:10,44,0
2023-01-05 04:43:00,0.00233228,00:10 - 08:10,44,0
2023-01-05 04:44:00,0.00233228,00:10 - 08:10,44,0
2023-01-05 04:45:00,0.00233595,00:10 - 08:10,44,0
2023-01-05 04:46:00,0.00234161,00:10 - 08:10,44,0
2023-01-05 04:47:00,0.00234395,00:10 - 08:10,44,0
2023-01-05 04:48:00,0.00234944,00:10 - 08:10,44,0
2023-01-05 04:49:00,0.00235545,00:10 - 08:10,44,0
2023-01-05 04:50:00,0.00235545,00:10 - 08:10,44,0
2023-01-05 04:51:00,0.00235945,00:10 - 08:10,44,0
2023-01-05 04:52:00,0.00236028,00:10 - 08:10,44,0
2023-01-05 04:53:00,0.00236445,00:10 - 08:10,44,0
2023-01-05 04:54:00,0.00236461,00:10 - 08:10,44,0
2023-01-05 04:55:00,0.00237411,00:10 - 08:10,44,0
2023-01-05 04:56:00,0.00237411,00:10 - 08:10,44,0
2023-01-05 04:57:00,0.00238195,00:10 - 08:10,44,0
2023-01-05 04:58:00,0.00238545,00:10 - 08:10,44,0
2023-01-05 04:59:00,0.00239228,00:10 - 08:10,44,0
2023-01-05 05:00:00,0.00239311,00:10 - 08:10,44,0
2023-01-05 05:01:00,0.00239311,00:10 - 08:10,44,0
2023-01-05 05:02:00,0.00239311,00:10 - 08:10,44,0
2023-01-05 05:03:00,0.00239345,00:10 - 08:10,44,0
2023-01-05 05:04:00,0.00239678,00:10 - 08:10,44,0
2023-01-05 05:05:00,0.00239711,00:10 - 08:10,44,0
2023-01-05 05:06:00,0.00240194,00:10 - 08:10,44,0
2023-01-05 05:07:00,0.00240728,00:10 - 08:10,44,0
2023-01-05 05:08:00,0.00240728,00:10 - 08:10,44,0
2023-01-05 05:09:00,0.00241361,00:10 - 08:10,44,0
2023-01-05 05:10:00,0.00242111,00:10 - 08:10,44,0
2023-01-05 05:11:00,0.00243211,00:10 - 08:10,44,0
2023-01-05 05:12:00,0.00244161,00:10 - 08:10,44,0
2023-01-05 05:13:00,0.00244828,00:10 - 08:10,44,0
2023-01-05 05:14:00,0.00244828,00:10 - 08:10,44,0
2023-01-05 05:15:00,0.00245945,00:10 - 08:10,44,0
2023-01-05 05:16:00,0.00245945,00:10 - 08:10,44,0
2023-01-05 05:17:00,0.00248711,00:10 - 08:10,44,0
2023-01-05 05:18:00,0.00249411,00:10 - 08:10,44,0
2023-01-05 05:19:00,0.00249461,00:10 - 08:10,44,0
2023-01-05 05:20:00,0.00249461,00:10 - 08:10,44,0
2023-01-05 05:21:00,0.00248961,00:10 - 08:10,44,0
2023-01-05 05:22:00,0.00248961,00:10 - 08:10,44,0
2023-01-05 05:23:00,0.00249311,00:10 - 08:10,44,0
2023-01-05 05:24:00,0.00249711,00:10 - 08:10,44,0
2023-01-05 05:25:00,0.00249995,00:10 - 08:10,44,0
2023-01-05 05:26:00,0.00249995,00:10 - 08:10,44,0
2023-01-05 05:27:00,0.00249811,00:10 - 08:10,44,0
2023-01-05 05:28:00,0.00249411,00:10 - 08:10,44,0
2023-01-05 05:29:00,0.00249361,00:10 - 08:10,44,0
2023-01-05 05:30:00,0.00248861,00:10 - 08:10,44,0
2023-01-05 05:31:00,0.00248728,00:10 - 08:10,44,0
2023-01-05 05:32:00,0.00248728,00:10 - 08:10,44,0
2023-01-05 05:33:00,0.00248495,00:10 - 08:10,44,0
2023-01-05 05:34:00,0.00248178,00:10 - 08:10,44,0
2023-01-05 05:35:00,0.00247795,00:10 - 08:10,44,0
2023-01-05 05:36:00,0.00247911,00:10 - 08:10,44,0
2023-01-05 05:37:00,0.00248111,00:10 - 08:10,44,0
2023-01-05 05:38:00,0.00248344,00:10 - 08:10,44,0
2023-01-05 05:39:00,0.00248344,00:10 - 08:10,44,0
2023-01-05 05:40:00,0.00248195,00:10 - 08:10,44,0
2023-01-05 05:41:00,0.00248178,00:10 - 08:10,44,0
2023-01-05 05:42:00,0.00248511,00:10 - 08:10,44,0
2023-01-05 05:43:00,0.00248261,00:10 - 08:10,44,0
2023-01-05 05:44:00,0.00248228,00:10 - 08:10,44,0
2023-01-05 05:45:00,0.00248228,00:10 - 08:10,44,0
2023-01-05 05:46:00,0.00247895,00:10 - 08:10,44,0
2023-01-05 05:47:00,0.00247111,00:10 - 08:10,44,0
2023-01-05 05:48:00,0.00246645,00:10 - 08:10,44,0
2023-01-05 05:49:00,0.00246111,00:10 - 08:10,44,0
2023-01-05 05:50:00,0.00245795,00:10 - 08:10,44,0
2023-01-05 05:51:00,0.00245795,00:10 - 08:10,44,0
2023-01-05 05:52:00,0.00245211,00:10 - 08:10,44,0
2023-01-05 05:53:00,0.00244978,00:10 - 08:10,44,0
2023-01-05 05:54:00,0.00244595,00:10 - 08:10,44,0
2023-01-05 05:55:00,0.00244211,00:10 - 08:10,44,0
2023-01-05 05:56:00,0.00244211,00:10 - 08:10,44,0
2023-01-05 05:57:00,0.00243695,00:10 - 08:10,44,0
2023-01-05 05:58:00,0.00243478,00:10 - 08:10,44,0
2023-01-05 05:59:00,0.00243711,00:10 - 08:10,44,0
2023-01-05 06:00:00,0.00244028,00:10 - 08:10,44,0
2023-01-05 06:01:00,0.00244711,00:10 - 08:10,44,0
2023-01-05 06:02:00,0.00244711,00:10 - 08:10,44,0
2023-01-05 06:03:00,0.00245378,00:10 - 08:10,44,0
2023-01-05 06:04:00,0.00245661,00:10 - 08:10,44,0
2023-01-05 06:05:00,0.00245328,00:10 - 08:10,44,0
2023-01-05 06:06:00,0.00245161,00:10 - 08:10,44,0
2023-01-05 06:07:00,0.00244811,00:10 - 08:10,44,0
2023-01-05 06:08:00,0.00244811,00:10 - 08:10,44,0
2023-01-05 06:09:00,0.00244528,00:10 - 08:10,44,0
2023-01-05 06:10:00,0.00244045,00:10 - 08:10,44,0
2023-01-05 06:11:00,0.00243961,00:10 - 08:10,44,0
2023-01-05 06:12:00,0.00243661,00:10 - 08:10,44,0
2023-01-05 06:13:00,0.00244078,00:10 - 08:10,44,0
2023-01-05 06:14:00,0.00244078,00:10 - 08:10,44,0
2023-01-05 06:15:00,0.00244378,00:10 - 08:10,44,0
2023-01-05 06:16:00,0.00244428,00:10 - 08:10,44,0
2023-01-05 06:17:00,0.00244178,00:10 - 08:10,44,0
2023-01-05 06:18:00,0.00244045,00:10 - 08:10,44,0
2023-01-05 06:19:00,0.00243428,00:10 - 08:10,44,0
2023-01-05 06:20:00,0.00243428,00:10 - 08:10,44,0
2023-01-05 06:21:00,0.00242728,00:10 - 08:10,44,0
2023-01-05 06:22:00,0.00242411,00:10 - 08:10,44,0
2023-01-05 06:23:00,0.00242311,00:10 - 08:10,44,0
2023-01-05 06:24:00,0.00242444,00:10 - 08:10,44,0
2023-01-05 06:25:00,0.00242295,00:10 - 08:10,44,0
2023-01-05 06:26:00,0.00242295,00:10 - 08:10,44,0
2023-01-05 06:27:00,0.00242478,00:10 - 08:10,44,0
2023-01-05 06:28:00,0.00243094,00:10 - 08:10,44,0
2023-01-05 06:29:00,0.00243411,00:10 - 08:10,44,0
2023-01-05 06:30:00,0.00242911,00:10 - 08:10,44,0
2023-01-05 06:31:00,0.00242411,00:10 - 08:10,44,0
2023-01-05 06:32:00,0.00242411,00:10 - 08:10,44,0
2023-01-05 06:33:00,0.00241495,00:10 - 08:10,44,0
2023-01-05 06:34:00,0.00241011,00:10 - 08:10,44,0
2023-01-05 06:35:00,0.00239995,00:10 - 08:10,44,0
2023-01-05 06:36:00,0.00239461,00:10 - 08:10,44,0
2023-01-05 06:37:00,0.00238594,00:10 - 08:10,44,0
2023-01-05 06:38:00,0.00238311,00:10 - 08:10,44,0
2023-01-05 06:39:00,0.00238195,00:10 - 08:10,44,0
2023-01-05 06:40:00,0.00238195,00:10 - 08:10,44,0
2023-01-05 06:41:00,0.00238411,00:10 - 08:10,44,0
2023-01-05 06:42:00,0.00239011,00:10 - 08:10,44,0
2023-01-05 06:43:00,0.00239361,00:10 - 08:10,44,0
2023-01-05 06:44:00,0.00239095,00:10 - 08:10,44,0
2023-01-05 06:45:00,0.00239478,00:10 - 08:10,44,0
2023-01-05 06:46:00,0.00239678,00:10 - 08:10,44,0
2023-01-05 06:47:00,0.00240028,00:10 - 08:10,44,0
2023-01-05 06:48:00,0.00240561,00:10 - 08:10,44,0
2023-01-05 06:49:00,0.00240711,00:10 - 08:10,44,0
2023-01-05 06:50:00,0.00240345,00:10 - 08:10,44,0
2023-01-05 06:51:00,0.00240178,00:10 - 08:10,44,0
2023-01-05 06:52:00,0.00240111,00:10 - 08:10,44,0
2023-01-05 06:53:00,0.00240295,00:10 - 08:10,44,0
2023-01-05 06:54:00,0.00240528,00:10 - 08:10,44,0
2023-01-05 06:55:00,0.00240511,00:10 - 08:10,44,0
2023-01-05 06:56:00,0.00240478,00:10 - 08:10,44,0
2023-01-05 06:57:00,0.00240145,00:10 - 08:10,44,0
2023-01-05 06:58:00,0.00240128,00:10 - 08:10,44,0
2023-01-05 06:59:00,0.00240745,00:10 - 08:10,44,0
2023-01-05 07:00:00,0.00241211,00:10 - 08:10,44,0
2023-01-05 07:01:00,0.00241078,00:10 - 08:10,44,0
2023-01-05 07:02:00,0.00241111,00:10 - 08:10,44,0
2023-01-05 07:03:00,0.00241045,00:10 - 08:10,44,0
2023-01-05 07:04:00,0.00240728,00:10 - 08:10,44,0
2023-01-05 07:05:00,0.00240645,00:10 - 08:10,44,0
2023-01-05 07:06:00,0.00240444,00:10 - 08:10,44,0
2023-01-05 07:07:00,0.00240345,00:10 - 08:10,44,0
2023-01-05 07:08:00,0.00240511,00:10 - 08:10,44,0
2023-01-05 07:09:00,0.00240494,00:10 - 08:10,44,0
2023-01-05 07:10:00,0.00240778,00:10 - 08:10,44,0
2023-01-05 07:11:00,0.00241178,00:10 - 08:10,44,0
2023-01-05 07:12:00,0.00241645,00:10 - 08:10,44,0
2023-01-05 07:13:00,0.00241895,00:10 - 08:10,44,0
2023-01-05 07:14:00,0.00241878,00:10 - 08:10,44,0
2023-01-05 07:15:00,0.00241878,00:10 - 08:10,44,0
2023-01-05 07:16:00,0.00241945,00:10 - 08:10,44,0
2023-01-05 07:17:00,0.00241761,00:10 - 08:10,44,0
2023-01-05 07:18:00,0.00241611,00:10 - 08:10,44,0
2023-01-05 07:19:00,0.00241194,00:10 - 08:10,44,0
2023-01-05 07:20:00,0.00240811,00:10 - 08:10,44,0
2023-01-05 07:21:00,0.00240811,00:10 - 08:10,44,0
2023-01-05 07:22:00,0.00240928,00:10 - 08:10,44,0
2023-01-05 07:23:00,0.00240611,00:10 - 08:10,44,0
2023-01-05 07:24:00,0.00240044,00:10 - 08:10,44,0
2023-01-05 07:25:00,0.00239145,00:10 - 08:10,44,0
2023-01-05 07:26:00,0.00238461,00:10 - 08:10,44,0
2023-01-05 07:27:00,0.00238461,00:10 - 08:10,44,0
2023-01-05 07:28:00,0.00237495,00:10 - 08:10,44,0
2023-01-05 07:29:00,0.00237411,00:10 - 08:10,44,0
2023-01-05 07:30:00,0.00237745,00:10 - 08:10,44,0
2023-01-05 07:31:00,0.00239161,00:10 - 08:10,44,0
2023-01-05 07:32:00,0.00240194,00:10 - 08:10,44,0
2023-01-05 07:33:00,0.00240111,00:10 - 08:10,44,0
2023-01-05 07:34:00,0.00241678,00:10 - 08:10,44,0
2023-01-05 07:35:00,0.00242844,00:10 - 08:10,44,0
2023-01-05 07:36:00,0.00244078,00:10 - 08:10,44,0
2023-01-05 07:37:00,0.00245495,00:10 - 08:10,44,0
2023-01-05 07:38:00,0.00246861,00:10 - 08:10,44,0
2023-01-05 07:39:00,0.00246861,00:10 - 08:10,44,0
2023-01-05 07:40:00,0.00247445,00:10 - 08:10,44,0
2023-01-05 07:41:00,0.00247928,00:10 - 08:10,44,0
2023-01-05 07:42:00,0.00248545,00:10 - 08:10,44,0
2023-01-05 07:43:00,0.00248861,00:10 - 08:10,44,0
2023-01-05 07:44:00,0.00248861,00:10 - 08:10,44,0
2023-01-05 07:45:00,0.00249028,00:10 - 08:10,44,0
2023-01-05 07:46:00,0.00249228,00:10 - 08:10,44,0
2023-01-05 07:47:00,0.00249511,00:10 - 08:10,44,0
2023-01-05 07:48:00,0.00250261,00:10 - 08:10,44,0
2023-01-05 07:49:00,0.00250544,00:10 - 08:10,44,0
2023-01-05 07:50:00,0.00251228,00:10 - 08:10,44,0
2023-01-05 07:51:00,0.00251228,00:10 - 08:10,44,0
2023-01-05 07:52:00,0.00252211,00:10 - 08:10,44,0
2023-01-05 07:53:00,0.00253495,00:10 - 08:10,44,0
2023-01-05 07:54:00,0.00254528,00:10 - 08:10,44,0
2023-01-05 07:55:00,0.00255561,00:10 - 08:10,44,0
2023-01-05 07:56:00,0.00256928,00:10 - 08:10,44,0
2023-01-05 07:57:00,0.00256928,00:10 - 08:10,44,0
2023-01-05 07:58:00,0.00258578,00:10 - 08:10,44,0
2023-01-05 07:59:00,0.00259678,00:10 - 08:10,44,0
2023-01-05 08:00:00,0.00474244,00:10 - 08:10,44,0
2023-01-05 08:01:00,-0.00489023,00:10 - 08:10,44,0
2023-01-05 08:02:00,-0.00374023,00:10 - 08:10,44,0
2023-01-05 08:03:00,-0.00405956,00:10 - 08:10,44,0
2023-01-05 08:04:00,-0.00378173,00:10 - 08:10,44,0
2023-01-05 08:05:00,-0.0038084,00:10 - 08:10,44,0
2023-01-05 08:06:00,-0.00391456,00:10 - 08:10,44,0
2023-01-05 08:07:00,-0.00400223,00:10 - 08:10,44,0
2023-01-05 08:08:00,-0.00376873,00:10 - 08:10,44,0
2023-01-05 08:09:00,-0.00356873,00:10 - 08:10,44,0
2023-01-05 08:10:00,-0.0029889,08:10 - 16:10,45,0
2023-01-05 08:11:00,-0.0029274,08:10 - 16:10,45,0
2023-01-05 08:12:00,-0.00261423,08:10 - 16:10,45,0
2023-01-05 08:13:00,-0.00234006,08:10 - 16:10,45,0
2023-01-05 08:14:00,-0.00213256,08:10 - 16:10,45,0
2023-01-05 08:15:00,-0.0019659,08:10 - 16:10,45,0
2023-01-05 08:16:00,-0.00169406,08:10 - 16:10,45,0
2023-01-05 08:17:00,-0.00146906,08:10 - 16:10,45,0
2023-01-05 08:18:00,-0.00116356,08:10 - 16:10,45,0
2023-01-05 08:19:00,-0.00087756,08:10 - 16:10,45,0
2023-01-05 08:20:00,-0.0005719,08:10 - 16:10,45,0
2023-01-05 08:21:00,-0.00023856,08:10 - 16:10,45,0
2023-01-05 08:22:00,1.427e-05,08:10 - 16:10,45,0
2023-01-05 08:23:00,0.00024944,08:10 - 16:10,45,0
2023-01-05 08:24:00,0.00030027,08:10 - 16:10,45,0
2023-01-05 08:25:00,0.00037077,08:10 - 16:10,45,0
2023-01-05 08:26:00,0.0004691,08:10 - 16:10,45,0
2023-01-05 08:27:00,0.00055244,08:10 - 16:10,45,0
2023-01-05 08:28:00,0.0005761,08:10 - 16:10,45,0
2023-01-05 08:29:00,0.00067144,08:10 - 16:10,45,0
2023-01-05 08:30:00,0.00073094,08:10 - 16:10,45,0
2023-01-05 08:31:00,0.00085094,08:10 - 16:10,45,0
2023-01-05 08:32:00,0.00096877,08:10 - 16:10,45,0
2023-01-05 08:33:00,0.00108544,08:10 - 16:10,45,0
2023-01-05 08:34:00,0.00123377,08:10 - 16:10,45,0
2023-01-05 08:35:00,0.00134994,08:10 - 16:10,45,0
2023-01-05 08:36:00,0.00149977,08:10 - 16:10,45,0
2023-01-05 08:37:00,0.00166394,08:10 - 16:10,45,0
2023-01-05 08:38:00,0.00181027,08:10 - 16:10,45,0
2023-01-05 08:39:00,0.00197694,08:10 - 16:10,45,0
2023-01-05 08:40:00,0.0019921,08:10 - 16:10,45,0
2023-01-05 08:41:00,0.0021121,08:10 - 16:10,45,0
2023-01-05 08:42:00,0.00221494,08:10 - 16:10,45,0
2023-01-05 08:43:00,0.0022251,08:10 - 16:10,45,0
2023-01-05 08:44:00,0.00230844,08:10 - 16:10,45,0
2023-01-05 08:45:00,0.00234844,08:10 - 16:10,45,0
2023-01-05 08:46:00,0.00242044,08:10 - 16:10,45,0
2023-01-05 08:47:00,0.00242344,08:10 - 16:10,45,0
2023-01-05 08:48:00,0.00242694,08:10 - 16:10,45,0
2023-01-05 08:49:00,0.0024011,08:10 - 16:10,45,0
2023-01-05 08:50:00,0.00236777,08:10 - 16:10,45,0
2023-01-05 08:51:00,0.00237727,08:10 - 16:10,45,0
2023-01-05 08:52:00,0.0024606,08:10 - 16:10,45,0
2023-01-05 08:53:00,0.00256044,08:10 - 16:10,45,0
2023-01-05 08:54:00,0.0026851,08:10 - 16:10,45,0
2023-01-05 08:55:00,0.0027616,08:10 - 16:10,45,0
2023-01-05 08:56:00,0.0028616,08:10 - 16:10,45,0
2023-01-05 08:57:00,0.0029546,08:10 - 16:10,45,0
2023-01-05 08:58:00,0.00300994,08:10 - 16:10,45,0
2023-01-05 08:59:00,0.00307927,08:10 - 16:10,45,0
2023-01-05 09:00:00,0.00312944,08:10 - 16:10,45,0
2023-01-05 09:01:00,0.00321294,08:10 - 16:10,45,0
2023-01-05 09:02:00,0.0033186,08:10 - 16:10,45,0
2023-01-05 09:03:00,0.00339144,08:10 - 16:10,45,0
2023-01-05 09:04:00,0.00346277,08:10 - 16:10,45,0
2023-01-05 09:05:00,0.00353344,08:10 - 16:10,45,0
2023-01-05 09:06:00,0.00355044,08:10 - 16:10,45,0
2023-01-05 09:07:00,0.00357527,08:10 - 16:10,45,0
2023-01-05 09:08:00,0.00366044,08:10 - 16:10,45,0
2023-01-05 09:09:00,0.0036966,08:10 - 16:10,45,0
2023-01-05 09:10:00,0.00367677,08:10 - 16:10,45,0
2023-01-05 09:11:00,0.00362944,08:10 - 16:10,45,0
2023-01-05 09:12:00,0.0036151,08:10 - 16:10,45,0
2023-01-05 09:13:00,0.00360494,08:10 - 16:10,45,0
2023-01-05 09:14:00,0.00360027,08:10 - 16:10,45,0
2023-01-05 09:15:00,0.0035941,08:10 - 16:10,45,0
2023-01-05 09:16:00,0.0035811,08:10 - 16:10,45,0
2023-01-05 09:17:00,0.00357227,08:10 - 16:10,45,0
2023-01-05 09:18:00,0.00357344,08:10 - 16:10,45,0
2023-01-05 09:19:00,0.00358477,08:10 - 16:10,45,0
2023-01-05 09:20:00,0.0036146,08:10 - 16:10,45,0
2023-01-05 09:21:00,0.00361677,08:10 - 16:10,45,0
2023-01-05 09:22:00,0.00361444,08:10 - 16:10,45,0
2023-01-05 09:23:00,0.00362644,08:10 - 16:10,45,0
2023-01-05 09:24:00,0.00362494,08:10 - 16:10,45,0
2023-01-05 09:25:00,0.00362527,08:10 - 16:10,45,0
2023-01-05 09:26:00,0.00364344,08:10 - 16:10,45,0
2023-01-05 09:27:00,0.00367677,08:10 - 16:10,45,0
2023-01-05 09:28:00,0.00369394,08:10 - 16:10,45,0
2023-01-05 09:29:00,0.00375594,08:10 - 16:10,45,0
2023-01-05 09:30:00,0.00378227,08:10 - 16:10,45,0
2023-01-05 09:31:00,0.0038091,08:10 - 16:10,45,0
2023-01-05 09:32:00,0.00379244,08:10 - 16:10,45,0
2023-01-05 09:33:00,0.00382077,08:10 - 16:10,45,0
2023-01-05 09:34:00,0.0038621,08:10 - 16:10,45,0
2023-01-05 09:35:00,0.00386827,08:10 - 16:10,45,0
2023-01-05 09:36:00,0.00387694,08:10 - 16:10,45,0
2023-01-05 09:37:00,0.0038946,08:10 - 16:10,45,0
2023-01-05 09:38:00,0.0039446,08:10 - 16:10,45,0
2023-01-05 09:39:00,0.00393727,08:10 - 16:10,45,0
2023-01-05 09:40:00,0.00395394,08:10 - 16:10,45,0
2023-01-05 09:41:00,0.00395294,08:10 - 16:10,45,0
2023-01-05 09:42:00,0.00394844,08:10 - 16:10,45,0
2023-01-05 09:43:00,0.0039696,08:10 - 16:10,45,0
2023-01-05 09:44:00,0.00396944,08:10 - 16:10,45,0
2023-01-05 09:45:00,0.00400344,08:10 - 16:10,45,0
2023-01-05 09:46:00,0.0040331,08:10 - 16:10,45,0
2023-01-05 09:47:00,0.00404794,08:10 - 16:10,45,0
2023-01-05 09:48:00,0.0040811,08:10 - 16:10,45,0
2023-01-05 09:49:00,0.0040811,08:10 - 16:10,45,0
2023-01-05 09:50:00,0.00409827,08:10 - 16:10,45,0
2023-01-05 09:51:00,0.00412077,08:10 - 16:10,45,0
2023-01-05 09:52:00,0.00411794,08:10 - 16:10,45,0
2023-01-05 09:53:00,0.00413744,08:10 - 16:10,45,0
2023-01-05 09:54:00,0.0041446,08:10 - 16:10,45,0
2023-01-05 09:55:00,0.0041446,08:10 - 16:10,45,0
2023-01-05 09:56:00,0.00414944,08:10 - 16:10,45,0
2023-01-05 09:57:00,0.00417444,08:10 - 16:10,45,0
2023-01-05 09:58:00,0.00417794,08:10 - 16:10,45,0
2023-01-05 09:59:00,0.00417794,08:10 - 16:10,45,0
2023-01-05 10:00:00,0.00421044,08:10 - 16:10,45,0
2023-01-05 10:01:00,0.00422727,08:10 - 16:10,45,0
2023-01-05 10:02:00,0.00425177,08:10 - 16:10,45,0
2023-01-05 10:03:00,0.00429094,08:10 - 16:10,45,0
2023-01-05 10:04:00,0.00431577,08:10 - 16:10,45,0
2023-01-05 10:05:00,0.00433694,08:10 - 16:10,45,0
2023-01-05 10:06:00,0.0043591,08:10 - 16:10,45,0
2023-01-05 10:07:00,0.00438044,08:10 - 16:10,45,0
2023-01-05 10:08:00,0.00440894,08:10 - 16:10,45,0
2023-01-05 10:09:00,0.00443294,08:10 - 16:10,45,0
2023-01-05 10:10:00,0.0045001,08:10 - 16:10,45,0
2023-01-05 10:11:00,0.00455644,08:10 - 16:10,45,0
2023-01-05 10:12:00,0.00460644,08:10 - 16:10,45,0
2023-01-05 10:13:00,0.00467827,08:10 - 16:10,45,0
2023-01-05 10:14:00,0.0047281,08:10 - 16:10,45,0
2023-01-05 10:15:00,0.00479477,08:10 - 16:10,45,0
2023-01-05 10:16:00,0.0048446,08:10 - 16:10,45,0
2023-01-05 10:17:00,0.0049166,08:10 - 16:10,45,0
2023-01-05 10:18:00,0.00498327,08:10 - 16:10,45,0
2023-01-05 10:19:00,0.00505394,08:10 - 16:10,45,0
2023-01-05 10:20:00,0.00510527,08:10 - 16:10,45,0
2023-01-05 10:21:00,0.0051601,08:10 - 16:10,45,0
2023-01-05 10:22:00,0.00522794,08:10 - 16:10,45,0
2023-01-05 10:23:00,0.00530644,08:10 - 16:10,45,0
2023-01-05 10:24:00,0.00535644,08:10 - 16:10,45,0
2023-01-05 10:25:00,0.00540144,08:10 - 16:10,45,0
2023-01-05 10:26:00,0.00544844,08:10 - 16:10,45,0
2023-01-05 10:27:00,0.00544294,08:10 - 16:10,45,0
2023-01-05 10:28:00,0.00543177,08:10 - 16:10,45,0
2023-01-05 10:29:00,0.00543177,08:10 - 16:10,45,0
2023-01-05 10:30:00,0.0054196,08:10 - 16:10,45,0
2023-01-05 10:31:00,0.00541194,08:10 - 16:10,45,0
2023-01-05 10:32:00,0.00540377,08:10 - 16:10,45,0
2023-01-05 10:33:00,0.00539627,08:10 - 16:10,45,0
2023-01-05 10:34:00,0.00539477,08:10 - 16:10,45,0
2023-01-05 10:35:00,0.00539477,08:10 - 16:10,45,0
2023-01-05 10:36:00,0.00539127,08:10 - 16:10,45,0
2023-01-05 10:37:00,0.00539244,08:10 - 16:10,45,0
2023-01-05 10:38:00,0.00539577,08:10 - 16:10,45,0
2023-01-05 10:39:00,0.00540244,08:10 - 16:10,45,0
2023-01-05 10:40:00,0.00540244,08:10 - 16:10,45,0
2023-01-05 10:41:00,0.00540644,08:10 - 16:10,45,0
2023-01-05 10:42:00,0.0054026,08:10 - 16:10,45,0
2023-01-05 10:43:00,0.00539744,08:10 - 16:10,45,0
2023-01-05 10:44:00,0.00539477,08:10 - 16:10,45,0
2023-01-05 10:45:00,0.0053901,08:10 - 16:10,45,0
2023-01-05 10:46:00,0.0053901,08:10 - 16:10,45,0
2023-01-05 10:47:00,0.0053841,08:10 - 16:10,45,0
2023-01-05 10:48:00,0.00537727,08:10 - 16:10,45,0
2023-01-05 10:49:00,0.0053676,08:10 - 16:10,45,0
2023-01-05 10:50:00,0.0053586,08:10 - 16:10,45,0
2023-01-05 10:51:00,0.00534977,08:10 - 16:10,45,0
2023-01-05 10:52:00,0.00534977,08:10 - 16:10,45,0
2023-01-05 10:53:00,0.00533994,08:10 - 16:10,45,0
2023-01-05 10:54:00,0.00533527,08:10 - 16:10,45,0
2023-01-05 10:55:00,0.00532794,08:10 - 16:10,45,0
2023-01-05 10:56:00,0.00531927,08:10 - 16:10,45,0
2023-01-05 10:57:00,0.00531927,08:10 - 16:10,45,0
2023-01-05 10:58:00,0.0053061,08:10 - 16:10,45,0
2023-01-05 10:59:00,0.00529177,08:10 - 16:10,45,0
2023-01-05 11:00:00,0.0052736,08:10 - 16:10,45,0
2023-01-05 11:01:00,0.00525727,08:10 - 16:10,45,0
2023-01-05 11:02:00,0.00524427,08:10 - 16:10,45,0
2023-01-05 11:03:00,0.00524427,08:10 - 16:10,45,0
2023-01-05 11:04:00,0.00523377,08:10 - 16:10,45,0
2023-01-05 11:05:00,0.00522677,08:10 - 16:10,45,0
2023-01-05 11:06:00,0.0052196,08:10 - 16:10,45,0
2023-01-05 11:07:00,0.00520877,08:10 - 16:10,45,0
2023-01-05 11:08:00,0.0051986,08:10 - 16:10,45,0
2023-01-05 11:09:00,0.0051986,08:10 - 16:10,45,0
2023-01-05 11:10:00,0.0051861,08:10 - 16:10,45,0
2023-01-05 11:11:00,0.00517277,08:10 - 16:10,45,0
2023-01-05 11:12:00,0.0051596,08:10 - 16:10,45,0
2023-01-05 11:13:00,0.0051461,08:10 - 16:10,45,0
2023-01-05 11:14:00,0.0051461,08:10 - 16:10,45,0
2023-01-05 11:15:00,0.00513144,08:10 - 16:10,45,0
2023-01-05 11:16:00,0.00512044,08:10 - 16:10,45,0
2023-01-05 11:17:00,0.00511127,08:10 - 16:10,45,0
2023-01-05 11:18:00,0.00510227,08:10 - 16:10,45,0
2023-01-05 11:19:00,0.0050936,08:10 - 16:10,45,0
2023-01-05 11:20:00,0.0050936,08:10 - 16:10,45,0
2023-01-05 11:21:00,0.0050816,08:10 - 16:10,45,0
2023-01-05 11:22:00,0.0050686,08:10 - 16:10,45,0
2023-01-05 11:23:00,0.00505327,08:10 - 16:10,45,0
2023-01-05 11:24:00,0.00503927,08:10 - 16:10,45,0
2023-01-05 11:25:00,0.00502777,08:10 - 16:10,45,0
2023-01-05 11:26:00,0.00502777,08:10 - 16:10,45,0
2023-01-05 11:27:00,0.00501794,08:10 - 16:10,45,0
2023-01-05 11:28:00,0.0050131,08:10 - 16:10,45,0
2023-01-05 11:29:00,0.00500627,08:10 - 16:10,45,0
2023-01-05 11:30:00,0.0049981,08:10 - 16:10,45,0
2023-01-05 11:31:00,0.0049981,08:10 - 16:10,45,0
2023-01-05 11:32:00,0.0049906,08:10 - 16:10,45,0
2023-01-05 11:33:00,0.00498327,08:10 - 16:10,45,0
2023-01-05 11:34:00,0.0049716,08:10 - 16:10,45,0
2023-01-05 11:35:00,0.00496694,08:10 - 16:10,45,0
2023-01-05 11:36:00,0.0049651,08:10 - 16:10,45,0
2023-01-05 11:37:00,0.00496544,08:10 - 16:10,45,0
2023-01-05 11:38:00,0.00496577,08:10 - 16:10,45,0
2023-01-05 11:39:00,0.00496977,08:10 - 16:10,45,0
2023-01-05 11:40:00,0.00497194,08:10 - 16:10,45,0
2023-01-05 11:41:00,0.00497394,08:10 - 16:10,45,0
2023-01-05 11:42:00,0.00497827,08:10 - 16:10,45,0
2023-01-05 11:43:00,0.00497827,08:10 - 16:10,45,0
2023-01-05 11:44:00,0.00498077,08:10 - 16:10,45,0
2023-01-05 11:45:00,0.00498527,08:10 - 16:10,45,0
2023-01-05 11:46:00,0.00499494,08:10 - 16:10,45,0
2023-01-05 11:47:00,0.0050051,08:10 - 16:10,45,0
2023-01-05 11:48:00,0.0050051,08:10 - 16:10,45,0
2023-01-05 11:49:00,0.0050111,08:10 - 16:10,45,0
2023-01-05 11:50:00,0.0050156,08:10 - 16:10,45,0
2023-01-05 11:51:00,0.0050206,08:10 - 16:10,45,0
2023-01-05 11:52:00,0.0050206,08:10 - 16:10,45,0
2023-01-05 11:53:00,0.0050191,08:10 - 16:10,45,0
2023-01-05 11:54:00,0.0050191,08:10 - 16:10,45,0
2023-01-05 11:55:00,0.00502094,08:10 - 16:10,45,0
2023-01-05 11:56:00,0.00502427,08:10 - 16:10,45,0
2023-01-05 11:57:00,0.0050306,08:10 - 16:10,45,0
2023-01-05 11:58:00,0.00503177,08:10 - 16:10,45,0
2023-01-05 11:59:00,0.00662777,08:10 - 16:10,45,0
2023-01-05 12:00:00,0.0066291,08:10 - 16:10,45,0
2023-01-05 12:01:00,0.0066406,08:10 - 16:10,45,0
2023-01-05 12:02:00,0.0066511,08:10 - 16:10,45,0
2023-01-05 12:03:00,0.0066566,08:10 - 16:10,45,0
2023-01-05 12:04:00,0.00666694,08:10 - 16:10,45,0
2023-01-05 12:05:00,0.00666777,08:10 - 16:10,45,0
2023-01-05 12:06:00,0.0066756,08:10 - 16:10,45,0
2023-01-05 12:07:00,0.00668044,08:10 - 16:10,45,0
2023-01-05 12:08:00,0.00668594,08:10 - 16:10,45,0
2023-01-05 12:09:00,0.00668444,08:10 - 16:10,45,0
2023-01-05 12:10:00,0.00668077,08:10 - 16:10,45,0
2023-01-05 12:11:00,0.00668094,08:10 - 16:10,45,0
2023-01-05 12:12:00,0.00667827,08:10 - 16:10,45,0
2023-01-05 12:13:00,0.0066756,08:10 - 16:10,45,0
2023-01-05 12:14:00,0.00666827,08:10 - 16:10,45,0
2023-01-05 12:15:00,0.00666577,08:10 - 16:10,45,0
2023-01-05 12:16:00,0.0066636,08:10 - 16:10,45,0
2023-01-05 12:17:00,0.0066636,08:10 - 16:10,45,0
2023-01-05 12:18:00,0.00666994,08:10 - 16:10,45,0
2023-01-05 12:19:00,0.00667477,08:10 - 16:10,45,0
2023-01-05 12:20:00,0.0066716,08:10 - 16:10,45,0
2023-01-05 12:21:00,0.0066681,08:10 - 16:10,45,0
2023-01-05 12:22:00,0.0066686,08:10 - 16:10,45,0
2023-01-05 12:23:00,0.00666844,08:10 - 16:10,45,0
2023-01-05 12:24:00,0.00666894,08:10 - 16:10,45,0
2023-01-05 12:25:00,0.0066731,08:10 - 16:10,45,0
2023-01-05 12:26:00,0.00665927,08:10 - 16:10,45,0
2023-01-05 12:27:00,0.0066476,08:10 - 16:10,45,0
2023-01-05 12:28:00,0.0066476,08:10 - 16:10,45,0
2023-01-05 12:29:00,0.0066411,08:10 - 16:10,45,0
2023-01-05 12:30:00,0.00663644,08:10 - 16:10,45,0
2023-01-05 12:31:00,0.00662777,08:10 - 16:10,45,0
2023-01-05 12:32:00,0.0066286,08:10 - 16:10,45,0
2023-01-05 12:33:00,0.0066286,08:10 - 16:10,45,0
2023-01-05 12:34:00,0.0066316,08:10 - 16:10,45,0
2023-01-05 12:35:00,0.00663294,08:10 - 16:10,45,0
2023-01-05 12:36:00,0.00663644,08:10 - 16:10,45,0
2023-01-05 12:37:00,0.0066386,08:10 - 16:10,45,0
2023-01-05 12:38:00,0.00663644,08:10 - 16:10,45,0
2023-01-05 12:39:00,0.00663644,08:10 - 16:10,45,0
2023-01-05 12:40:00,0.00663394,08:10 - 16:10,45,0
2023-01-05 12:41:00,0.0066356,08:10 - 16:10,45,0
2023-01-05 12:42:00,0.00663594,08:10 - 16:10,45,0
2023-01-05 12:43:00,0.00663827,08:10 - 16:10,45,0
2023-01-05 12:44:00,0.00664194,08:10 - 16:10,45,0
2023-01-05 12:45:00,0.00664194,08:10 - 16:10,45,0
2023-01-05 12:46:00,0.00664277,08:10 - 16:10,45,0
2023-01-05 12:47:00,0.00663994,08:10 - 16:10,45,0
2023-01-05 12:48:00,0.0066376,08:10 - 16:10,45,0
2023-01-05 12:49:00,0.00664027,08:10 - 16:10,45,0
2023-01-05 12:50:00,0.00664027,08:10 - 16:10,45,0
2023-01-05 12:51:00,0.00664577,08:10 - 16:10,45,0
2023-01-05 12:52:00,0.0066531,08:10 - 16:10,45,0
2023-01-05 12:53:00,0.00665694,08:10 - 16:10,45,0
2023-01-05 12:54:00,0.00665477,08:10 - 16:10,45,0
2023-01-05 12:55:00,0.00665394,08:10 - 16:10,45,0
2023-01-05 12:56:00,0.00665394,08:10 - 16:10,45,0
2023-01-05 12:57:00,0.0066526,08:10 - 16:10,45,0
2023-01-05 12:58:00,0.0066526,08:10 - 16:10,45,0
2023-01-05 12:59:00,0.00664727,08:10 - 16:10,45,0
2023-01-05 13:00:00,0.00664344,08:10 - 16:10,45,0
2023-01-05 13:01:00,0.00663794,08:10 - 16:10,45,0
2023-01-05 13:02:00,0.00663794,08:10 - 16:10,45,0
2023-01-05 13:03:00,0.00663427,08:10 - 16:10,45,0
2023-01-05 13:04:00,0.00662727,08:10 - 16:10,45,0
2023-01-05 13:05:00,0.00661927,08:10 - 16:10,45,0
2023-01-05 13:06:00,0.00660944,08:10 - 16:10,45,0
2023-01-05 13:07:00,0.00660944,08:10 - 16:10,45,0
2023-01-05 13:08:00,0.00660094,08:10 - 16:10,45,0
2023-01-05 13:09:00,0.00659144,08:10 - 16:10,45,0
2023-01-05 13:10:00,0.0065841,08:10 - 16:10,45,0
2023-01-05 13:11:00,0.00658127,08:10 - 16:10,45,0
2023-01-05 13:12:00,0.00657327,08:10 - 16:10,45,0
2023-01-05 13:13:00,0.0065686,08:10 - 16:10,45,0
2023-01-05 13:14:00,0.0065621,08:10 - 16:10,45,0
2023-01-05 13:15:00,0.00656094,08:10 - 16:10,45,0
2023-01-05 13:16:00,0.0065641,08:10 - 16:10,45,0
2023-01-05 13:17:00,0.00656444,08:10 - 16:10,45,0
2023-01-05 13:18:00,0.00656444,08:10 - 16:10,45,0
2023-01-05 13:19:00,0.00656027,08:10 - 16:10,45,0
2023-01-05 13:20:00,0.00655877,08:10 - 16:10,45,0
2023-01-05 13:21:00,0.00655544,08:10 - 16:10,45,0
2023-01-05 13:22:00,0.0065546,08:10 - 16:10,45,0
2023-01-05 13:23:00,0.0065561,08:10 - 16:10,45,0
2023-01-05 13:24:00,0.0065561,08:10 - 16:10,45,0
2023-01-05 13:25:00,0.0065546,08:10 - 16:10,45,0
2023-01-05 13:26:00,0.0065496,08:10 - 16:10,45,0
2023-01-05 13:27:00,0.00654277,08:10 - 16:10,45,0
2023-01-05 13:28:00,0.00654277,08:10 - 16:10,45,0
2023-01-05 13:29:00,0.00652894,08:10 - 16:10,45,0
2023-01-05 13:30:00,0.00652894,08:10 - 16:10,45,0
2023-01-05 13:31:00,0.00652894,08:10 - 16:10,45,0
2023-01-05 13:32:00,0.00654394,08:10 - 16:10,45,0
2023-01-05 13:33:00,0.00654544,08:10 - 16:10,45,0
2023-01-05 13:34:00,0.00654594,08:10 - 16:10,45,0
2023-01-05 13:35:00,0.0065426,08:10 - 16:10,45,0
2023-01-05 13:36:00,0.0065426,08:10 - 16:10,45,0
2023-01-05 13:37:00,0.00653627,08:10 - 16:10,45,0
2023-01-05 13:38:00,0.00653077,08:10 - 16:10,45,0
2023-01-05 13:39:00,0.00651927,08:10 - 16:10,45,0
2023-01-05 13:40:00,0.00651444,08:10 - 16:10,45,0
2023-01-05 13:41:00,0.00651444,08:10 - 16:10,45,0
2023-01-05 13:42:00,0.0065121,08:10 - 16:10,45,0
2023-01-05 13:43:00,0.00651727,08:10 - 16:10,45,0
2023-01-05 13:44:00,0.0065191,08:10 - 16:10,45,0
2023-01-05 13:45:00,0.00651944,08:10 - 16:10,45,0
2023-01-05 13:46:00,0.00653027,08:10 - 16:10,45,0
2023-01-05 13:47:00,0.00653027,08:10 - 16:10,45,0
2023-01-05 13:48:00,0.0065321,08:10 - 16:10,45,0
2023-01-05 13:49:00,0.00653477,08:10 - 16:10,45,0
2023-01-05 13:50:00,0.00653494,08:10 - 16:10,45,0
2023-01-05 13:51:00,0.00653394,08:10 - 16:10,45,0
2023-01-05 13:52:00,0.00652944,08:10 - 16:10,45,0
2023-01-05 13:53:00,0.00652944,08:10 - 16:10,45,0
2023-01-05 13:54:00,0.00652594,08:10 - 16:10,45,0
2023-01-05 13:55:00,0.0065211,08:10 - 16:10,45,0
2023-01-05 13:56:00,0.00652494,08:10 - 16:10,45,0
2023-01-05 13:57:00,0.0065276,08:10 - 16:10,45,0
2023-01-05 13:58:00,0.0065276,08:10 - 16:10,45,0
2023-01-05 13:59:00,0.0065281,08:10 - 16:10,45,0
2023-01-05 14:00:00,0.00651794,08:10 - 16:10,45,0
2023-01-05 14:01:00,0.0065296,08:10 - 16:10,45,0
2023-01-05 14:02:00,0.0065331,08:10 - 16:10,45,0
2023-01-05 14:03:00,0.00653877,08:10 - 16:10,45,0
2023-01-05 14:04:00,0.0065386,08:10 - 16:10,45,0
2023-01-05 14:05:00,0.0065461,08:10 - 16:10,45,0
2023-01-05 14:06:00,0.00655194,08:10 - 16:10,45,0
2023-01-05 14:07:00,0.00656027,08:10 - 16:10,45,0
2023-01-05 14:08:00,0.00656427,08:10 - 16:10,45,0
2023-01-05 14:09:00,0.00656427,08:10 - 16:10,45,0
2023-01-05 14:10:00,0.00657094,08:10 - 16:10,45,0
2023-01-05 14:11:00,0.0065756,08:10 - 16:10,45,0
2023-01-05 14:12:00,0.0065756,08:10 - 16:10,45,0
2023-01-05 14:13:00,0.0065896,08:10 - 16:10,45,0
2023-01-05 14:14:00,0.00659644,08:10 - 16:10,45,0
2023-01-05 14:15:00,0.00659644,08:10 - 16:10,45,0
2023-01-05 14:16:00,0.0066101,08:10 - 16:10,45,0
2023-01-05 14:17:00,0.00662627,08:10 - 16:10,45,0
2023-01-05 14:18:00,0.0066426,08:10 - 16:10,45,0
2023-01-05 14:19:00,0.0066541,08:10 - 16:10,45,0
2023-01-05 14:20:00,0.00665377,08:10 - 16:10,45,0
2023-01-05 14:21:00,0.00665377,08:10 - 16:10,45,0
2023-01-05 14:22:00,0.00664744,08:10 - 16:10,45,0
2023-01-05 14:23:00,0.0066441,08:10 - 16:10,45,0
2023-01-05 14:24:00,0.00663477,08:10 - 16:10,45,0
2023-01-05 14:25:00,0.0066271,08:10 - 16:10,45,0
2023-01-05 14:26:00,0.0066271,08:10 - 16:10,45,0
2023-01-05 14:27:00,0.00662277,08:10 - 16:10,45,0
2023-01-05 14:28:00,0.00662444,08:10 - 16:10,45,0
2023-01-05 14:29:00,0.00662594,08:10 - 16:10,45,0
2023-01-05 14:30:00,0.0066261,08:10 - 16:10,45,0
2023-01-05 14:31:00,0.00662744,08:10 - 16:10,45,0
2023-01-05 14:32:00,0.00662744,08:10 - 16:10,45,0
2023-01-05 14:33:00,0.00662377,08:10 - 16:10,45,0
2023-01-05 14:34:00,0.00661544,08:10 - 16:10,45,0
2023-01-05 14:35:00,0.0066166,08:10 - 16:10,45,0
2023-01-05 14:36:00,0.00660894,08:10 - 16:10,45,0
2023-01-05 14:37:00,0.00661094,08:10 - 16:10,45,0
2023-01-05 14:38:00,0.00661444,08:10 - 16:10,45,0
2023-01-05 14:39:00,0.00661794,08:10 - 16:10,45,0
2023-01-05 14:40:00,0.00662327,08:10 - 16:10,45,0
2023-01-05 14:41:00,0.00662377,08:10 - 16:10,45,0
2023-01-05 14:42:00,0.0066216,08:10 - 16:10,45,0
2023-01-05 14:43:00,0.00662427,08:10 - 16:10,45,0
2023-01-05 14:44:00,0.00662127,08:10 - 16:10,45,0
2023-01-05 14:45:00,0.0066236,08:10 - 16:10,45,0
2023-01-05 14:46:00,0.00661577,08:10 - 16:10,45,0
2023-01-05 14:47:00,0.00661077,08:10 - 16:10,45,0
2023-01-05 14:48:00,0.0066071,08:10 - 16:10,45,0
2023-01-05 14:49:00,0.0066076,08:10 - 16:10,45,0
2023-01-05 14:50:00,0.00660994,08:10 - 16:10,45,0
2023-01-05 14:51:00,0.0066151,08:10 - 16:10,45,0
2023-01-05 14:52:00,0.0066196,08:10 - 16:10,45,0
2023-01-05 14:53:00,0.00662427,08:10 - 16:10,45,0
2023-01-05 14:54:00,0.00662927,08:10 - 16:10,45,0
2023-01-05 14:55:00,0.00663244,08:10 - 16:10,45,0
2023-01-05 14:56:00,0.0066366,08:10 - 16:10,45,0
2023-01-05 14:57:00,0.0066441,08:10 - 16:10,45,0
2023-01-05 14:58:00,0.00665644,08:10 - 16:10,45,0
2023-01-05 14:59:00,0.00666694,08:10 - 16:10,45,0
2023-01-05 15:00:00,0.0066691,08:10 - 16:10,45,0
2023-01-05 15:01:00,0.0066691,08:10 - 16:10,45,0
2023-01-05 15:02:00,0.00667827,08:10 - 16:10,45,0
2023-01-05 15:03:00,0.00670077,08:10 - 16:10,45,0
2023-01-05 15:04:00,0.00670727,08:10 - 16:10,45,0
2023-01-05 15:05:00,0.00670977,08:10 - 16:10,45,0
2023-01-05 15:06:00,0.0067116,08:10 - 16:10,45,0
2023-01-05 15:07:00,0.0067131,08:10 - 16:10,45,0
2023-01-05 15:08:00,0.00671927,08:10 - 16:10,45,0
2023-01-05 15:09:00,0.00672527,08:10 - 16:10,45,0
2023-01-05 15:10:00,0.00672477,08:10 - 16:10,45,0
2023-01-05 15:11:00,0.00672944,08:10 - 16:10,45,0
2023-01-05 15:12:00,0.00672944,08:10 - 16:10,45,0
2023-01-05 15:13:00,0.0067351,08:10 - 16:10,45,0
2023-01-05 15:14:00,0.0067501,08:10 - 16:10,45,0
2023-01-05 15:15:00,0.00676277,08:10 - 16:10,45,0
2023-01-05 15:16:00,0.00676244,08:10 - 16:10,45,0
2023-01-05 15:17:00,0.00676244,08:10 - 16:10,45,0
2023-01-05 15:18:00,0.00675627,08:10 - 16:10,45,0
2023-01-05 15:19:00,0.0067566,08:10 - 16:10,45,0
2023-01-05 15:20:00,0.0067586,08:10 - 16:10,45,0
2023-01-05 15:21:00,0.00676877,08:10 - 16:10,45,0
2023-01-05 15:22:00,0.0067801,08:10 - 16:10,45,0
2023-01-05 15:23:00,0.0067811,08:10 - 16:10,45,0
2023-01-05 15:24:00,0.00678727,08:10 - 16:10,45,0
2023-01-05 15:25:00,0.0067931,08:10 - 16:10,45,0
2023-01-05 15:26:00,0.00680044,08:10 - 16:10,45,0
2023-01-05 15:27:00,0.0068141,08:10 - 16:10,45,0
2023-01-05 15:28:00,0.0068226,08:10 - 16:10,45,0
2023-01-05 15:29:00,0.0068226,08:10 - 16:10,45,0
2023-01-05 15:30:00,0.00683044,08:10 - 16:10,45,0
2023-01-05 15:31:00,0.0068406,08:10 - 16:10,45,0
2023-01-05 15:32:00,0.00685227,08:10 - 16:10,45,0
2023-01-05 15:33:00,0.00685727,08:10 - 16:10,45,0
2023-01-05 15:34:00,0.00685744,08:10 - 16:10,45,0
2023-01-05 15:35:00,0.00686644,08:10 - 16:10,45,0
2023-01-05 15:36:00,0.00687277,08:10 - 16:10,45,0
2023-01-05 15:37:00,0.0068771,08:10 - 16:10,45,0
2023-01-05 15:38:00,0.0068866,08:10 - 16:10,45,0
2023-01-05 15:39:00,0.00689944,08:10 - 16:10,45,0
2023-01-05 15:40:00,0.00689944,08:10 - 16:10,45,0
2023-01-05 15:41:00,0.00690844,08:10 - 16:10,45,0
2023-01-05 15:42:00,0.00691777,08:10 - 16:10,45,0
2023-01-05 15:43:00,0.00693227,08:10 - 16:10,45,0
2023-01-05 15:44:00,0.00694777,08:10 - 16:10,45,0
2023-01-05 15:45:00,0.00694777,08:10 - 16:10,45,0
2023-01-05 15:46:00,0.0069646,08:10 - 16:10,45,0
2023-01-05 15:47:00,0.00696394,08:10 - 16:10,45,0
2023-01-05 15:48:00,0.00695877,08:10 - 16:10,45,0
2023-01-05 15:49:00,0.0069506,08:10 - 16:10,45,0
2023-01-05 15:50:00,0.00694794,08:10 - 16:10,45,0
2023-01-05 15:51:00,0.00694794,08:10 - 16:10,45,0
2023-01-05 15:52:00,0.0069406,08:10 - 16:10,45,0
2023-01-05 15:53:00,0.00693227,08:10 - 16:10,45,0
2023-01-05 15:54:00,0.00692477,08:10 - 16:10,45,0
2023-01-05 15:55:00,0.00692094,08:10 - 16:10,45,0
2023-01-05 15:56:00,0.00691194,08:10 - 16:10,45,0
2023-01-05 15:57:00,0.00691194,08:10 - 16:10,45,0
2023-01-05 15:58:00,0.0069086,08:10 - 16:10,45,0
2023-01-05 15:59:00,0.00679144,08:10 - 16:10,45,0
2023-01-05 16:00:00,0.0069166,08:10 - 16:10,45,0
2023-01-05 16:01:00,0.00508998,08:10 - 16:10,45,0
2023-01-05 16:02:00,0.00508998,08:10 - 16:10,45,0
2023-01-05 16:03:00,0.00508998,08:10 - 16:10,45,0
2023-01-05 16:04:00,0.00508948,08:10 - 16:10,45,0
2023-01-05 16:05:00,0.00509698,08:10 - 16:10,45,0
2023-01-05 16:06:00,0.00510148,08:10 - 16:10,45,0
2023-01-05 16:07:00,0.00510348,08:10 - 16:10,45,0
2023-01-05 16:08:00,0.00510348,08:10 - 16:10,45,0
2023-01-05 16:09:00,0.00510631,08:10 - 16:10,45,0
2023-01-05 16:10:00,0.00511581,16:10 - 00:10,46,0
2023-01-05 16:11:00,0.00512381,16:10 - 00:10,46,0
2023-01-05 16:12:00,0.00513048,16:10 - 00:10,46,0
2023-01-05 16:13:00,0.00513048,16:10 - 00:10,46,0
2023-01-05 16:14:00,0.00513298,16:10 - 00:10,46,0
2023-01-05 16:15:00,0.00513181,16:10 - 00:10,46,0
2023-01-05 16:16:00,0.00513364,16:10 - 00:10,46,0
2023-01-05 16:17:00,0.00513281,16:10 - 00:10,46,0
2023-01-05 16:18:00,0.00512798,16:10 - 00:10,46,0
2023-01-05 16:19:00,0.00511481,16:10 - 00:10,46,0
2023-01-05 16:20:00,0.00511481,16:10 - 00:10,46,0
2023-01-05 16:21:00,0.00510431,16:10 - 00:10,46,0
2023-01-05 16:22:00,0.00509314,16:10 - 00:10,46,0
2023-01-05 16:23:00,0.00507964,16:10 - 00:10,46,0
2023-01-05 16:24:00,0.00506181,16:10 - 00:10,46,0
2023-01-05 16:25:00,0.00506181,16:10 - 00:10,46,0
2023-01-05 16:26:00,0.00504514,16:10 - 00:10,46,0
2023-01-05 16:27:00,0.00503114,16:10 - 00:10,46,0
2023-01-05 16:28:00,0.00502031,16:10 - 00:10,46,0
2023-01-05 16:29:00,0.00500714,16:10 - 00:10,46,0
2023-01-05 16:30:00,0.00500714,16:10 - 00:10,46,0
2023-01-05 16:31:00,0.00499614,16:10 - 00:10,46,0
2023-01-05 16:32:00,0.00498748,16:10 - 00:10,46,0
2023-01-05 16:33:00,0.00497981,16:10 - 00:10,46,0
2023-01-05 16:34:00,0.00496748,16:10 - 00:10,46,0
2023-01-05 16:35:00,0.00495198,16:10 - 00:10,46,0
2023-01-05 16:36:00,0.00494481,16:10 - 00:10,46,0
2023-01-05 16:37:00,0.00494481,16:10 - 00:10,46,0
2023-01-05 16:38:00,0.00494031,16:10 - 00:10,46,0
2023-01-05 16:39:00,0.00493364,16:10 - 00:10,46,0
2023-01-05 16:40:00,0.00492748,16:10 - 00:10,46,0
2023-01-05 16:41:00,0.00492214,16:10 - 00:10,46,0
2023-01-05 16:42:00,0.00492214,16:10 - 00:10,46,0
2023-01-05 16:43:00,0.00492098,16:10 - 00:10,46,0
2023-01-05 16:44:00,0.00491664,16:10 - 00:10,46,0
2023-01-05 16:45:00,0.00491831,16:10 - 00:10,46,0
2023-01-05 16:46:00,0.00492048,16:10 - 00:10,46,0
2023-01-05 16:47:00,0.00492881,16:10 - 00:10,46,0
2023-01-05 16:48:00,0.00492881,16:10 - 00:10,46,0
2023-01-05 16:49:00,0.00493381,16:10 - 00:10,46,0
2023-01-05 16:50:00,0.00493631,16:10 - 00:10,46,0
2023-01-05 16:51:00,0.00493764,16:10 - 00:10,46,0
2023-01-05 16:52:00,0.00493564,16:10 - 00:10,46,0
2023-01-05 16:53:00,0.00493081,16:10 - 00:10,46,0
2023-01-05 16:54:00,0.00493081,16:10 - 00:10,46,0
2023-01-05 16:55:00,0.00493631,16:10 - 00:10,46,0
2023-01-05 16:56:00,0.00494081,16:10 - 00:10,46,0
2023-01-05 16:57:00,0.00494748,16:10 - 00:10,46,0
2023-01-05 16:58:00,0.00495248,16:10 - 00:10,46,0
2023-01-05 16:59:00,0.00495248,16:10 - 00:10,46,0
2023-01-05 17:00:00,0.00495714,16:10 - 00:10,46,0
2023-01-05 17:01:00,0.00495698,16:10 - 00:10,46,0
2023-01-05 17:02:00,0.00495048,16:10 - 00:10,46,0
2023-01-05 17:03:00,0.00494914,16:10 - 00:10,46,0
2023-01-05 17:04:00,0.00493714,16:10 - 00:10,46,0
2023-01-05 17:05:00,0.00493898,16:10 - 00:10,46,0
2023-01-05 17:06:00,0.00493098,16:10 - 00:10,46,0
2023-01-05 17:07:00,0.00492264,16:10 - 00:10,46,0
2023-01-05 17:08:00,0.00492048,16:10 - 00:10,46,0
2023-01-05 17:09:00,0.00492248,16:10 - 00:10,46,0
2023-01-05 17:10:00,0.00492464,16:10 - 00:10,46,0
2023-01-05 17:11:00,0.00492248,16:10 - 00:10,46,0
2023-01-05 17:12:00,0.00491181,16:10 - 00:10,46,0
2023-01-05 17:13:00,0.00491181,16:10 - 00:10,46,0
2023-01-05 17:14:00,0.00489531,16:10 - 00:10,46,0
2023-01-05 17:15:00,0.00488448,16:10 - 00:10,46,0
2023-01-05 17:16:00,0.00488448,16:10 - 00:10,46,0
2023-01-05 17:17:00,0.00487898,16:10 - 00:10,46,0
2023-01-05 17:18:00,0.00487681,16:10 - 00:10,46,0
2023-01-05 17:19:00,0.00486881,16:10 - 00:10,46,0
2023-01-05 17:20:00,0.00484598,16:10 - 00:10,46,0
2023-01-05 17:21:00,0.00482498,16:10 - 00:10,46,0
2023-01-05 17:22:00,0.00482431,16:10 - 00:10,46,0
2023-01-05 17:23:00,0.00480264,16:10 - 00:10,46,0
2023-01-05 17:24:00,0.00477614,16:10 - 00:10,46,0
2023-01-05 17:25:00,0.00475614,16:10 - 00:10,46,0
2023-01-05 17:26:00,0.00473548,16:10 - 00:10,46,0
2023-01-05 17:27:00,0.00473548,16:10 - 00:10,46,0
2023-01-05 17:28:00,0.00470598,16:10 - 00:10,46,0
2023-01-05 17:29:00,0.00467931,16:10 - 00:10,46,0
2023-01-05 17:30:00,0.00465281,16:10 - 00:10,46,0
2023-01-05 17:31:00,0.00462831,16:10 - 00:10,46,0
2023-01-05 17:32:00,0.00460864,16:10 - 00:10,46,0
2023-01-05 17:33:00,0.00460864,16:10 - 00:10,46,0
2023-01-05 17:34:00,0.00458731,16:10 - 00:10,46,0
2023-01-05 17:35:00,0.00457314,16:10 - 00:10,46,0
2023-01-05 17:36:00,0.00456314,16:10 - 00:10,46,0
2023-01-05 17:37:00,0.00454681,16:10 - 00:10,46,0
2023-01-05 17:38:00,0.00452514,16:10 - 00:10,46,0
2023-01-05 17:39:00,0.00452514,16:10 - 00:10,46,0
2023-01-05 17:40:00,0.00451281,16:10 - 00:10,46,0
2023-01-05 17:41:00,0.00449698,16:10 - 00:10,46,0
2023-01-05 17:42:00,0.00448031,16:10 - 00:10,46,0
2023-01-05 17:43:00,0.00446231,16:10 - 00:10,46,0
2023-01-05 17:44:00,0.00446231,16:10 - 00:10,46,0
2023-01-05 17:45:00,0.00444648,16:10 - 00:10,46,0
2023-01-05 17:46:00,0.00443498,16:10 - 00:10,46,0
2023-01-05 17:47:00,0.00441831,16:10 - 00:10,46,0
2023-01-05 17:48:00,0.00440698,16:10 - 00:10,46,0
2023-01-05 17:49:00,0.00439681,16:10 - 00:10,46,0
2023-01-05 17:50:00,0.00439698,16:10 - 00:10,46,0
2023-01-05 17:51:00,0.00438631,16:10 - 00:10,46,0
2023-01-05 17:52:00,0.00437031,16:10 - 00:10,46,0
2023-01-05 17:53:00,0.00435431,16:10 - 00:10,46,0
2023-01-05 17:54:00,0.00434114,16:10 - 00:10,46,0
2023-01-05 17:55:00,0.00432748,16:10 - 00:10,46,0
2023-01-05 17:56:00,0.00432748,16:10 - 00:10,46,0
2023-01-05 17:57:00,0.00431881,16:10 - 00:10,46,0
2023-01-05 17:58:00,0.00430798,16:10 - 00:10,46,0
2023-01-05 17:59:00,0.00429598,16:10 - 00:10,46,0
2023-01-05 18:00:00,0.00427414,16:10 - 00:10,46,0
2023-01-05 18:01:00,0.00427064,16:10 - 00:10,46,0
2023-01-05 18:02:00,0.00424881,16:10 - 00:10,46,0
2023-01-05 18:03:00,0.00421948,16:10 - 00:10,46,0
2023-01-05 18:04:00,0.00419248,16:10 - 00:10,46,0
2023-01-05 18:05:00,0.00417248,16:10 - 00:10,46,0
2023-01-05 18:06:00,0.00416781,16:10 - 00:10,46,0
2023-01-05 18:07:00,0.00415348,16:10 - 00:10,46,0
2023-01-05 18:08:00,0.00414248,16:10 - 00:10,46,0
2023-01-05 18:09:00,0.00413898,16:10 - 00:10,46,0
2023-01-05 18:10:00,0.00414898,16:10 - 00:10,46,0
2023-01-05 18:11:00,0.00416198,16:10 - 00:10,46,0
2023-01-05 18:12:00,0.00417148,16:10 - 00:10,46,0
2023-01-05 18:13:00,0.00417148,16:10 - 00:10,46,0
2023-01-05 18:14:00,0.00417464,16:10 - 00:10,46,0
2023-01-05 18:15:00,0.00418164,16:10 - 00:10,46,0
2023-01-05 18:16:00,0.00418598,16:10 - 00:10,46,0
2023-01-05 18:17:00,0.00419031,16:10 - 00:10,46,0
2023-01-05 18:18:00,0.00419014,16:10 - 00:10,46,0
2023-01-05 18:19:00,0.00419981,16:10 - 00:10,46,0
2023-01-05 18:20:00,0.00420848,16:10 - 00:10,46,0
2023-01-05 18:21:00,0.00421448,16:10 - 00:10,46,0
2023-01-05 18:22:00,0.00422398,16:10 - 00:10,46,0
2023-01-05 18:23:00,0.00422431,16:10 - 00:10,46,0
2023-01-05 18:24:00,0.00422431,16:10 - 00:10,46,0
2023-01-05 18:25:00,0.00422631,16:10 - 00:10,46,0
2023-01-05 18:26:00,0.00422914,16:10 - 00:10,46,0
2023-01-05 18:27:00,0.00423498,16:10 - 00:10,46,0
2023-01-05 18:28:00,0.00423898,16:10 - 00:10,46,0
2023-01-05 18:29:00,0.00423864,16:10 - 00:10,46,0
2023-01-05 18:30:00,0.00424331,16:10 - 00:10,46,0
2023-01-05 18:31:00,0.00424314,16:10 - 00:10,46,0
2023-01-05 18:32:00,0.00423981,16:10 - 00:10,46,0
2023-01-05 18:33:00,0.00424331,16:10 - 00:10,46,0
2023-01-05 18:34:00,0.00424764,16:10 - 00:10,46,0
2023-01-05 18:35:00,0.00424764,16:10 - 00:10,46,0
2023-01-05 18:36:00,0.00425214,16:10 - 00:10,46,0
2023-01-05 18:37:00,0.00425014,16:10 - 00:10,46,0
2023-01-05 18:38:00,0.00424981,16:10 - 00:10,46,0
2023-01-05 18:39:00,0.00425198,16:10 - 00:10,46,0
2023-01-05 18:40:00,0.00425198,16:10 - 00:10,46,0
2023-01-05 18:41:00,0.00425914,16:10 - 00:10,46,0
2023-01-05 18:42:00,0.00427098,16:10 - 00:10,46,0
2023-01-05 18:43:00,0.00428014,16:10 - 00:10,46,0
2023-01-05 18:44:00,0.00428331,16:10 - 00:10,46,0
2023-01-05 18:45:00,0.00429198,16:10 - 00:10,46,0
2023-01-05 18:46:00,0.00429198,16:10 - 00:10,46,0
2023-01-05 18:47:00,0.00430298,16:10 - 00:10,46,0
2023-01-05 18:48:00,0.00431548,16:10 - 00:10,46,0
2023-01-05 18:49:00,0.00432514,16:10 - 00:10,46,0
2023-01-05 18:50:00,0.00433348,16:10 - 00:10,46,0
2023-01-05 18:51:00,0.00433881,16:10 - 00:10,46,0
2023-01-05 18:52:00,0.00433881,16:10 - 00:10,46,0
2023-01-05 18:53:00,0.00434298,16:10 - 00:10,46,0
2023-01-05 18:54:00,0.00434831,16:10 - 00:10,46,0
2023-01-05 18:55:00,0.00434831,16:10 - 00:10,46,0
2023-01-05 18:56:00,0.00435348,16:10 - 00:10,46,0
2023-01-05 18:57:00,0.00435914,16:10 - 00:10,46,0
2023-01-05 18:58:00,0.00435914,16:10 - 00:10,46,0
2023-01-05 18:59:00,0.00436564,16:10 - 00:10,46,0
2023-01-05 19:00:00,0.00437848,16:10 - 00:10,46,0
2023-01-05 19:01:00,0.00438464,16:10 - 00:10,46,0
2023-01-05 19:02:00,0.00438498,16:10 - 00:10,46,0
2023-01-05 19:03:00,0.00438498,16:10 - 00:10,46,0
2023-01-05 19:04:00,0.00438931,16:10 - 00:10,46,0
2023-01-05 19:05:00,0.00439131,16:10 - 00:10,46,0
2023-01-05 19:06:00,0.00439431,16:10 - 00:10,46,0
2023-01-05 19:07:00,0.00439548,16:10 - 00:10,46,0
2023-01-05 19:08:00,0.00440248,16:10 - 00:10,46,0
2023-01-05 19:09:00,0.00440248,16:10 - 00:10,46,0
2023-01-05 19:10:00,0.00440764,16:10 - 00:10,46,0
2023-01-05 19:11:00,0.00441498,16:10 - 00:10,46,0
2023-01-05 19:12:00,0.00442448,16:10 - 00:10,46,0
2023-01-05 19:13:00,0.00443031,16:10 - 00:10,46,0
2023-01-05 19:14:00,0.00443331,16:10 - 00:10,46,0
2023-01-05 19:15:00,0.00443331,16:10 - 00:10,46,0
2023-01-05 19:16:00,0.00443264,16:10 - 00:10,46,0
2023-01-05 19:17:00,0.00443448,16:10 - 00:10,46,0
2023-01-05 19:18:00,0.00443581,16:10 - 00:10,46,0
2023-01-05 19:19:00,0.00443548,16:10 - 00:10,46,0
2023-01-05 19:20:00,0.00443548,16:10 - 00:10,46,0
2023-01-05 19:21:00,0.00443164,16:10 - 00:10,46,0
2023-01-05 19:22:00,0.00442881,16:10 - 00:10,46,0
2023-01-05 19:23:00,0.00443181,16:10 - 00:10,46,0
2023-01-05 19:24:00,0.00443181,16:10 - 00:10,46,0
2023-01-05 19:25:00,0.00442648,16:10 - 00:10,46,0
2023-01-05 19:26:00,0.00442648,16:10 - 00:10,46,0
2023-01-05 19:27:00,0.00441664,16:10 - 00:10,46,0
2023-01-05 19:28:00,0.00441264,16:10 - 00:10,46,0
2023-01-05 19:29:00,0.00440964,16:10 - 00:10,46,0
2023-01-05 19:30:00,0.00440514,16:10 - 00:10,46,0
2023-01-05 19:31:00,0.00440014,16:10 - 00:10,46,0
2023-01-05 19:32:00,0.00440014,16:10 - 00:10,46,0
2023-01-05 19:33:00,0.00439431,16:10 - 00:10,46,0
2023-01-05 19:34:00,0.00439214,16:10 - 00:10,46,0
2023-01-05 19:35:00,0.00439631,16:10 - 00:10,46,0
2023-01-05 19:36:00,0.00440098,16:10 - 00:10,46,0
2023-01-05 19:37:00,0.00440098,16:10 - 00:10,46,0
2023-01-05 19:38:00,0.00440598,16:10 - 00:10,46,0
2023-01-05 19:39:00,0.00441464,16:10 - 00:10,46,0
2023-01-05 19:40:00,0.00441848,16:10 - 00:10,46,0
2023-01-05 19:41:00,0.00442348,16:10 - 00:10,46,0
2023-01-05 19:42:00,0.00442714,16:10 - 00:10,46,0
2023-01-05 19:43:00,0.00442714,16:10 - 00:10,46,0
2023-01-05 19:44:00,0.00443014,16:10 - 00:10,46,0
2023-01-05 19:45:00,0.00443381,16:10 - 00:10,46,0
2023-01-05 19:46:00,0.00443964,16:10 - 00:10,46,0
2023-01-05 19:47:00,0.00444281,16:10 - 00:10,46,0
2023-01-05 19:48:00,0.00444798,16:10 - 00:10,46,0
2023-01-05 19:49:00,0.00444798,16:10 - 00:10,46,0
2023-01-05 19:50:00,0.00445231,16:10 - 00:10,46,0
2023-01-05 19:51:00,0.00445681,16:10 - 00:10,46,0
2023-01-05 19:52:00,0.00445898,16:10 - 00:10,46,0
2023-01-05 19:53:00,0.00445648,16:10 - 00:10,46,0
2023-01-05 19:54:00,0.00445648,16:10 - 00:10,46,0
2023-01-05 19:55:00,0.00445764,16:10 - 00:10,46,0
2023-01-05 19:56:00,0.00445414,16:10 - 00:10,46,0
2023-01-05 19:57:00,0.00446014,16:10 - 00:10,46,0
2023-01-05 19:58:00,0.00446198,16:10 - 00:10,46,0
2023-01-05 19:59:00,0.00210964,16:10 - 00:10,46,0
2023-01-05 20:00:00,0.00212631,16:10 - 00:10,46,0
2023-01-05 20:01:00,0.00212264,16:10 - 00:10,46,0
2023-01-05 20:02:00,0.00212781,16:10 - 00:10,46,0
2023-01-05 20:03:00,0.00212548,16:10 - 00:10,46,0
2023-01-05 20:04:00,0.00212498,16:10 - 00:10,46,0
2023-01-05 20:05:00,0.00212498,16:10 - 00:10,46,0
2023-01-05 20:06:00,0.00212481,16:10 - 00:10,46,0
2023-01-05 20:07:00,0.00213131,16:10 - 00:10,46,0
2023-01-05 20:08:00,0.00213648,16:10 - 00:10,46,0
2023-01-05 20:09:00,0.00213714,16:10 - 00:10,46,0
2023-01-05 20:10:00,0.00213464,16:10 - 00:10,46,0
2023-01-05 20:11:00,0.00213464,16:10 - 00:10,46,0
2023-01-05 20:12:00,0.00213464,16:10 - 00:10,46,0
2023-01-05 20:13:00,0.00212148,16:10 - 00:10,46,0
2023-01-05 20:14:00,0.00211614,16:10 - 00:10,46,0
2023-01-05 20:15:00,0.00211931,16:10 - 00:10,46,0
2023-01-05 20:16:00,0.00211931,16:10 - 00:10,46,0
2023-01-05 20:17:00,0.00212214,16:10 - 00:10,46,0
2023-01-05 20:18:00,0.00211798,16:10 - 00:10,46,0
2023-01-05 20:19:00,0.00211114,16:10 - 00:10,46,0
2023-01-05 20:20:00,0.00210398,16:10 - 00:10,46,0
2023-01-05 20:21:00,0.00209614,16:10 - 00:10,46,0
2023-01-05 20:22:00,0.00209614,16:10 - 00:10,46,0
2023-01-05 20:23:00,0.00208998,16:10 - 00:10,46,0
2023-01-05 20:24:00,0.00208964,16:10 - 00:10,46,0
2023-01-05 20:25:00,0.00208281,16:10 - 00:10,46,0
2023-01-05 20:26:00,0.00207814,16:10 - 00:10,46,0
2023-01-05 20:27:00,0.00207414,16:10 - 00:10,46,0
2023-01-05 20:28:00,0.00207414,16:10 - 00:10,46,0
2023-01-05 20:29:00,0.00207748,16:10 - 00:10,46,0
2023-01-05 20:30:00,0.00207964,16:10 - 00:10,46,0
2023-01-05 20:31:00,0.00208164,16:10 - 00:10,46,0
2023-01-05 20:32:00,0.00208114,16:10 - 00:10,46,0
2023-01-05 20:33:00,0.00208114,16:10 - 00:10,46,0
2023-01-05 20:34:00,0.00208114,16:10 - 00:10,46,0
2023-01-05 20:35:00,0.00208348,16:10 - 00:10,46,0
2023-01-05 20:36:00,0.00208348,16:10 - 00:10,46,0
2023-01-05 20:37:00,0.00208814,16:10 - 00:10,46,0
2023-01-05 20:38:00,0.00208998,16:10 - 00:10,46,0
2023-01-05 20:39:00,0.00208998,16:10 - 00:10,46,0
2023-01-05 20:40:00,0.00208981,16:10 - 00:10,46,0
2023-01-05 20:41:00,0.00209081,16:10 - 00:10,46,0
2023-01-05 20:42:00,0.00209414,16:10 - 00:10,46,0
2023-01-05 20:43:00,0.00209764,16:10 - 00:10,46,0
2023-01-05 20:44:00,0.00210098,16:10 - 00:10,46,0
2023-01-05 20:45:00,0.00210098,16:10 - 00:10,46,0
2023-01-05 20:46:00,0.00210731,16:10 - 00:10,46,0
2023-01-05 20:47:00,0.00211648,16:10 - 00:10,46,0
2023-01-05 20:48:00,0.00212831,16:10 - 00:10,46,0
2023-01-05 20:49:00,0.00214231,16:10 - 00:10,46,0
2023-01-05 20:50:00,0.00215198,16:10 - 00:10,46,0
2023-01-05 20:51:00,0.00215198,16:10 - 00:10,46,0
2023-01-05 20:52:00,0.00216281,16:10 - 00:10,46,0
2023-01-05 20:53:00,0.00217048,16:10 - 00:10,46,0
2023-01-05 20:54:00,0.00217748,16:10 - 00:10,46,0
2023-01-05 20:55:00,0.00218664,16:10 - 00:10,46,0
2023-01-05 20:56:00,0.00218664,16:10 - 00:10,46,0
2023-01-05 20:57:00,0.00219264,16:10 - 00:10,46,0
2023-01-05 20:58:00,0.00219831,16:10 - 00:10,46,0
2023-01-05 20:59:00,0.00220731,16:10 - 00:10,46,0
2023-01-05 21:00:00,0.00221681,16:10 - 00:10,46,0
2023-01-05 21:01:00,0.00222281,16:10 - 00:10,46,0
2023-01-05 21:02:00,0.00222281,16:10 - 00:10,46,0
2023-01-05 21:03:00,0.00222981,16:10 - 00:10,46,0
2023-01-05 21:04:00,0.00223581,16:10 - 00:10,46,0
2023-01-05 21:05:00,0.00224748,16:10 - 00:10,46,0
2023-01-05 21:06:00,0.00225648,16:10 - 00:10,46,0
2023-01-05 21:07:00,0.00225781,16:10 - 00:10,46,0
2023-01-05 21:08:00,0.00227364,16:10 - 00:10,46,0
2023-01-05 21:09:00,0.00229348,16:10 - 00:10,46,0
2023-01-05 21:10:00,0.00231381,16:10 - 00:10,46,0
2023-01-05 21:11:00,0.00232998,16:10 - 00:10,46,0
2023-01-05 21:12:00,0.00234881,16:10 - 00:10,46,0
2023-01-05 21:13:00,0.00235314,16:10 - 00:10,46,0
2023-01-05 21:14:00,0.00236598,16:10 - 00:10,46,0
2023-01-05 21:15:00,0.00237381,16:10 - 00:10,46,0
2023-01-05 21:16:00,0.00239048,16:10 - 00:10,46,0
2023-01-05 21:17:00,0.00240331,16:10 - 00:10,46,0
2023-01-05 21:18:00,0.00240331,16:10 - 00:10,46,0
2023-01-05 21:19:00,0.00241064,16:10 - 00:10,46,0
2023-01-05 21:20:00,0.00241564,16:10 - 00:10,46,0
2023-01-05 21:21:00,0.00241548,16:10 - 00:10,46,0
2023-01-05 21:22:00,0.00241098,16:10 - 00:10,46,0
2023-01-05 21:23:00,0.00241014,16:10 - 00:10,46,0
2023-01-05 21:24:00,0.00241014,16:10 - 00:10,46,0
2023-01-05 21:25:00,0.00240881,16:10 - 00:10,46,0
2023-01-05 21:26:00,0.00241748,16:10 - 00:10,46,0
2023-01-05 21:27:00,0.00242448,16:10 - 00:10,46,0
2023-01-05 21:28:00,0.00243198,16:10 - 00:10,46,0
2023-01-05 21:29:00,0.00244214,16:10 - 00:10,46,0
2023-01-05 21:30:00,0.00244214,16:10 - 00:10,46,0
2023-01-05 21:31:00,0.00245114,16:10 - 00:10,46,0
2023-01-05 21:32:00,0.00245681,16:10 - 00:10,46,0
2023-01-05 21:33:00,0.00246314,16:10 - 00:10,46,0
2023-01-05 21:34:00,0.00246448,16:10 - 00:10,46,0
2023-01-05 21:35:00,0.00246448,16:10 - 00:10,46,0
2023-01-05 21:36:00,0.00247348,16:10 - 00:10,46,0
2023-01-05 21:37:00,0.00248414,16:10 - 00:10,46,0
2023-01-05 21:38:00,0.00249114,16:10 - 00:10,46,0
2023-01-05 21:39:00,0.00249331,16:10 - 00:10,46,0
2023-01-05 21:40:00,0.00248998,16:10 - 00:10,46,0
2023-01-05 21:41:00,0.00248998,16:10 - 00:10,46,0
2023-01-05 21:42:00,0.00248864,16:10 - 00:10,46,0
2023-01-05 21:43:00,0.00248914,16:10 - 00:10,46,0
2023-01-05 21:44:00,0.00248914,16:10 - 00:10,46,0
2023-01-05 21:45:00,0.00248848,16:10 - 00:10,46,0
2023-01-05 21:46:00,0.00249631,16:10 - 00:10,46,0
2023-01-05 21:47:00,0.00249631,16:10 - 00:10,46,0
2023-01-05 21:48:00,0.00250181,16:10 - 00:10,46,0
2023-01-05 21:49:00,0.00250614,16:10 - 00:10,46,0
2023-01-05 21:50:00,0.00251048,16:10 - 00:10,46,0
2023-01-05 21:51:00,0.00251814,16:10 - 00:10,46,0
2023-01-05 21:52:00,0.00251814,16:10 - 00:10,46,0
2023-01-05 21:53:00,0.00252648,16:10 - 00:10,46,0
2023-01-05 21:54:00,0.00253448,16:10 - 00:10,46,0
2023-01-05 21:55:00,0.00253481,16:10 - 00:10,46,0
2023-01-05 21:56:00,0.00253064,16:10 - 00:10,46,0
2023-01-05 21:57:00,0.00252664,16:10 - 00:10,46,0
2023-01-05 21:58:00,0.00252664,16:10 - 00:10,46,0
2023-01-05 21:59:00,0.00253181,16:10 - 00:10,46,0
2023-01-05 22:00:00,0.00253298,16:10 - 00:10,46,0
2023-01-05 22:01:00,0.00253331,16:10 - 00:10,46,0
2023-01-05 22:02:00,0.00253131,16:10 - 00:10,46,0
2023-01-05 22:03:00,0.00253098,16:10 - 00:10,46,0
2023-01-05 22:04:00,0.00253098,16:10 - 00:10,46,0
2023-01-05 22:05:00,0.00252981,16:10 - 00:10,46,0
2023-01-05 22:06:00,0.00252981,16:10 - 00:10,46,0
2023-01-05 22:07:00,0.00252914,16:10 - 00:10,46,0
2023-01-05 22:08:00,0.00253114,16:10 - 00:10,46,0
2023-01-05 22:09:00,0.00253114,16:10 - 00:10,46,0
2023-01-05 22:10:00,0.00252614,16:10 - 00:10,46,0
2023-01-05 22:11:00,0.00252064,16:10 - 00:10,46,0
2023-01-05 22:12:00,0.00251514,16:10 - 00:10,46,0
2023-01-05 22:13:00,0.00251131,16:10 - 00:10,46,0
2023-01-05 22:14:00,0.00250581,16:10 - 00:10,46,0
2023-01-05 22:15:00,0.00250581,16:10 - 00:10,46,0
2023-01-05 22:16:00,0.00250681,16:10 - 00:10,46,0
2023-01-05 22:17:00,0.00251648,16:10 - 00:10,46,0
2023-01-05 22:18:00,0.00252331,16:10 - 00:10,46,0
2023-01-05 22:19:00,0.00252431,16:10 - 00:10,46,0
2023-01-05 22:20:00,0.00252631,16:10 - 00:10,46,0
2023-01-05 22:21:00,0.00252631,16:10 - 00:10,46,0
2023-01-05 22:22:00,0.00252498,16:10 - 00:10,46,0
2023-01-05 22:23:00,0.00252464,16:10 - 00:10,46,0
2023-01-05 22:24:00,0.00252698,16:10 - 00:10,46,0
2023-01-05 22:25:00,0.00252648,16:10 - 00:10,46,0
2023-01-05 22:26:00,0.00252648,16:10 - 00:10,46,0
2023-01-05 22:27:00,0.00252398,16:10 - 00:10,46,0
2023-01-05 22:28:00,0.00251998,16:10 - 00:10,46,0
2023-01-05 22:29:00,0.00252398,16:10 - 00:10,46,0
2023-01-05 22:30:00,0.00252814,16:10 - 00:10,46,0
2023-01-05 22:31:00,0.00253081,16:10 - 00:10,46,0
2023-01-05 22:32:00,0.00253081,16:10 - 00:10,46,0
2023-01-05 22:33:00,0.00252914,16:10 - 00:10,46,0
2023-01-05 22:34:00,0.00252798,16:10 - 00:10,46,0
2023-01-05 22:35:00,0.00252581,16:10 - 00:10,46,0
2023-01-05 22:36:00,0.00251964,16:10 - 00:10,46,0
2023-01-05 22:37:00,0.00251114,16:10 - 00:10,46,0
2023-01-05 22:38:00,0.00251114,16:10 - 00:10,46,0
2023-01-05 22:39:00,0.00250214,16:10 - 00:10,46,0
2023-01-05 22:40:00,0.00249764,16:10 - 00:10,46,0
2023-01-05 22:41:00,0.00249431,16:10 - 00:10,46,0
2023-01-05 22:42:00,0.00249381,16:10 - 00:10,46,0
2023-01-05 22:43:00,0.00249364,16:10 - 00:10,46,0
2023-01-05 22:44:00,0.00249581,16:10 - 00:10,46,0
2023-01-05 22:45:00,0.00249864,16:10 - 00:10,46,0
2023-01-05 22:46:00,0.00250464,16:10 - 00:10,46,0
2023-01-05 22:47:00,0.00250798,16:10 - 00:10,46,0
2023-01-05 22:48:00,0.00250614,16:10 - 00:10,46,0
2023-01-05 22:49:00,0.00250614,16:10 - 00:10,46,0
2023-01-05 22:50:00,0.00250214,16:10 - 00:10,46,0
2023-01-05 22:51:00,0.00249964,16:10 - 00:10,46,0
2023-01-05 22:52:00,0.00249681,16:10 - 00:10,46,0
2023-01-05 22:53:00,0.00249531,16:10 - 00:10,46,0
2023-01-05 22:54:00,0.00249331,16:10 - 00:10,46,0
2023-01-05 22:55:00,0.00249314,16:10 - 00:10,46,0
2023-01-05 22:56:00,0.00248914,16:10 - 00:10,46,0
2023-01-05 22:57:00,0.00247848,16:10 - 00:10,46,0
2023-01-05 22:58:00,0.00246398,16:10 - 00:10,46,0
2023-01-05 22:59:00,0.00245264,16:10 - 00:10,46,0
2023-01-05 23:00:00,0.00245264,16:10 - 00:10,46,0
2023-01-05 23:01:00,0.00244881,16:10 - 00:10,46,0
2023-01-05 23:02:00,0.00245514,16:10 - 00:10,46,0
2023-01-05 23:03:00,0.00245881,16:10 - 00:10,46,0
2023-01-05 23:04:00,0.00245898,16:10 - 00:10,46,0
2023-01-05 23:05:00,0.00246198,16:10 - 00:10,46,0
2023-01-05 23:06:00,0.00246198,16:10 - 00:10,46,0
2023-01-05 23:07:00,0.00246481,16:10 - 00:10,46,0
2023-01-05 23:08:00,0.00246414,16:10 - 00:10,46,0
2023-01-05 23:09:00,0.00245848,16:10 - 00:10,46,0
2023-01-05 23:10:00,0.00245364,16:10 - 00:10,46,0
2023-01-05 23:11:00,0.00244998,16:10 - 00:10,46,0
2023-01-05 23:12:00,0.00244998,16:10 - 00:10,46,0
2023-01-05 23:13:00,0.00244148,16:10 - 00:10,46,0
2023-01-05 23:14:00,0.00243731,16:10 - 00:10,46,0
2023-01-05 23:15:00,0.00243931,16:10 - 00:10,46,0
2023-01-05 23:16:00,0.00243964,16:10 - 00:10,46,0
2023-01-05 23:17:00,0.00243964,16:10 - 00:10,46,0
2023-01-05 23:18:00,0.00243914,16:10 - 00:10,46,0
2023-01-05 23:19:00,0.00243781,16:10 - 00:10,46,0
2023-01-05 23:20:00,0.00243581,16:10 - 00:10,46,0
2023-01-05 23:21:00,0.00243198,16:10 - 00:10,46,0
2023-01-05 23:22:00,0.00243114,16:10 - 00:10,46,0
2023-01-05 23:23:00,0.00243114,16:10 - 00:10,46,0
2023-01-05 23:24:00,0.00243414,16:10 - 00:10,46,0
2023-01-05 23:25:00,0.00243514,16:10 - 00:10,46,0
2023-01-05 23:26:00,0.00243631,16:10 - 00:10,46,0
2023-01-05 23:27:00,0.00243814,16:10 - 00:10,46,0
2023-01-05 23:28:00,0.00243831,16:10 - 00:10,46,0
2023-01-05 23:29:00,0.00244264,16:10 - 00:10,46,0
2023-01-05 23:30:00,0.00244798,16:10 - 00:10,46,0
2023-01-05 23:31:00,0.00245248,16:10 - 00:10,46,0
2023-01-05 23:32:00,0.00245364,16:10 - 00:10,46,0
2023-01-05 23:33:00,0.00245181,16:10 - 00:10,46,0
2023-01-05 23:34:00,0.00245198,16:10 - 00:10,46,0
2023-01-05 23:35:00,0.00244581,16:10 - 00:10,46,0
2023-01-05 23:36:00,0.00244181,16:10 - 00:10,46,0
2023-01-05 23:37:00,0.00243648,16:10 - 00:10,46,0
2023-01-05 23:38:00,0.00243398,16:10 - 00:10,46,0
2023-01-05 23:39:00,0.00243331,16:10 - 00:10,46,0
2023-01-05 23:40:00,0.00243331,16:10 - 00:10,46,0
2023-01-05 23:41:00,0.00244014,16:10 - 00:10,46,0
2023-01-05 23:42:00,0.00244248,16:10 - 00:10,46,0
2023-01-05 23:43:00,0.00243781,16:10 - 00:10,46,0
2023-01-05 23:44:00,0.00244014,16:10 - 00:10,46,0
2023-01-05 23:45:00,0.00243998,16:10 - 00:10,46,0
2023-01-05 23:46:00,0.00244914,16:10 - 00:10,46,0
2023-01-05 23:47:00,0.00245631,16:10 - 00:10,46,0
2023-01-05 23:48:00,0.00245864,16:10 - 00:10,46,0
2023-01-05 23:49:00,0.00245864,16:10 - 00:10,46,0
2023-01-05 23:50:00,0.00245814,16:10 - 00:10,46,0
2023-01-05 23:51:00,0.00245814,16:10 - 00:10,46,0
2023-01-05 23:52:00,0.00246131,16:10 - 00:10,46,0
2023-01-05 23:53:00,0.00245598,16:10 - 00:10,46,0
2023-01-05 23:54:00,0.00245148,16:10 - 00:10,46,0
2023-01-05 23:55:00,0.00244731,16:10 - 00:10,46,0
2023-01-05 23:56:00,0.00244664,16:10 - 00:10,46,0
2023-01-05 23:57:00,0.00244664,16:10 - 00:10,46,0
2023-01-05 23:58:00,0.00245614,16:10 - 00:10,46,0
2023-01-05 23:59:00,0.00246264,16:10 - 00:10,46,0
2023-01-06 00:00:00,0.00247098,16:10 - 00:10,46,0
2023-01-06 00:01:00,0.00234323,16:10 - 00:10,46,0
2023-01-06 00:02:00,0.00234323,16:10 - 00:10,46,0
2023-01-06 00:03:00,0.00235156,16:10 - 00:10,46,0
2023-01-06 00:04:00,0.0023574,16:10 - 00:10,46,0
2023-01-06 00:05:00,0.00236373,16:10 - 00:10,46,0
2023-01-06 00:06:00,0.00236373,16:10 - 00:10,46,0
2023-01-06 00:07:00,0.00236356,16:10 - 00:10,46,0
2023-01-06 00:08:00,0.00236356,16:10 - 00:10,46,0
2023-01-06 00:09:00,0.0023694,16:10 - 00:10,46,0
2023-01-06 00:10:00,0.0023694,00:10 - 08:10,47,0
2023-01-06 00:11:00,0.00236706,00:10 - 08:10,47,0
2023-01-06 00:12:00,0.00236823,00:10 - 08:10,47,0
2023-01-06 00:13:00,0.00237206,00:10 - 08:10,47,0
2023-01-06 00:14:00,0.00237206,00:10 - 08:10,47,0
2023-01-06 00:15:00,0.00237523,00:10 - 08:10,47,0
2023-01-06 00:16:00,0.00237806,00:10 - 08:10,47,0
2023-01-06 00:17:00,0.00237906,00:10 - 08:10,47,0
2023-01-06 00:18:00,0.00237923,00:10 - 08:10,47,0
2023-01-06 00:19:00,0.00237923,00:10 - 08:10,47,0
2023-01-06 00:20:00,0.00238273,00:10 - 08:10,47,0
2023-01-06 00:21:00,0.00239223,00:10 - 08:10,47,0
2023-01-06 00:22:00,0.00239956,00:10 - 08:10,47,0
2023-01-06 00:23:00,0.0024064,00:10 - 08:10,47,0
2023-01-06 00:24:00,0.00241873,00:10 - 08:10,47,0
2023-01-06 00:25:00,0.00241873,00:10 - 08:10,47,0
2023-01-06 00:26:00,0.0024334,00:10 - 08:10,47,0
2023-01-06 00:27:00,0.00244423,00:10 - 08:10,47,0
2023-01-06 00:28:00,0.00245456,00:10 - 08:10,47,0
2023-01-06 00:29:00,0.0024664,00:10 - 08:10,47,0
2023-01-06 00:30:00,0.0024749,00:10 - 08:10,47,0
2023-01-06 00:31:00,0.0024749,00:10 - 08:10,47,0
2023-01-06 00:32:00,0.00248473,00:10 - 08:10,47,0
2023-01-06 00:33:00,0.00250023,00:10 - 08:10,47,0
2023-01-06 00:34:00,0.00251623,00:10 - 08:10,47,0
2023-01-06 00:35:00,0.00252956,00:10 - 08:10,47,0
2023-01-06 00:36:00,0.00252956,00:10 - 08:10,47,0
2023-01-06 00:37:00,0.0025364,00:10 - 08:10,47,0
2023-01-06 00:38:00,0.00254356,00:10 - 08:10,47,0
2023-01-06 00:39:00,0.00255473,00:10 - 08:10,47,0
2023-01-06 00:40:00,0.00256773,00:10 - 08:10,47,0
2023-01-06 00:41:00,0.00257656,00:10 - 08:10,47,0
2023-01-06 00:42:00,0.00257656,00:10 - 08:10,47,0
2023-01-06 00:43:00,0.0025899,00:10 - 08:10,47,0
2023-01-06 00:44:00,0.00260506,00:10 - 08:10,47,0
2023-01-06 00:45:00,0.00262356,00:10 - 08:10,47,0
2023-01-06 00:46:00,0.00264473,00:10 - 08:10,47,0
2023-01-06 00:47:00,0.00264473,00:10 - 08:10,47,0
2023-01-06 00:48:00,0.00266156,00:10 - 08:10,47,0
2023-01-06 00:49:00,0.0026784,00:10 - 08:10,47,0
2023-01-06 00:50:00,0.00269306,00:10 - 08:10,47,0
2023-01-06 00:51:00,0.0027029,00:10 - 08:10,47,0
2023-01-06 00:52:00,0.00271056,00:10 - 08:10,47,0
2023-01-06 00:53:00,0.00271056,00:10 - 08:10,47,0
2023-01-06 00:54:00,0.00271923,00:10 - 08:10,47,0
2023-01-06 00:55:00,0.00272173,00:10 - 08:10,47,0
2023-01-06 00:56:00,0.0027274,00:10 - 08:10,47,0
2023-01-06 00:57:00,0.00272923,00:10 - 08:10,47,0
2023-01-06 00:58:00,0.00273156,00:10 - 08:10,47,0
2023-01-06 00:59:00,0.00273156,00:10 - 08:10,47,0
2023-01-06 01:00:00,0.0027329,00:10 - 08:10,47,0
2023-01-06 01:01:00,0.0027354,00:10 - 08:10,47,0
2023-01-06 01:02:00,0.0027389,00:10 - 08:10,47,0
2023-01-06 01:03:00,0.0027439,00:10 - 08:10,47,0
2023-01-06 01:04:00,0.0027439,00:10 - 08:10,47,0
2023-01-06 01:05:00,0.0027479,00:10 - 08:10,47,0
2023-01-06 01:06:00,0.00275323,00:10 - 08:10,47,0
2023-01-06 01:07:00,0.00275706,00:10 - 08:10,47,0
2023-01-06 01:08:00,0.00275956,00:10 - 08:10,47,0
2023-01-06 01:09:00,0.00276256,00:10 - 08:10,47,0
2023-01-06 01:10:00,0.00276256,00:10 - 08:10,47,0
2023-01-06 01:11:00,0.00276323,00:10 - 08:10,47,0
2023-01-06 01:12:00,0.0027659,00:10 - 08:10,47,0
2023-01-06 01:13:00,0.0027714,00:10 - 08:10,47,0
2023-01-06 01:14:00,0.00277956,00:10 - 08:10,47,0
2023-01-06 01:15:00,0.00277956,00:10 - 08:10,47,0
2023-01-06 01:16:00,0.0027879,00:10 - 08:10,47,0
2023-01-06 01:17:00,0.00279206,00:10 - 08:10,47,0
2023-01-06 01:18:00,0.00279806,00:10 - 08:10,47,0
2023-01-06 01:19:00,0.00280656,00:10 - 08:10,47,0
2023-01-06 01:20:00,0.00281106,00:10 - 08:10,47,0
2023-01-06 01:21:00,0.00281173,00:10 - 08:10,47,0
2023-01-06 01:22:00,0.0028139,00:10 - 08:10,47,0
2023-01-06 01:23:00,0.0028129,00:10 - 08:10,47,0
2023-01-06 01:24:00,0.0028079,00:10 - 08:10,47,0
2023-01-06 01:25:00,0.00280373,00:10 - 08:10,47,0
2023-01-06 01:26:00,0.00279823,00:10 - 08:10,47,0
2023-01-06 01:27:00,0.00279823,00:10 - 08:10,47,0
2023-01-06 01:28:00,0.00279023,00:10 - 08:10,47,0
2023-01-06 01:29:00,0.00277956,00:10 - 08:10,47,0
2023-01-06 01:30:00,0.0027704,00:10 - 08:10,47,0
2023-01-06 01:31:00,0.00276623,00:10 - 08:10,47,0
2023-01-06 01:32:00,0.00276623,00:10 - 08:10,47,0
2023-01-06 01:33:00,0.0027619,00:10 - 08:10,47,0
2023-01-06 01:34:00,0.0027594,00:10 - 08:10,47,0
2023-01-06 01:35:00,0.00275506,00:10 - 08:10,47,0
2023-01-06 01:36:00,0.0027504,00:10 - 08:10,47,0
2023-01-06 01:37:00,0.00274723,00:10 - 08:10,47,0
2023-01-06 01:38:00,0.00274723,00:10 - 08:10,47,0
2023-01-06 01:39:00,0.00274356,00:10 - 08:10,47,0
2023-01-06 01:40:00,0.0027429,00:10 - 08:10,47,0
2023-01-06 01:41:00,0.00274473,00:10 - 08:10,47,0
2023-01-06 01:42:00,0.00274723,00:10 - 08:10,47,0
2023-01-06 01:43:00,0.00274723,00:10 - 08:10,47,0
2023-01-06 01:44:00,0.0027489,00:10 - 08:10,47,0
2023-01-06 01:45:00,0.00275223,00:10 - 08:10,47,0
2023-01-06 01:46:00,0.00275656,00:10 - 08:10,47,0
2023-01-06 01:47:00,0.0027619,00:10 - 08:10,47,0
2023-01-06 01:48:00,0.0027674,00:10 - 08:10,47,0
2023-01-06 01:49:00,0.0027674,00:10 - 08:10,47,0
2023-01-06 01:50:00,0.00276706,00:10 - 08:10,47,0
2023-01-06 01:51:00,0.00276173,00:10 - 08:10,47,0
2023-01-06 01:52:00,0.00275806,00:10 - 08:10,47,0
2023-01-06 01:53:00,0.00274806,00:10 - 08:10,47,0
2023-01-06 01:54:00,0.0027339,00:10 - 08:10,47,0
2023-01-06 01:55:00,0.0027339,00:10 - 08:10,47,0
2023-01-06 01:56:00,0.00272173,00:10 - 08:10,47,0
2023-01-06 01:57:00,0.00270856,00:10 - 08:10,47,0
2023-01-06 01:58:00,0.0026959,00:10 - 08:10,47,0
2023-01-06 01:59:00,0.00269023,00:10 - 08:10,47,0
2023-01-06 02:00:00,0.00268473,00:10 - 08:10,47,0
2023-01-06 02:01:00,0.00269006,00:10 - 08:10,47,0
2023-01-06 02:02:00,0.00268706,00:10 - 08:10,47,0
2023-01-06 02:03:00,0.0026829,00:10 - 08:10,47,0
2023-01-06 02:04:00,0.00267706,00:10 - 08:10,47,0
2023-01-06 02:05:00,0.0026714,00:10 - 08:10,47,0
2023-01-06 02:06:00,0.00267156,00:10 - 08:10,47,0
2023-01-06 02:07:00,0.00267606,00:10 - 08:10,47,0
2023-01-06 02:08:00,0.00268173,00:10 - 08:10,47,0
2023-01-06 02:09:00,0.00269173,00:10 - 08:10,47,0
2023-01-06 02:10:00,0.00269823,00:10 - 08:10,47,0
2023-01-06 02:11:00,0.0026964,00:10 - 08:10,47,0
2023-01-06 02:12:00,0.0026964,00:10 - 08:10,47,0
2023-01-06 02:13:00,0.00269873,00:10 - 08:10,47,0
2023-01-06 02:14:00,0.00269873,00:10 - 08:10,47,0
2023-01-06 02:15:00,0.0026854,00:10 - 08:10,47,0
2023-01-06 02:16:00,0.00268406,00:10 - 08:10,47,0
2023-01-06 02:17:00,0.0026864,00:10 - 08:10,47,0
2023-01-06 02:18:00,0.00268806,00:10 - 08:10,47,0
2023-01-06 02:19:00,0.00269273,00:10 - 08:10,47,0
2023-01-06 02:20:00,0.00269323,00:10 - 08:10,47,0
2023-01-06 02:21:00,0.00268506,00:10 - 08:10,47,0
2023-01-06 02:22:00,0.00267923,00:10 - 08:10,47,0
2023-01-06 02:23:00,0.00267973,00:10 - 08:10,47,0
2023-01-06 02:24:00,0.00267973,00:10 - 08:10,47,0
2023-01-06 02:25:00,0.0026834,00:10 - 08:10,47,0
2023-01-06 02:26:00,0.00268356,00:10 - 08:10,47,0
2023-01-06 02:27:00,0.00267973,00:10 - 08:10,47,0
2023-01-06 02:28:00,0.00267773,00:10 - 08:10,47,0
2023-01-06 02:29:00,0.0026789,00:10 - 08:10,47,0
2023-01-06 02:30:00,0.00267906,00:10 - 08:10,47,0
2023-01-06 02:31:00,0.0026769,00:10 - 08:10,47,0
2023-01-06 02:32:00,0.00267623,00:10 - 08:10,47,0
2023-01-06 02:33:00,0.0026709,00:10 - 08:10,47,0
2023-01-06 02:34:00,0.0026624,00:10 - 08:10,47,0
2023-01-06 02:35:00,0.00266256,00:10 - 08:10,47,0
2023-01-06 02:36:00,0.00265156,00:10 - 08:10,47,0
2023-01-06 02:37:00,0.00264573,00:10 - 08:10,47,0
2023-01-06 02:38:00,0.00264173,00:10 - 08:10,47,0
2023-01-06 02:39:00,0.00263606,00:10 - 08:10,47,0
2023-01-06 02:40:00,0.00263273,00:10 - 08:10,47,0
2023-01-06 02:41:00,0.00263273,00:10 - 08:10,47,0
2023-01-06 02:42:00,0.0026324,00:10 - 08:10,47,0
2023-01-06 02:43:00,0.0026299,00:10 - 08:10,47,0
2023-01-06 02:44:00,0.0026304,00:10 - 08:10,47,0
2023-01-06 02:45:00,0.0026279,00:10 - 08:10,47,0
2023-01-06 02:46:00,0.0026279,00:10 - 08:10,47,0
2023-01-06 02:47:00,0.0026289,00:10 - 08:10,47,0
2023-01-06 02:48:00,0.00262906,00:10 - 08:10,47,0
2023-01-06 02:49:00,0.00262773,00:10 - 08:10,47,0
2023-01-06 02:50:00,0.0026249,00:10 - 08:10,47,0
2023-01-06 02:51:00,0.0026219,00:10 - 08:10,47,0
2023-01-06 02:52:00,0.0026219,00:10 - 08:10,47,0
2023-01-06 02:53:00,0.0026209,00:10 - 08:10,47,0
2023-01-06 02:54:00,0.0026214,00:10 - 08:10,47,0
2023-01-06 02:55:00,0.00262473,00:10 - 08:10,47,0
2023-01-06 02:56:00,0.00262306,00:10 - 08:10,47,0
2023-01-06 02:57:00,0.00262306,00:10 - 08:10,47,0
2023-01-06 02:58:00,0.00262356,00:10 - 08:10,47,0
2023-01-06 02:59:00,0.0026259,00:10 - 08:10,47,0
2023-01-06 03:00:00,0.0026259,00:10 - 08:10,47,0
2023-01-06 03:01:00,0.0026179,00:10 - 08:10,47,0
2023-01-06 03:02:00,0.0026169,00:10 - 08:10,47,0
2023-01-06 03:03:00,0.0026169,00:10 - 08:10,47,0
2023-01-06 03:04:00,0.0026179,00:10 - 08:10,47,0
2023-01-06 03:05:00,0.00261223,00:10 - 08:10,47,0
2023-01-06 03:06:00,0.0026129,00:10 - 08:10,47,0
2023-01-06 03:07:00,0.0026149,00:10 - 08:10,47,0
2023-01-06 03:08:00,0.0026159,00:10 - 08:10,47,0
2023-01-06 03:09:00,0.00261623,00:10 - 08:10,47,0
2023-01-06 03:10:00,0.00261723,00:10 - 08:10,47,0
2023-01-06 03:11:00,0.00261873,00:10 - 08:10,47,0
2023-01-06 03:12:00,0.00262073,00:10 - 08:10,47,0
2023-01-06 03:13:00,0.0026194,00:10 - 08:10,47,0
2023-01-06 03:14:00,0.00261906,00:10 - 08:10,47,0
2023-01-06 03:15:00,0.00261906,00:10 - 08:10,47,0
2023-01-06 03:16:00,0.00261723,00:10 - 08:10,47,0
2023-01-06 03:17:00,0.00261456,00:10 - 08:10,47,0
2023-01-06 03:18:00,0.00261323,00:10 - 08:10,47,0
2023-01-06 03:19:00,0.00261473,00:10 - 08:10,47,0
2023-01-06 03:20:00,0.0026189,00:10 - 08:10,47,0
2023-01-06 03:21:00,0.0026189,00:10 - 08:10,47,0
2023-01-06 03:22:00,0.00262473,00:10 - 08:10,47,0
2023-01-06 03:23:00,0.00263256,00:10 - 08:10,47,0
2023-01-06 03:24:00,0.00264273,00:10 - 08:10,47,0
2023-01-06 03:25:00,0.0026579,00:10 - 08:10,47,0
2023-01-06 03:26:00,0.00267023,00:10 - 08:10,47,0
2023-01-06 03:27:00,0.0026704,00:10 - 08:10,47,0
2023-01-06 03:28:00,0.00268106,00:10 - 08:10,47,0
2023-01-06 03:29:00,0.00269156,00:10 - 08:10,47,0
2023-01-06 03:30:00,0.0027009,00:10 - 08:10,47,0
2023-01-06 03:31:00,0.00270873,00:10 - 08:10,47,0
2023-01-06 03:32:00,0.00270873,00:10 - 08:10,47,0
2023-01-06 03:33:00,0.00271856,00:10 - 08:10,47,0
2023-01-06 03:34:00,0.00272606,00:10 - 08:10,47,0
2023-01-06 03:35:00,0.00273323,00:10 - 08:10,47,0
2023-01-06 03:36:00,0.00273323,00:10 - 08:10,47,0
2023-01-06 03:37:00,0.00273173,00:10 - 08:10,47,0
2023-01-06 03:38:00,0.00273173,00:10 - 08:10,47,0
2023-01-06 03:39:00,0.00272623,00:10 - 08:10,47,0
2023-01-06 03:40:00,0.0027214,00:10 - 08:10,47,0
2023-01-06 03:41:00,0.00272023,00:10 - 08:10,47,0
2023-01-06 03:42:00,0.00271973,00:10 - 08:10,47,0
2023-01-06 03:43:00,0.00272273,00:10 - 08:10,47,0
2023-01-06 03:44:00,0.00272273,00:10 - 08:10,47,0
2023-01-06 03:45:00,0.0027309,00:10 - 08:10,47,0
2023-01-06 03:46:00,0.0027449,00:10 - 08:10,47,0
2023-01-06 03:47:00,0.0027569,00:10 - 08:10,47,0
2023-01-06 03:48:00,0.0027649,00:10 - 08:10,47,0
2023-01-06 03:49:00,0.00277173,00:10 - 08:10,47,0
2023-01-06 03:50:00,0.00277173,00:10 - 08:10,47,0
2023-01-06 03:51:00,0.00277756,00:10 - 08:10,47,0
2023-01-06 03:52:00,0.0027794,00:10 - 08:10,47,0
2023-01-06 03:53:00,0.00278573,00:10 - 08:10,47,0
2023-01-06 03:54:00,0.0027949,00:10 - 08:10,47,0
2023-01-06 03:55:00,0.00280156,00:10 - 08:10,47,0
2023-01-06 03:56:00,0.00280156,00:10 - 08:10,47,0
2023-01-06 03:57:00,0.00280806,00:10 - 08:10,47,0
2023-01-06 03:58:00,0.00281556,00:10 - 08:10,47,0
2023-01-06 03:59:00,0.00123856,00:10 - 08:10,47,0
2023-01-06 04:00:00,0.00120573,00:10 - 08:10,47,0
2023-01-06 04:01:00,0.00118906,00:10 - 08:10,47,0
2023-01-06 04:02:00,0.00117123,00:10 - 08:10,47,0
2023-01-06 04:03:00,0.00113423,00:10 - 08:10,47,0
2023-01-06 04:04:00,0.00111423,00:10 - 08:10,47,0
2023-01-06 04:05:00,0.00107856,00:10 - 08:10,47,0
2023-01-06 04:06:00,0.0010624,00:10 - 08:10,47,0
2023-01-06 04:07:00,0.00102906,00:10 - 08:10,47,0
2023-01-06 04:08:00,0.00099756,00:10 - 08:10,47,0
2023-01-06 04:09:00,0.00098156,00:10 - 08:10,47,0
2023-01-06 04:10:00,0.0009674,00:10 - 08:10,47,0
2023-01-06 04:11:00,0.0009514,00:10 - 08:10,47,0
2023-01-06 04:12:00,0.00094823,00:10 - 08:10,47,0
2023-01-06 04:13:00,0.00093156,00:10 - 08:10,47,0
2023-01-06 04:14:00,0.00092706,00:10 - 08:10,47,0
2023-01-06 04:15:00,0.0009084,00:10 - 08:10,47,0
2023-01-06 04:16:00,0.0009004,00:10 - 08:10,47,0
2023-01-06 04:17:00,0.0008779,00:10 - 08:10,47,0
2023-01-06 04:18:00,0.00086123,00:10 - 08:10,47,0
2023-01-06 04:19:00,0.00083756,00:10 - 08:10,47,0
2023-01-06 04:20:00,0.0008169,00:10 - 08:10,47,0
2023-01-06 04:21:00,0.00077806,00:10 - 08:10,47,0
2023-01-06 04:22:00,0.00075606,00:10 - 08:10,47,0
2023-01-06 04:23:00,0.00073823,00:10 - 08:10,47,0
2023-01-06 04:24:00,0.00072156,00:10 - 08:10,47,0
2023-01-06 04:25:00,0.00070356,00:10 - 08:10,47,0
2023-01-06 04:26:00,0.00068423,00:10 - 08:10,47,0
2023-01-06 04:27:00,0.00064456,00:10 - 08:10,47,0
2023-01-06 04:28:00,0.00062073,00:10 - 08:10,47,0
2023-01-06 04:29:00,0.00059873,00:10 - 08:10,47,0
2023-01-06 04:30:00,0.00058206,00:10 - 08:10,47,0
2023-01-06 04:31:00,0.0005334,00:10 - 08:10,47,0
2023-01-06 04:32:00,0.0005074,00:10 - 08:10,47,0
2023-01-06 04:33:00,0.0004869,00:10 - 08:10,47,0
2023-01-06 04:34:00,0.0004619,00:10 - 08:10,47,0
2023-01-06 04:35:00,0.0004454,00:10 - 08:10,47,0
2023-01-06 04:36:00,0.0004169,00:10 - 08:10,47,0
2023-01-06 04:37:00,0.00039123,00:10 - 08:10,47,0
2023-01-06 04:38:00,0.00036956,00:10 - 08:10,47,0
2023-01-06 04:39:00,0.00034456,00:10 - 08:10,47,0
2023-01-06 04:40:00,0.0003199,00:10 - 08:10,47,0
2023-01-06 04:41:00,0.00030323,00:10 - 08:10,47,0
2023-01-06 04:42:00,0.0002744,00:10 - 08:10,47,0
2023-01-06 04:43:00,0.00022756,00:10 - 08:10,47,0
2023-01-06 04:44:00,0.0001999,00:10 - 08:10,47,0
2023-01-06 04:45:00,0.00016923,00:10 - 08:10,47,0
2023-01-06 04:46:00,0.00015256,00:10 - 08:10,47,0
2023-01-06 04:47:00,0.00014056,00:10 - 08:10,47,0
2023-01-06 04:48:00,0.0001124,00:10 - 08:10,47,0
2023-01-06 04:49:00,8.99e-05,00:10 - 08:10,47,0
2023-01-06 04:50:00,8.99e-05,00:10 - 08:10,47,0
2023-01-06 04:51:00,9.023e-05,00:10 - 08:10,47,0
2023-01-06 04:52:00,9.023e-05,00:10 - 08:10,47,0
2023-01-06 04:53:00,9.173e-05,00:10 - 08:10,47,0
2023-01-06 04:54:00,8.84e-05,00:10 - 08:10,47,0
2023-01-06 04:55:00,8.306e-05,00:10 - 08:10,47,0
2023-01-06 04:56:00,9.606e-05,00:10 - 08:10,47,0
2023-01-06 04:57:00,8.823e-05,00:10 - 08:10,47,0
2023-01-06 04:58:00,8.823e-05,00:10 - 08:10,47,0
2023-01-06 04:59:00,8.79e-05,00:10 - 08:10,47,0
2023-01-06 05:00:00,0.00010306,00:10 - 08:10,47,0
2023-01-06 05:01:00,9.923e-05,00:10 - 08:10,47,0
2023-01-06 05:02:00,0.0001109,00:10 - 08:10,47,0
2023-01-06 05:03:00,0.00010356,00:10 - 08:10,47,0
2023-01-06 05:04:00,0.00012023,00:10 - 08:10,47,0
2023-01-06 05:05:00,0.00011323,00:10 - 08:10,47,0
2023-01-06 05:06:00,0.00010556,00:10 - 08:10,47,0
2023-01-06 05:07:00,9.956e-05,00:10 - 08:10,47,0
2023-01-06 05:08:00,9.756e-05,00:10 - 08:10,47,0
2023-01-06 05:09:00,9.756e-05,00:10 - 08:10,47,0
2023-01-06 05:10:00,7.573e-05,00:10 - 08:10,47,0
2023-01-06 05:11:00,5.59e-05,00:10 - 08:10,47,0
2023-01-06 05:12:00,5.273e-05,00:10 - 08:10,47,0
2023-01-06 05:13:00,3.106e-05,00:10 - 08:10,47,0
2023-01-06 05:14:00,1.206e-05,00:10 - 08:10,47,0
2023-01-06 05:15:00,-4.6e-06,00:10 - 08:10,47,0
2023-01-06 05:16:00,-3.86e-05,00:10 - 08:10,47,0
2023-01-06 05:17:00,-3.977e-05,00:10 - 08:10,47,0
2023-01-06 05:18:00,-6.577e-05,00:10 - 08:10,47,0
2023-01-06 05:19:00,-8.927e-05,00:10 - 08:10,47,0
2023-01-06 05:20:00,-0.0001131,00:10 - 08:10,47,0
2023-01-06 05:21:00,-0.00012977,00:10 - 08:10,47,0
2023-01-06 05:22:00,-0.00015227,00:10 - 08:10,47,0
2023-01-06 05:23:00,-0.00015477,00:10 - 08:10,47,0
2023-01-06 05:24:00,-0.00017044,00:10 - 08:10,47,0
2023-01-06 05:25:00,-0.00018677,00:10 - 08:10,47,0
2023-01-06 05:26:00,-0.00020027,00:10 - 08:10,47,0
2023-01-06 05:27:00,-0.00020027,00:10 - 08:10,47,0
2023-01-06 05:28:00,-0.00020427,00:10 - 08:10,47,0
2023-01-06 05:29:00,-0.0002056,00:10 - 08:10,47,0
2023-01-06 05:30:00,-0.00021094,00:10 - 08:10,47,0
2023-01-06 05:31:00,-0.00021777,00:10 - 08:10,47,0
2023-01-06 05:32:00,-0.00024244,00:10 - 08:10,47,0
2023-01-06 05:33:00,-0.00024244,00:10 - 08:10,47,0
2023-01-06 05:34:00,-0.0002681,00:10 - 08:10,47,0
2023-01-06 05:35:00,-0.0002971,00:10 - 08:10,47,0
2023-01-06 05:36:00,-0.00030777,00:10 - 08:10,47,0
2023-01-06 05:37:00,-0.00033794,00:10 - 08:10,47,0
2023-01-06 05:38:00,-0.00033794,00:10 - 08:10,47,0
2023-01-06 05:39:00,-0.00036777,00:10 - 08:10,47,0
2023-01-06 05:40:00,-0.0003946,00:10 - 08:10,47,0
2023-01-06 05:41:00,-0.00041994,00:10 - 08:10,47,0
2023-01-06 05:42:00,-0.00042927,00:10 - 08:10,47,0
2023-01-06 05:43:00,-0.00045744,00:10 - 08:10,47,0
2023-01-06 05:44:00,-0.0004741,00:10 - 08:10,47,0
2023-01-06 05:45:00,-0.00048277,00:10 - 08:10,47,0
2023-01-06 05:46:00,-0.00050944,00:10 - 08:10,47,0
2023-01-06 05:47:00,-0.00053127,00:10 - 08:10,47,0
2023-01-06 05:48:00,-0.00053444,00:10 - 08:10,47,0
2023-01-06 05:49:00,-0.0005571,00:10 - 08:10,47,0
2023-01-06 05:50:00,-0.0005571,00:10 - 08:10,47,0
2023-01-06 05:51:00,-0.00057744,00:10 - 08:10,47,0
2023-01-06 05:52:00,-0.00057327,00:10 - 08:10,47,0
2023-01-06 05:53:00,-0.00060094,00:10 - 08:10,47,0
2023-01-06 05:54:00,-0.0006061,00:10 - 08:10,47,0
2023-01-06 05:55:00,-0.00062777,00:10 - 08:10,47,0
2023-01-06 05:56:00,-0.00064477,00:10 - 08:10,47,0
2023-01-06 05:57:00,-0.0006641,00:10 - 08:10,47,0
2023-01-06 05:58:00,-0.00066827,00:10 - 08:10,47,0
2023-01-06 05:59:00,-0.00068944,00:10 - 08:10,47,0
2023-01-06 06:00:00,-0.00071444,00:10 - 08:10,47,0
2023-01-06 06:01:00,-0.00070844,00:10 - 08:10,47,0
2023-01-06 06:02:00,-0.00070844,00:10 - 08:10,47,0
2023-01-06 06:03:00,-0.00071944,00:10 - 08:10,47,0
2023-01-06 06:04:00,-0.00073994,00:10 - 08:10,47,0
2023-01-06 06:05:00,-0.00074594,00:10 - 08:10,47,0
2023-01-06 06:06:00,-0.0007526,00:10 - 08:10,47,0
2023-01-06 06:07:00,-0.00073594,00:10 - 08:10,47,0
2023-01-06 06:08:00,-0.0007291,00:10 - 08:10,47,0
2023-01-06 06:09:00,-0.0007416,00:10 - 08:10,47,0
2023-01-06 06:10:00,-0.00075077,00:10 - 08:10,47,0
2023-01-06 06:11:00,-0.00075594,00:10 - 08:10,47,0
2023-01-06 06:12:00,-0.00076027,00:10 - 08:10,47,0
2023-01-06 06:13:00,-0.0007436,00:10 - 08:10,47,0
2023-01-06 06:14:00,-0.00073294,00:10 - 08:10,47,0
2023-01-06 06:15:00,-0.00074344,00:10 - 08:10,47,0
2023-01-06 06:16:00,-0.0007371,00:10 - 08:10,47,0
2023-01-06 06:17:00,-0.00074377,00:10 - 08:10,47,0
2023-01-06 06:18:00,-0.0007481,00:10 - 08:10,47,0
2023-01-06 06:19:00,-0.00073144,00:10 - 08:10,47,0
2023-01-06 06:20:00,-0.00071977,00:10 - 08:10,47,0
2023-01-06 06:21:00,-0.00072794,00:10 - 08:10,47,0
2023-01-06 06:22:00,-0.00075327,00:10 - 08:10,47,0
2023-01-06 06:23:00,-0.00076377,00:10 - 08:10,47,0
2023-01-06 06:24:00,-0.00076377,00:10 - 08:10,47,0
2023-01-06 06:25:00,-0.0007721,00:10 - 08:10,47,0
2023-01-06 06:26:00,-0.0007961,00:10 - 08:10,47,0
2023-01-06 06:27:00,-0.0007991,00:10 - 08:10,47,0
2023-01-06 06:28:00,-0.0008031,00:10 - 08:10,47,0
2023-01-06 06:29:00,-0.00080894,00:10 - 08:10,47,0
2023-01-06 06:30:00,-0.00080894,00:10 - 08:10,47,0
2023-01-06 06:31:00,-0.0008116,00:10 - 08:10,47,0
2023-01-06 06:32:00,-0.00081827,00:10 - 08:10,47,0
2023-01-06 06:33:00,-0.0008266,00:10 - 08:10,47,0
2023-01-06 06:34:00,-0.0008521,00:10 - 08:10,47,0
2023-01-06 06:35:00,-0.0008671,00:10 - 08:10,47,0
2023-01-06 06:36:00,-0.0008671,00:10 - 08:10,47,0
2023-01-06 06:37:00,-0.00088377,00:10 - 08:10,47,0
2023-01-06 06:38:00,-0.0008701,00:10 - 08:10,47,0
2023-01-06 06:39:00,-0.00088377,00:10 - 08:10,47,0
2023-01-06 06:40:00,-0.0008801,00:10 - 08:10,47,0
2023-01-06 06:41:00,-0.00087527,00:10 - 08:10,47,0
2023-01-06 06:42:00,-0.00089194,00:10 - 08:10,47,0
2023-01-06 06:43:00,-0.0008861,00:10 - 08:10,47,0
2023-01-06 06:44:00,-0.0008966,00:10 - 08:10,47,0
2023-01-06 06:45:00,-0.0008966,00:10 - 08:10,47,0
2023-01-06 06:46:00,-0.0008781,00:10 - 08:10,47,0
2023-01-06 06:47:00,-0.0008781,00:10 - 08:10,47,0
2023-01-06 06:48:00,-0.00087327,00:10 - 08:10,47,0
2023-01-06 06:49:00,-0.00086977,00:10 - 08:10,47,0
2023-01-06 06:50:00,-0.0008471,00:10 - 08:10,47,0
2023-01-06 06:51:00,-0.00084344,00:10 - 08:10,47,0
2023-01-06 06:52:00,-0.0008276,00:10 - 08:10,47,0
2023-01-06 06:53:00,-0.0008276,00:10 - 08:10,47,0
2023-01-06 06:54:00,-0.0008281,00:10 - 08:10,47,0
2023-01-06 06:55:00,-0.00082777,00:10 - 08:10,47,0
2023-01-06 06:56:00,-0.00082394,00:10 - 08:10,47,0
2023-01-06 06:57:00,-0.00080677,00:10 - 08:10,47,0
2023-01-06 06:58:00,-0.0008116,00:10 - 08:10,47,0
2023-01-06 06:59:00,-0.0008116,00:10 - 08:10,47,0
2023-01-06 07:00:00,-0.00081127,00:10 - 08:10,47,0
2023-01-06 07:01:00,-0.00080894,00:10 - 08:10,47,0
2023-01-06 07:02:00,-0.00081027,00:10 - 08:10,47,0
2023-01-06 07:03:00,-0.00080944,00:10 - 08:10,47,0
2023-01-06 07:04:00,-0.00080944,00:10 - 08:10,47,0
2023-01-06 07:05:00,-0.00080527,00:10 - 08:10,47,0
2023-01-06 07:06:00,-0.00079844,00:10 - 08:10,47,0
2023-01-06 07:07:00,-0.00079644,00:10 - 08:10,47,0
2023-01-06 07:08:00,-0.00078944,00:10 - 08:10,47,0
2023-01-06 07:09:00,-0.00078177,00:10 - 08:10,47,0
2023-01-06 07:10:00,-0.00079844,00:10 - 08:10,47,0
2023-01-06 07:11:00,-0.00079394,00:10 - 08:10,47,0
2023-01-06 07:12:00,-0.00079144,00:10 - 08:10,47,0
2023-01-06 07:13:00,-0.0007871,00:10 - 08:10,47,0
2023-01-06 07:14:00,-0.00078927,00:10 - 08:10,47,0
2023-01-06 07:15:00,-0.00078927,00:10 - 08:10,47,0
2023-01-06 07:16:00,-0.00078727,00:10 - 08:10,47,0
2023-01-06 07:17:00,-0.0007876,00:10 - 08:10,47,0
2023-01-06 07:18:00,-0.0007876,00:10 - 08:10,47,0
2023-01-06 07:19:00,-0.00079894,00:10 - 08:10,47,0
2023-01-06 07:20:00,-0.00078394,00:10 - 08:10,47,0
2023-01-06 07:21:00,-0.00078394,00:10 - 08:10,47,0
2023-01-06 07:22:00,-0.00078277,00:10 - 08:10,47,0
2023-01-06 07:23:00,-0.00076394,00:10 - 08:10,47,0
2023-01-06 07:24:00,-0.00074644,00:10 - 08:10,47,0
2023-01-06 07:25:00,-0.00074394,00:10 - 08:10,47,0
2023-01-06 07:26:00,-0.00072094,00:10 - 08:10,47,0
2023-01-06 07:27:00,-0.00072094,00:10 - 08:10,47,0
2023-01-06 07:28:00,-0.00070077,00:10 - 08:10,47,0
2023-01-06 07:29:00,-0.0006851,00:10 - 08:10,47,0
2023-01-06 07:30:00,-0.0006676,00:10 - 08:10,47,0
2023-01-06 07:31:00,-0.0006676,00:10 - 08:10,47,0
2023-01-06 07:32:00,-0.00062477,00:10 - 08:10,47,0
2023-01-06 07:33:00,-0.00062477,00:10 - 08:10,47,0
2023-01-06 07:34:00,-0.00059294,00:10 - 08:10,47,0
2023-01-06 07:35:00,-0.00059294,00:10 - 08:10,47,0
2023-01-06 07:36:00,-0.00057244,00:10 - 08:10,47,0
2023-01-06 07:37:00,-0.00054444,00:10 - 08:10,47,0
2023-01-06 07:38:00,-0.00054444,00:10 - 08:10,47,0
2023-01-06 07:39:00,-0.00052777,00:10 - 08:10,47,0
2023-01-06 07:40:00,-0.0005106,00:10 - 08:10,47,0
2023-01-06 07:41:00,-0.0005036,00:10 - 08:10,47,0
2023-01-06 07:42:00,-0.0004736,00:10 - 08:10,47,0
2023-01-06 07:43:00,-0.00044777,00:10 - 08:10,47,0
2023-01-06 07:44:00,-0.0004476,00:10 - 08:10,47,0
2023-01-06 07:45:00,-0.00042294,00:10 - 08:10,47,0
2023-01-06 07:46:00,-0.00041744,00:10 - 08:10,47,0
2023-01-06 07:47:00,-0.0003966,00:10 - 08:10,47,0
2023-01-06 07:48:00,-0.00037994,00:10 - 08:10,47,0
2023-01-06 07:49:00,-0.00035027,00:10 - 08:10,47,0
2023-01-06 07:50:00,-0.0003336,00:10 - 08:10,47,0
2023-01-06 07:51:00,-0.0003271,00:10 - 08:10,47,0
2023-01-06 07:52:00,-0.00030294,00:10 - 08:10,47,0
2023-01-06 07:53:00,-0.0003001,00:10 - 08:10,47,0
2023-01-06 07:54:00,-0.00028094,00:10 - 08:10,47,0
2023-01-06 07:55:00,-0.0002781,00:10 - 08:10,47,0
2023-01-06 07:56:00,-0.00026144,00:10 - 08:10,47,0
2023-01-06 07:57:00,-0.00025944,00:10 - 08:10,47,0
2023-01-06 07:58:00,-0.00023927,00:10 - 08:10,47,0
2023-01-06 07:59:00,-0.00023927,00:10 - 08:10,47,0
2023-01-06 08:00:00,0.00070991,00:10 - 08:10,47,0
2023-01-06 08:01:00,0.00070991,00:10 - 08:10,47,0
2023-01-06 08:02:00,0.00071491,00:10 - 08:10,47,0
2023-01-06 08:03:00,0.00072391,00:10 - 08:10,47,0
2023-01-06 08:04:00,0.00073558,00:10 - 08:10,47,0
2023-01-06 08:05:00,0.00074125,00:10 - 08:10,47,0
2023-01-06 08:06:00,0.00075275,00:10 - 08:10,47,0
2023-01-06 08:07:00,0.00075275,00:10 - 08:10,47,0
2023-01-06 08:08:00,0.00076208,00:10 - 08:10,47,0
2023-01-06 08:09:00,0.00076908,00:10 - 08:10,47,0
2023-01-06 08:10:00,0.00077841,08:10 - 16:10,48,0
2023-01-06 08:11:00,0.00078875,08:10 - 16:10,48,0
2023-01-06 08:12:00,0.00079841,08:10 - 16:10,48,0
2023-01-06 08:13:00,0.00079841,08:10 - 16:10,48,0
2023-01-06 08:14:00,0.00080758,08:10 - 16:10,48,0
2023-01-06 08:15:00,0.00081825,08:10 - 16:10,48,0
2023-01-06 08:16:00,0.00082641,08:10 - 16:10,48,0
2023-01-06 08:17:00,0.00073691,08:10 - 16:10,48,0
2023-01-06 08:18:00,0.00058008,08:10 - 16:10,48,0
2023-01-06 08:19:00,0.00034675,08:10 - 16:10,48,0
2023-01-06 08:20:00,0.00030425,08:10 - 16:10,48,0
2023-01-06 08:21:00,0.00024575,08:10 - 16:10,48,0
2023-01-06 08:22:00,0.00035075,08:10 - 16:10,48,0
2023-01-06 08:23:00,0.00035458,08:10 - 16:10,48,0
2023-01-06 08:24:00,0.00040458,08:10 - 16:10,48,0
2023-01-06 08:25:00,0.00045891,08:10 - 16:10,48,0
2023-01-06 08:26:00,0.00053058,08:10 - 16:10,48,0
2023-01-06 08:27:00,0.00056525,08:10 - 16:10,48,0
2023-01-06 08:28:00,0.00056475,08:10 - 16:10,48,0
2023-01-06 08:29:00,0.00061308,08:10 - 16:10,48,0
2023-01-06 08:30:00,0.00067975,08:10 - 16:10,48,0
2023-01-06 08:31:00,0.00066591,08:10 - 16:10,48,0
2023-01-06 08:32:00,0.00075575,08:10 - 16:10,48,0
2023-01-06 08:33:00,0.00084508,08:10 - 16:10,48,0
2023-01-06 08:34:00,0.00089875,08:10 - 16:10,48,0
2023-01-06 08:35:00,0.00089991,08:10 - 16:10,48,0
2023-01-06 08:36:00,0.00089991,08:10 - 16:10,48,0
2023-01-06 08:37:00,0.00090208,08:10 - 16:10,48,0
2023-01-06 08:38:00,0.00091291,08:10 - 16:10,48,0
2023-01-06 08:39:00,0.00092491,08:10 - 16:10,48,0
2023-01-06 08:40:00,0.00092541,08:10 - 16:10,48,0
2023-01-06 08:41:00,0.00092808,08:10 - 16:10,48,0
2023-01-06 08:42:00,0.00092808,08:10 - 16:10,48,0
2023-01-06 08:43:00,0.00093175,08:10 - 16:10,48,0
2023-01-06 08:44:00,0.00093191,08:10 - 16:10,48,0
2023-01-06 08:45:00,0.00093591,08:10 - 16:10,48,0
2023-01-06 08:46:00,0.00093591,08:10 - 16:10,48,0
2023-01-06 08:47:00,0.00093591,08:10 - 16:10,48,0
2023-01-06 08:48:00,0.00093941,08:10 - 16:10,48,0
2023-01-06 08:49:00,0.00094625,08:10 - 16:10,48,0
2023-01-06 08:50:00,0.00095075,08:10 - 16:10,48,0
2023-01-06 08:51:00,0.00095791,08:10 - 16:10,48,0
2023-01-06 08:52:00,0.00096125,08:10 - 16:10,48,0
2023-01-06 08:53:00,0.00096125,08:10 - 16:10,48,0
2023-01-06 08:54:00,0.00096508,08:10 - 16:10,48,0
2023-01-06 08:55:00,0.00096808,08:10 - 16:10,48,0
2023-01-06 08:56:00,0.00096941,08:10 - 16:10,48,0
2023-01-06 08:57:00,0.00096941,08:10 - 16:10,48,0
2023-01-06 08:58:00,0.00097125,08:10 - 16:10,48,0
2023-01-06 08:59:00,0.00097125,08:10 - 16:10,48,0
2023-01-06 09:00:00,0.00096625,08:10 - 16:10,48,0
2023-01-06 09:01:00,0.00096358,08:10 - 16:10,48,0
2023-01-06 09:02:00,0.00096041,08:10 - 16:10,48,0
2023-01-06 09:03:00,0.00095958,08:10 - 16:10,48,0
2023-01-06 09:04:00,0.00096258,08:10 - 16:10,48,0
2023-01-06 09:05:00,0.00096258,08:10 - 16:10,48,0
2023-01-06 09:06:00,0.00096075,08:10 - 16:10,48,0
2023-01-06 09:07:00,0.00095558,08:10 - 16:10,48,0
2023-01-06 09:08:00,0.00095075,08:10 - 16:10,48,0
2023-01-06 09:09:00,0.00094708,08:10 - 16:10,48,0
2023-01-06 09:10:00,0.00094708,08:10 - 16:10,48,0
2023-01-06 09:11:00,0.00094258,08:10 - 16:10,48,0
2023-01-06 09:12:00,0.00093891,08:10 - 16:10,48,0
2023-01-06 09:13:00,0.00093891,08:10 - 16:10,48,0
2023-01-06 09:14:00,0.00092508,08:10 - 16:10,48,0
2023-01-06 09:15:00,0.00092158,08:10 - 16:10,48,0
2023-01-06 09:16:00,0.00092158,08:10 - 16:10,48,0
2023-01-06 09:17:00,0.00091958,08:10 - 16:10,48,0
2023-01-06 09:18:00,0.00091025,08:10 - 16:10,48,0
2023-01-06 09:19:00,0.00089458,08:10 - 16:10,48,0
2023-01-06 09:20:00,0.00087808,08:10 - 16:10,48,0
2023-01-06 09:21:00,0.00087808,08:10 - 16:10,48,0
2023-01-06 09:22:00,0.00086408,08:10 - 16:10,48,0
2023-01-06 09:23:00,0.00085341,08:10 - 16:10,48,0
2023-01-06 09:24:00,0.00085041,08:10 - 16:10,48,0
2023-01-06 09:25:00,0.00085758,08:10 - 16:10,48,0
2023-01-06 09:26:00,0.00086375,08:10 - 16:10,48,0
2023-01-06 09:27:00,0.00086375,08:10 - 16:10,48,0
2023-01-06 09:28:00,0.00086575,08:10 - 16:10,48,0
2023-01-06 09:29:00,0.00087025,08:10 - 16:10,48,0
2023-01-06 09:30:00,0.00087791,08:10 - 16:10,48,0
2023-01-06 09:31:00,0.00088391,08:10 - 16:10,48,0
2023-01-06 09:32:00,0.00088725,08:10 - 16:10,48,0
2023-01-06 09:33:00,0.00088725,08:10 - 16:10,48,0
2023-01-06 09:34:00,0.00088991,08:10 - 16:10,48,0
2023-01-06 09:35:00,0.00089208,08:10 - 16:10,48,0
2023-01-06 09:36:00,0.00089391,08:10 - 16:10,48,0
2023-01-06 09:37:00,0.00089441,08:10 - 16:10,48,0
2023-01-06 09:38:00,0.00089425,08:10 - 16:10,48,0
2023-01-06 09:39:00,0.00089425,08:10 - 16:10,48,0
2023-01-06 09:40:00,0.00089991,08:10 - 16:10,48,0
2023-01-06 09:41:00,0.00090458,08:10 - 16:10,48,0
2023-01-06 09:42:00,0.00091375,08:10 - 16:10,48,0
2023-01-06 09:43:00,0.00092141,08:10 - 16:10,48,0
2023-01-06 09:44:00,0.00092141,08:10 - 16:10,48,0
2023-01-06 09:45:00,0.00092891,08:10 - 16:10,48,0
2023-01-06 09:46:00,0.00093891,08:10 - 16:10,48,0
2023-01-06 09:47:00,0.00094458,08:10 - 16:10,48,0
2023-01-06 09:48:00,0.00095225,08:10 - 16:10,48,0
2023-01-06 09:49:00,0.00095958,08:10 - 16:10,48,0
2023-01-06 09:50:00,0.00095958,08:10 - 16:10,48,0
2023-01-06 09:51:00,0.00096658,08:10 - 16:10,48,0
2023-01-06 09:52:00,0.00097558,08:10 - 16:10,48,0
2023-01-06 09:53:00,0.00098291,08:10 - 16:10,48,0
2023-01-06 09:54:00,0.00099508,08:10 - 16:10,48,0
2023-01-06 09:55:00,0.00100908,08:10 - 16:10,48,0
2023-01-06 09:56:00,0.00100908,08:10 - 16:10,48,0
2023-01-06 09:57:00,0.00102225,08:10 - 16:10,48,0
2023-01-06 09:58:00,0.00103675,08:10 - 16:10,48,0
2023-01-06 09:59:00,0.00104958,08:10 - 16:10,48,0
2023-01-06 10:00:00,0.00105958,08:10 - 16:10,48,0
2023-01-06 10:01:00,0.00105958,08:10 - 16:10,48,0
2023-01-06 10:02:00,0.00106508,08:10 - 16:10,48,0
2023-01-06 10:03:00,0.00107041,08:10 - 16:10,48,0
2023-01-06 10:04:00,0.00107508,08:10 - 16:10,48,0
2023-01-06 10:05:00,0.00108758,08:10 - 16:10,48,0
2023-01-06 10:06:00,0.00109308,08:10 - 16:10,48,0
2023-01-06 10:07:00,0.00109308,08:10 - 16:10,48,0
2023-01-06 10:08:00,0.00109941,08:10 - 16:10,48,0
2023-01-06 10:09:00,0.00109941,08:10 - 16:10,48,0
2023-01-06 10:10:00,0.00111591,08:10 - 16:10,48,0
2023-01-06 10:11:00,0.00112208,08:10 - 16:10,48,0
2023-01-06 10:12:00,0.00112725,08:10 - 16:10,48,0
2023-01-06 10:13:00,0.00112725,08:10 - 16:10,48,0
2023-01-06 10:14:00,0.00113125,08:10 - 16:10,48,0
2023-01-06 10:15:00,0.00113625,08:10 - 16:10,48,0
2023-01-06 10:16:00,0.00114191,08:10 - 16:10,48,0
2023-01-06 10:17:00,0.00115408,08:10 - 16:10,48,0
2023-01-06 10:18:00,0.00115408,08:10 - 16:10,48,0
2023-01-06 10:19:00,0.00116475,08:10 - 16:10,48,0
2023-01-06 10:20:00,0.00118091,08:10 - 16:10,48,0
2023-01-06 10:21:00,0.00119291,08:10 - 16:10,48,0
2023-01-06 10:22:00,0.00120325,08:10 - 16:10,48,0
2023-01-06 10:23:00,0.00120825,08:10 - 16:10,48,0
2023-01-06 10:24:00,0.00120825,08:10 - 16:10,48,0
2023-01-06 10:25:00,0.00121358,08:10 - 16:10,48,0
2023-01-06 10:26:00,0.00121975,08:10 - 16:10,48,0
2023-01-06 10:27:00,0.00121958,08:10 - 16:10,48,0
2023-01-06 10:28:00,0.00121841,08:10 - 16:10,48,0
2023-01-06 10:29:00,0.00122025,08:10 - 16:10,48,0
2023-01-06 10:30:00,0.00122025,08:10 - 16:10,48,0
2023-01-06 10:31:00,0.00121808,08:10 - 16:10,48,0
2023-01-06 10:32:00,0.00121858,08:10 - 16:10,48,0
2023-01-06 10:33:00,0.00122408,08:10 - 16:10,48,0
2023-01-06 10:34:00,0.00123008,08:10 - 16:10,48,0
2023-01-06 10:35:00,0.00123558,08:10 - 16:10,48,0
2023-01-06 10:36:00,0.00123558,08:10 - 16:10,48,0
2023-01-06 10:37:00,0.00123408,08:10 - 16:10,48,0
2023-01-06 10:38:00,0.00123691,08:10 - 16:10,48,0
2023-01-06 10:39:00,0.00124108,08:10 - 16:10,48,0
2023-01-06 10:40:00,0.00124208,08:10 - 16:10,48,0
2023-01-06 10:41:00,0.00124208,08:10 - 16:10,48,0
2023-01-06 10:42:00,0.00124525,08:10 - 16:10,48,0
2023-01-06 10:43:00,0.00124708,08:10 - 16:10,48,0
2023-01-06 10:44:00,0.00125258,08:10 - 16:10,48,0
2023-01-06 10:45:00,0.00125991,08:10 - 16:10,48,0
2023-01-06 10:46:00,0.00127191,08:10 - 16:10,48,0
2023-01-06 10:47:00,0.00127191,08:10 - 16:10,48,0
2023-01-06 10:48:00,0.00128075,08:10 - 16:10,48,0
2023-01-06 10:49:00,0.00128075,08:10 - 16:10,48,0
2023-01-06 10:50:00,0.00128075,08:10 - 16:10,48,0
2023-01-06 10:51:00,0.00128075,08:10 - 16:10,48,0
2023-01-06 10:52:00,0.00128075,08:10 - 16:10,48,0
2023-01-06 10:53:00,0.00128075,08:10 - 16:10,48,0
2023-01-06 10:54:00,0.00127975,08:10 - 16:10,48,0
2023-01-06 10:55:00,0.00127125,08:10 - 16:10,48,0
2023-01-06 10:56:00,0.00126508,08:10 - 16:10,48,0
2023-01-06 10:57:00,0.00126475,08:10 - 16:10,48,0
2023-01-06 10:58:00,0.00126475,08:10 - 16:10,48,0
2023-01-06 10:59:00,0.00126575,08:10 - 16:10,48,0
2023-01-06 11:00:00,0.00126325,08:10 - 16:10,48,0
2023-01-06 11:01:00,0.00125758,08:10 - 16:10,48,0
2023-01-06 11:02:00,0.00125075,08:10 - 16:10,48,0
2023-01-06 11:03:00,0.00124425,08:10 - 16:10,48,0
2023-01-06 11:04:00,0.00124425,08:10 - 16:10,48,0
2023-01-06 11:05:00,0.00123858,08:10 - 16:10,48,0
2023-01-06 11:06:00,0.00122625,08:10 - 16:10,48,0
2023-01-06 11:07:00,0.00121425,08:10 - 16:10,48,0
2023-01-06 11:08:00,0.00121458,08:10 - 16:10,48,0
2023-01-06 11:09:00,0.00121458,08:10 - 16:10,48,0
2023-01-06 11:10:00,0.00121641,08:10 - 16:10,48,0
2023-01-06 11:11:00,0.00121958,08:10 - 16:10,48,0
2023-01-06 11:12:00,0.00122408,08:10 - 16:10,48,0
2023-01-06 11:13:00,0.00122791,08:10 - 16:10,48,0
2023-01-06 11:14:00,0.00123158,08:10 - 16:10,48,0
2023-01-06 11:15:00,0.00123158,08:10 - 16:10,48,0
2023-01-06 11:16:00,0.00122791,08:10 - 16:10,48,0
2023-01-06 11:17:00,0.00122541,08:10 - 16:10,48,0
2023-01-06 11:18:00,0.00121608,08:10 - 16:10,48,0
2023-01-06 11:19:00,0.00121608,08:10 - 16:10,48,0
2023-01-06 11:20:00,0.00121525,08:10 - 16:10,48,0
2023-01-06 11:21:00,0.00121525,08:10 - 16:10,48,0
2023-01-06 11:22:00,0.00121858,08:10 - 16:10,48,0
2023-01-06 11:23:00,0.00122108,08:10 - 16:10,48,0
2023-01-06 11:24:00,0.00122141,08:10 - 16:10,48,0
2023-01-06 11:25:00,0.00121675,08:10 - 16:10,48,0
2023-01-06 11:26:00,0.00121675,08:10 - 16:10,48,0
2023-01-06 11:27:00,0.00121041,08:10 - 16:10,48,0
2023-01-06 11:28:00,0.00120458,08:10 - 16:10,48,0
2023-01-06 11:29:00,0.00120458,08:10 - 16:10,48,0
2023-01-06 11:30:00,0.00120758,08:10 - 16:10,48,0
2023-01-06 11:31:00,0.00120291,08:10 - 16:10,48,0
2023-01-06 11:32:00,0.00120291,08:10 - 16:10,48,0
2023-01-06 11:33:00,0.00119591,08:10 - 16:10,48,0
2023-01-06 11:34:00,0.00119308,08:10 - 16:10,48,0
2023-01-06 11:35:00,0.00119158,08:10 - 16:10,48,0
2023-01-06 11:36:00,0.00119141,08:10 - 16:10,48,0
2023-01-06 11:37:00,0.00118791,08:10 - 16:10,48,0
2023-01-06 11:38:00,0.00118791,08:10 - 16:10,48,0
2023-01-06 11:39:00,0.00118308,08:10 - 16:10,48,0
2023-01-06 11:40:00,0.00117941,08:10 - 16:10,48,0
2023-01-06 11:41:00,0.00118258,08:10 - 16:10,48,0
2023-01-06 11:42:00,0.00119058,08:10 - 16:10,48,0
2023-01-06 11:43:00,0.00119058,08:10 - 16:10,48,0
2023-01-06 11:44:00,0.00119925,08:10 - 16:10,48,0
2023-01-06 11:45:00,0.00120675,08:10 - 16:10,48,0
2023-01-06 11:46:00,0.00121208,08:10 - 16:10,48,0
2023-01-06 11:47:00,0.00121208,08:10 - 16:10,48,0
2023-01-06 11:48:00,0.00122508,08:10 - 16:10,48,0
2023-01-06 11:49:00,0.00122508,08:10 - 16:10,48,0
2023-01-06 11:50:00,0.00122858,08:10 - 16:10,48,0
2023-01-06 11:51:00,0.00122658,08:10 - 16:10,48,0
2023-01-06 11:52:00,0.00122391,08:10 - 16:10,48,0
2023-01-06 11:53:00,0.00122125,08:10 - 16:10,48,0
2023-01-06 11:54:00,0.00122108,08:10 - 16:10,48,0
2023-01-06 11:55:00,0.00122108,08:10 - 16:10,48,0
2023-01-06 11:56:00,0.00121791,08:10 - 16:10,48,0
2023-01-06 11:57:00,0.00121275,08:10 - 16:10,48,0
2023-01-06 11:58:00,0.00121158,08:10 - 16:10,48,0
2023-01-06 11:59:00,0.00299575,08:10 - 16:10,48,0
2023-01-06 12:00:00,0.00301241,08:10 - 16:10,48,0
2023-01-06 12:01:00,0.00301041,08:10 - 16:10,48,0
2023-01-06 12:02:00,0.00301341,08:10 - 16:10,48,0
2023-01-06 12:03:00,0.00301725,08:10 - 16:10,48,0
2023-01-06 12:04:00,0.00302091,08:10 - 16:10,48,0
2023-01-06 12:05:00,0.00301475,08:10 - 16:10,48,0
2023-01-06 12:06:00,0.00301475,08:10 - 16:10,48,0
2023-01-06 12:07:00,0.00301075,08:10 - 16:10,48,0
2023-01-06 12:08:00,0.00300858,08:10 - 16:10,48,0
2023-01-06 12:09:00,0.00300825,08:10 - 16:10,48,0
2023-01-06 12:10:00,0.00300708,08:10 - 16:10,48,0
2023-01-06 12:11:00,0.00300691,08:10 - 16:10,48,0
2023-01-06 12:12:00,0.00300691,08:10 - 16:10,48,0
2023-01-06 12:13:00,0.00300375,08:10 - 16:10,48,0
2023-01-06 12:14:00,0.00299741,08:10 - 16:10,48,0
2023-01-06 12:15:00,0.00299575,08:10 - 16:10,48,0
2023-01-06 12:16:00,0.00298975,08:10 - 16:10,48,0
2023-01-06 12:17:00,0.00298041,08:10 - 16:10,48,0
2023-01-06 12:18:00,0.00298041,08:10 - 16:10,48,0
2023-01-06 12:19:00,0.00297308,08:10 - 16:10,48,0
2023-01-06 12:20:00,0.00296741,08:10 - 16:10,48,0
2023-01-06 12:21:00,0.00296275,08:10 - 16:10,48,0
2023-01-06 12:22:00,0.00295775,08:10 - 16:10,48,0
2023-01-06 12:23:00,0.00295775,08:10 - 16:10,48,0
2023-01-06 12:24:00,0.00295341,08:10 - 16:10,48,0
2023-01-06 12:25:00,0.00295608,08:10 - 16:10,48,0
2023-01-06 12:26:00,0.00295941,08:10 - 16:10,48,0
2023-01-06 12:27:00,0.00295758,08:10 - 16:10,48,0
2023-01-06 12:28:00,0.00295375,08:10 - 16:10,48,0
2023-01-06 12:29:00,0.00295375,08:10 - 16:10,48,0
2023-01-06 12:30:00,0.00295291,08:10 - 16:10,48,0
2023-01-06 12:31:00,0.00295275,08:10 - 16:10,48,0
2023-01-06 12:32:00,0.00295458,08:10 - 16:10,48,0
2023-01-06 12:33:00,0.00296208,08:10 - 16:10,48,0
2023-01-06 12:34:00,0.00296208,08:10 - 16:10,48,0
2023-01-06 12:35:00,0.00297041,08:10 - 16:10,48,0
2023-01-06 12:36:00,0.00298108,08:10 - 16:10,48,0
2023-01-06 12:37:00,0.00299208,08:10 - 16:10,48,0
2023-01-06 12:38:00,0.00300158,08:10 - 16:10,48,0
2023-01-06 12:39:00,0.00301341,08:10 - 16:10,48,0
2023-01-06 12:40:00,0.00302091,08:10 - 16:10,48,0
2023-01-06 12:41:00,0.00302091,08:10 - 16:10,48,0
2023-01-06 12:42:00,0.00302675,08:10 - 16:10,48,0
2023-01-06 12:43:00,0.00303775,08:10 - 16:10,48,0
2023-01-06 12:44:00,0.00304941,08:10 - 16:10,48,0
2023-01-06 12:45:00,0.00305458,08:10 - 16:10,48,0
2023-01-06 12:46:00,0.00305458,08:10 - 16:10,48,0
2023-01-06 12:47:00,0.00305658,08:10 - 16:10,48,0
2023-01-06 12:48:00,0.00306341,08:10 - 16:10,48,0
2023-01-06 12:49:00,0.00307191,08:10 - 16:10,48,0
2023-01-06 12:50:00,0.00308075,08:10 - 16:10,48,0
2023-01-06 12:51:00,0.00308075,08:10 - 16:10,48,0
2023-01-06 12:52:00,0.00308541,08:10 - 16:10,48,0
2023-01-06 12:53:00,0.00309041,08:10 - 16:10,48,0
2023-01-06 12:54:00,0.00309091,08:10 - 16:10,48,0
2023-01-06 12:55:00,0.00309091,08:10 - 16:10,48,0
2023-01-06 12:56:00,0.00309091,08:10 - 16:10,48,0
2023-01-06 12:57:00,0.00309091,08:10 - 16:10,48,0
2023-01-06 12:58:00,0.00309091,08:10 - 16:10,48,0
2023-01-06 12:59:00,0.00309091,08:10 - 16:10,48,0
2023-01-06 13:00:00,0.00309091,08:10 - 16:10,48,0
2023-01-06 13:01:00,0.00309091,08:10 - 16:10,48,0
2023-01-06 13:02:00,0.00309091,08:10 - 16:10,48,0
2023-01-06 13:03:00,0.00308791,08:10 - 16:10,48,0
2023-01-06 13:04:00,0.00308791,08:10 - 16:10,48,0
2023-01-06 13:05:00,0.00309025,08:10 - 16:10,48,0
2023-01-06 13:06:00,0.00309091,08:10 - 16:10,48,0
2023-01-06 13:07:00,0.00309091,08:10 - 16:10,48,0
2023-01-06 13:08:00,0.00309091,08:10 - 16:10,48,0
2023-01-06 13:09:00,0.00309091,08:10 - 16:10,48,0
2023-01-06 13:10:00,0.00309091,08:10 - 16:10,48,0
2023-01-06 13:11:00,0.00309091,08:10 - 16:10,48,0
2023-01-06 13:12:00,0.00309091,08:10 - 16:10,48,0
2023-01-06 13:13:00,0.00309091,08:10 - 16:10,48,0
2023-01-06 13:14:00,0.00309091,08:10 - 16:10,48,0
2023-01-06 13:15:00,0.00309091,08:10 - 16:10,48,0
2023-01-06 13:16:00,0.00309091,08:10 - 16:10,48,0
2023-01-06 13:17:00,0.00309091,08:10 - 16:10,48,0
2023-01-06 13:18:00,0.00309091,08:10 - 16:10,48,0
2023-01-06 13:19:00,0.00309091,08:10 - 16:10,48,0
2023-01-06 13:20:00,0.00309091,08:10 - 16:10,48,0
2023-01-06 13:21:00,0.00309091,08:10 - 16:10,48,0
2023-01-06 13:22:00,0.00309091,08:10 - 16:10,48,0
2023-01-06 13:23:00,0.00309091,08:10 - 16:10,48,0
2023-01-06 13:24:00,0.00309091,08:10 - 16:10,48,0
2023-01-06 13:25:00,0.00309091,08:10 - 16:10,48,0
2023-01-06 13:26:00,0.00309091,08:10 - 16:10,48,0
2023-01-06 13:27:00,0.00309091,08:10 - 16:10,48,0
2023-01-06 13:28:00,0.00309091,08:10 - 16:10,48,0
2023-01-06 13:29:00,0.00309091,08:10 - 16:10,48,0
2023-01-06 13:30:00,0.00309075,08:10 - 16:10,48,0
2023-01-06 13:31:00,0.00309075,08:10 - 16:10,48,0
2023-01-06 13:32:00,0.00309075,08:10 - 16:10,48,0
2023-01-06 13:33:00,0.00309075,08:10 - 16:10,48,0
2023-01-06 13:34:00,0.00309075,08:10 - 16:10,48,0
2023-01-06 13:35:00,0.00309075,08:10 - 16:10,48,0
2023-01-06 13:36:00,0.00309075,08:10 - 16:10,48,0
2023-01-06 13:37:00,0.00309075,08:10 - 16:10,48,0
2023-01-06 13:38:00,0.00309075,08:10 - 16:10,48,0
2023-01-06 13:39:00,0.00309075,08:10 - 16:10,48,0
2023-01-06 13:40:00,0.00309075,08:10 - 16:10,48,0
2023-01-06 13:41:00,0.00309075,08:10 - 16:10,48,0
2023-01-06 13:42:00,0.00309075,08:10 - 16:10,48,0
2023-01-06 13:43:00,0.00309075,08:10 - 16:10,48,0
2023-01-06 13:44:00,0.00309075,08:10 - 16:10,48,0
2023-01-06 13:45:00,0.00309075,08:10 - 16:10,48,0
2023-01-06 13:46:00,0.00309075,08:10 - 16:10,48,0
2023-01-06 13:47:00,0.00309075,08:10 - 16:10,48,0
2023-01-06 13:48:00,0.00309075,08:10 - 16:10,48,0
2023-01-06 13:49:00,0.00309075,08:10 - 16:10,48,0
2023-01-06 13:50:00,0.00309075,08:10 - 16:10,48,0
2023-01-06 13:51:00,0.00309075,08:10 - 16:10,48,0
2023-01-06 13:52:00,0.00309075,08:10 - 16:10,48,0
2023-01-06 13:53:00,0.00309075,08:10 - 16:10,48,0
2023-01-06 13:54:00,0.00309075,08:10 - 16:10,48,0
2023-01-06 13:55:00,0.00309108,08:10 - 16:10,48,0
2023-01-06 13:56:00,0.00309125,08:10 - 16:10,48,0
2023-01-06 13:57:00,0.00309125,08:10 - 16:10,48,0
2023-01-06 13:58:00,0.00309125,08:10 - 16:10,48,0
2023-01-06 13:59:00,0.00309125,08:10 - 16:10,48,0
2023-01-06 14:00:00,0.00309125,08:10 - 16:10,48,0
2023-01-06 14:01:00,0.00309125,08:10 - 16:10,48,0
2023-01-06 14:02:00,0.00309125,08:10 - 16:10,48,0
2023-01-06 14:03:00,0.00309125,08:10 - 16:10,48,0
2023-01-06 14:04:00,0.00309125,08:10 - 16:10,48,0
2023-01-06 14:05:00,0.00309125,08:10 - 16:10,48,0
2023-01-06 14:06:00,0.00309125,08:10 - 16:10,48,0
2023-01-06 14:07:00,0.00309125,08:10 - 16:10,48,0
2023-01-06 14:08:00,0.00309125,08:10 - 16:10,48,0
2023-01-06 14:09:00,0.00309125,08:10 - 16:10,48,0
2023-01-06 14:10:00,0.00309125,08:10 - 16:10,48,0
2023-01-06 14:11:00,0.00309125,08:10 - 16:10,48,0
2023-01-06 14:12:00,0.00309125,08:10 - 16:10,48,0
2023-01-06 14:13:00,0.00309125,08:10 - 16:10,48,0
2023-01-06 14:14:00,0.00309125,08:10 - 16:10,48,0
2023-01-06 14:15:00,0.00309125,08:10 - 16:10,48,0
2023-01-06 14:16:00,0.00308325,08:10 - 16:10,48,0
2023-01-06 14:17:00,0.00308325,08:10 - 16:10,48,0
2023-01-06 14:18:00,0.00307325,08:10 - 16:10,48,0
2023-01-06 14:19:00,0.00306241,08:10 - 16:10,48,0
2023-01-06 14:20:00,0.00305541,08:10 - 16:10,48,0
2023-01-06 14:21:00,0.00305058,08:10 - 16:10,48,0
2023-01-06 14:22:00,0.00304991,08:10 - 16:10,48,0
2023-01-06 14:23:00,0.00304991,08:10 - 16:10,48,0
2023-01-06 14:24:00,0.00304691,08:10 - 16:10,48,0
2023-01-06 14:25:00,0.00304691,08:10 - 16:10,48,0
2023-01-06 14:26:00,0.00303091,08:10 - 16:10,48,0
2023-01-06 14:27:00,0.00302341,08:10 - 16:10,48,0
2023-01-06 14:28:00,0.00302341,08:10 - 16:10,48,0
2023-01-06 14:29:00,0.00302125,08:10 - 16:10,48,0
2023-01-06 14:30:00,0.00302075,08:10 - 16:10,48,0
2023-01-06 14:31:00,0.00300941,08:10 - 16:10,48,0
2023-01-06 14:32:00,0.00300875,08:10 - 16:10,48,0
2023-01-06 14:33:00,0.00301041,08:10 - 16:10,48,0
2023-01-06 14:34:00,0.00301041,08:10 - 16:10,48,0
2023-01-06 14:35:00,0.00301591,08:10 - 16:10,48,0
2023-01-06 14:36:00,0.00301591,08:10 - 16:10,48,0
2023-01-06 14:37:00,0.00300941,08:10 - 16:10,48,0
2023-01-06 14:38:00,0.00300425,08:10 - 16:10,48,0
2023-01-06 14:39:00,0.00299158,08:10 - 16:10,48,0
2023-01-06 14:40:00,0.00299158,08:10 - 16:10,48,0
2023-01-06 14:41:00,0.00298258,08:10 - 16:10,48,0
2023-01-06 14:42:00,0.00296958,08:10 - 16:10,48,0
2023-01-06 14:43:00,0.00295341,08:10 - 16:10,48,0
2023-01-06 14:44:00,0.00293508,08:10 - 16:10,48,0
2023-01-06 14:45:00,0.00293508,08:10 - 16:10,48,0
2023-01-06 14:46:00,0.00291641,08:10 - 16:10,48,0
2023-01-06 14:47:00,0.00290558,08:10 - 16:10,48,0
2023-01-06 14:48:00,0.00289675,08:10 - 16:10,48,0
2023-01-06 14:49:00,0.00289391,08:10 - 16:10,48,0
2023-01-06 14:50:00,0.00288825,08:10 - 16:10,48,0
2023-01-06 14:51:00,0.00288825,08:10 - 16:10,48,0
2023-01-06 14:52:00,0.00288558,08:10 - 16:10,48,0
2023-01-06 14:53:00,0.00287808,08:10 - 16:10,48,0
2023-01-06 14:54:00,0.00287441,08:10 - 16:10,48,0
2023-01-06 14:55:00,0.00287791,08:10 - 16:10,48,0
2023-01-06 14:56:00,0.00287291,08:10 - 16:10,48,0
2023-01-06 14:57:00,0.00287291,08:10 - 16:10,48,0
2023-01-06 14:58:00,0.00286275,08:10 - 16:10,48,0
2023-01-06 14:59:00,0.00285375,08:10 - 16:10,48,0
2023-01-06 15:00:00,0.00285058,08:10 - 16:10,48,0
2023-01-06 15:01:00,0.00284825,08:10 - 16:10,48,0
2023-01-06 15:02:00,0.00284825,08:10 - 16:10,48,0
2023-01-06 15:03:00,0.00284825,08:10 - 16:10,48,0
2023-01-06 15:04:00,0.00284375,08:10 - 16:10,48,0
2023-01-06 15:05:00,0.00283991,08:10 - 16:10,48,0
2023-01-06 15:06:00,0.00284475,08:10 - 16:10,48,0
2023-01-06 15:07:00,0.00284475,08:10 - 16:10,48,0
2023-01-06 15:08:00,0.00285125,08:10 - 16:10,48,0
2023-01-06 15:09:00,0.00285875,08:10 - 16:10,48,0
2023-01-06 15:10:00,0.00285141,08:10 - 16:10,48,0
2023-01-06 15:11:00,0.00284858,08:10 - 16:10,48,0
2023-01-06 15:12:00,0.00284391,08:10 - 16:10,48,0
2023-01-06 15:13:00,0.00284391,08:10 - 16:10,48,0
2023-01-06 15:14:00,0.00284408,08:10 - 16:10,48,0
2023-01-06 15:15:00,0.00284325,08:10 - 16:10,48,0
2023-01-06 15:16:00,0.00283991,08:10 - 16:10,48,0
2023-01-06 15:17:00,0.00283675,08:10 - 16:10,48,0
2023-01-06 15:18:00,0.00284475,08:10 - 16:10,48,0
2023-01-06 15:19:00,0.00284475,08:10 - 16:10,48,0
2023-01-06 15:20:00,0.00285125,08:10 - 16:10,48,0
2023-01-06 15:21:00,0.00285591,08:10 - 16:10,48,0
2023-01-06 15:22:00,0.00285491,08:10 - 16:10,48,0
2023-01-06 15:23:00,0.00285225,08:10 - 16:10,48,0
2023-01-06 15:24:00,0.00285041,08:10 - 16:10,48,0
2023-01-06 15:25:00,0.00285041,08:10 - 16:10,48,0
2023-01-06 15:26:00,0.00284791,08:10 - 16:10,48,0
2023-01-06 15:27:00,0.00283408,08:10 - 16:10,48,0
2023-01-06 15:28:00,0.00283041,08:10 - 16:10,48,0
2023-01-06 15:29:00,0.00282791,08:10 - 16:10,48,0
2023-01-06 15:30:00,0.00282791,08:10 - 16:10,48,0
2023-01-06 15:31:00,0.00282925,08:10 - 16:10,48,0
2023-01-06 15:32:00,0.00283625,08:10 - 16:10,48,0
2023-01-06 15:33:00,0.00283825,08:10 - 16:10,48,0
2023-01-06 15:34:00,0.00283758,08:10 - 16:10,48,0
2023-01-06 15:35:00,0.00283641,08:10 - 16:10,48,0
2023-01-06 15:36:00,0.00283641,08:10 - 16:10,48,0
2023-01-06 15:37:00,0.00284091,08:10 - 16:10,48,0
2023-01-06 15:38:00,0.00284641,08:10 - 16:10,48,0
2023-01-06 15:39:00,0.00285025,08:10 - 16:10,48,0
2023-01-06 15:40:00,0.00286208,08:10 - 16:10,48,0
2023-01-06 15:41:00,0.00286208,08:10 - 16:10,48,0
2023-01-06 15:42:00,0.00287241,08:10 - 16:10,48,0
2023-01-06 15:43:00,0.00287058,08:10 - 16:10,48,0
2023-01-06 15:44:00,0.00287058,08:10 - 16:10,48,0
2023-01-06 15:45:00,0.00287041,08:10 - 16:10,48,0
2023-01-06 15:46:00,0.00287041,08:10 - 16:10,48,0
2023-01-06 15:47:00,0.00287808,08:10 - 16:10,48,0
2023-01-06 15:48:00,0.00287525,08:10 - 16:10,48,0
2023-01-06 15:49:00,0.00287825,08:10 - 16:10,48,0
2023-01-06 15:50:00,0.00287708,08:10 - 16:10,48,0
2023-01-06 15:51:00,0.00287641,08:10 - 16:10,48,0
2023-01-06 15:52:00,0.00287341,08:10 - 16:10,48,0
2023-01-06 15:53:00,0.00287341,08:10 - 16:10,48,0
2023-01-06 15:54:00,0.00286941,08:10 - 16:10,48,0
2023-01-06 15:55:00,0.00286708,08:10 - 16:10,48,0
2023-01-06 15:56:00,0.00286358,08:10 - 16:10,48,0
2023-01-06 15:57:00,0.00286275,08:10 - 16:10,48,0
2023-01-06 15:58:00,0.00286358,08:10 - 16:10,48,0
2023-01-06 15:59:00,0.00274058,08:10 - 16:10,48,0
2023-01-06 16:00:00,0.00290935,08:10 - 16:10,48,0
2023-01-06 16:01:00,0.00399362,08:10 - 16:10,48,0
2023-01-06 16:02:00,0.00371545,08:10 - 16:10,48,0
2023-01-06 16:03:00,0.00399378,08:10 - 16:10,48,0
2023-01-06 16:04:00,0.00341045,08:10 - 16:10,48,0
2023-01-06 16:05:00,0.00293595,08:10 - 16:10,48,0
2023-01-06 16:06:00,0.00326212,08:10 - 16:10,48,0
2023-01-06 16:07:00,0.00303862,08:10 - 16:10,48,0
2023-01-06 16:08:00,0.00298645,08:10 - 16:10,48,0
2023-01-06 16:09:00,0.00312645,08:10 - 16:10,48,0
2023-01-06 16:10:00,0.00285978,16:10 - 00:10,49,0
2023-01-06 16:11:00,0.00278295,16:10 - 00:10,49,0
2023-01-06 16:12:00,0.00280678,16:10 - 00:10,49,0
2023-01-06 16:13:00,0.00290862,16:10 - 00:10,49,0
2023-01-06 16:14:00,0.00300878,16:10 - 00:10,49,0
2023-01-06 16:15:00,0.00319512,16:10 - 00:10,49,0
2023-01-06 16:16:00,0.00306178,16:10 - 00:10,49,0
2023-01-06 16:17:00,0.00331612,16:10 - 00:10,49,0
2023-01-06 16:18:00,0.00352112,16:10 - 00:10,49,0
2023-01-06 16:19:00,0.00347912,16:10 - 00:10,49,0
2023-01-06 16:20:00,0.00355745,16:10 - 00:10,49,0
2023-01-06 16:21:00,0.00369078,16:10 - 00:10,49,0
2023-01-06 16:22:00,0.00375312,16:10 - 00:10,49,0
2023-01-06 16:23:00,0.00368628,16:10 - 00:10,49,0
2023-01-06 16:24:00,0.00360328,16:10 - 00:10,49,0
2023-01-06 16:25:00,0.00352095,16:10 - 00:10,49,0
2023-01-06 16:26:00,0.00355328,16:10 - 00:10,49,0
2023-01-06 16:27:00,0.00371995,16:10 - 00:10,49,0
2023-01-06 16:28:00,0.00381778,16:10 - 00:10,49,0
2023-01-06 16:29:00,0.00384628,16:10 - 00:10,49,0
2023-01-06 16:30:00,0.00384028,16:10 - 00:10,49,0
2023-01-06 16:31:00,0.00383478,16:10 - 00:10,49,0
2023-01-06 16:32:00,0.00383328,16:10 - 00:10,49,0
2023-01-06 16:33:00,0.00383328,16:10 - 00:10,49,0
2023-01-06 16:34:00,0.00383412,16:10 - 00:10,49,0
2023-01-06 16:35:00,0.00383695,16:10 - 00:10,49,0
2023-01-06 16:36:00,0.00383412,16:10 - 00:10,49,0
2023-01-06 16:37:00,0.00383195,16:10 - 00:10,49,0
2023-01-06 16:38:00,0.00383195,16:10 - 00:10,49,0
2023-01-06 16:39:00,0.00383445,16:10 - 00:10,49,0
2023-01-06 16:40:00,0.00384195,16:10 - 00:10,49,0
2023-01-06 16:41:00,0.00385762,16:10 - 00:10,49,0
2023-01-06 16:42:00,0.00385762,16:10 - 00:10,49,0
2023-01-06 16:43:00,0.00387078,16:10 - 00:10,49,0
2023-01-06 16:44:00,0.00387078,16:10 - 00:10,49,0
2023-01-06 16:45:00,0.00387862,16:10 - 00:10,49,0
2023-01-06 16:46:00,0.00388462,16:10 - 00:10,49,0
2023-01-06 16:47:00,0.00388778,16:10 - 00:10,49,0
2023-01-06 16:48:00,0.00389162,16:10 - 00:10,49,0
2023-01-06 16:49:00,0.00389162,16:10 - 00:10,49,0
2023-01-06 16:50:00,0.00389928,16:10 - 00:10,49,0
2023-01-06 16:51:00,0.00391145,16:10 - 00:10,49,0
2023-01-06 16:52:00,0.00391145,16:10 - 00:10,49,0
2023-01-06 16:53:00,0.00394295,16:10 - 00:10,49,0
2023-01-06 16:54:00,0.00394328,16:10 - 00:10,49,0
2023-01-06 16:55:00,0.00394328,16:10 - 00:10,49,0
2023-01-06 16:56:00,0.00394545,16:10 - 00:10,49,0
2023-01-06 16:57:00,0.00394462,16:10 - 00:10,49,0
2023-01-06 16:58:00,0.00394728,16:10 - 00:10,49,0
2023-01-06 16:59:00,0.00394378,16:10 - 00:10,49,0
2023-01-06 17:00:00,0.00393845,16:10 - 00:10,49,0
2023-01-06 17:01:00,0.00393845,16:10 - 00:10,49,0
2023-01-06 17:02:00,0.00393312,16:10 - 00:10,49,0
2023-01-06 17:03:00,0.00392195,16:10 - 00:10,49,0
2023-01-06 17:04:00,0.00391378,16:10 - 00:10,49,0
2023-01-06 17:05:00,0.00390762,16:10 - 00:10,49,0
2023-01-06 17:06:00,0.00390762,16:10 - 00:10,49,0
2023-01-06 17:07:00,0.00389978,16:10 - 00:10,49,0
2023-01-06 17:08:00,0.00389978,16:10 - 00:10,49,0
2023-01-06 17:09:00,0.00388062,16:10 - 00:10,49,0
2023-01-06 17:10:00,0.00386878,16:10 - 00:10,49,0
2023-01-06 17:11:00,0.00385662,16:10 - 00:10,49,0
2023-01-06 17:12:00,0.00385662,16:10 - 00:10,49,0
2023-01-06 17:13:00,0.00384362,16:10 - 00:10,49,0
2023-01-06 17:14:00,0.00383145,16:10 - 00:10,49,0
2023-01-06 17:15:00,0.00382045,16:10 - 00:10,49,0
2023-01-06 17:16:00,0.00380445,16:10 - 00:10,49,0
2023-01-06 17:17:00,0.00379112,16:10 - 00:10,49,0
2023-01-06 17:18:00,0.00379112,16:10 - 00:10,49,0
2023-01-06 17:19:00,0.00377595,16:10 - 00:10,49,0
2023-01-06 17:20:00,0.00375862,16:10 - 00:10,49,0
2023-01-06 17:21:00,0.00374595,16:10 - 00:10,49,0
2023-01-06 17:22:00,0.00373978,16:10 - 00:10,49,0
2023-01-06 17:23:00,0.00373328,16:10 - 00:10,49,0
2023-01-06 17:24:00,0.00373328,16:10 - 00:10,49,0
2023-01-06 17:25:00,0.00372512,16:10 - 00:10,49,0
2023-01-06 17:26:00,0.00372378,16:10 - 00:10,49,0
2023-01-06 17:27:00,0.00372095,16:10 - 00:10,49,0
2023-01-06 17:28:00,0.00371328,16:10 - 00:10,49,0
2023-01-06 17:29:00,0.00371328,16:10 - 00:10,49,0
2023-01-06 17:30:00,0.00370745,16:10 - 00:10,49,0
2023-01-06 17:31:00,0.00370445,16:10 - 00:10,49,0
2023-01-06 17:32:00,0.00370145,16:10 - 00:10,49,0
2023-01-06 17:33:00,0.00369528,16:10 - 00:10,49,0
2023-01-06 17:34:00,0.00368512,16:10 - 00:10,49,0
2023-01-06 17:35:00,0.00368512,16:10 - 00:10,49,0
2023-01-06 17:36:00,0.00367128,16:10 - 00:10,49,0
2023-01-06 17:37:00,0.00365095,16:10 - 00:10,49,0
2023-01-06 17:38:00,0.00363612,16:10 - 00:10,49,0
2023-01-06 17:39:00,0.00362912,16:10 - 00:10,49,0
2023-01-06 17:40:00,0.00362162,16:10 - 00:10,49,0
2023-01-06 17:41:00,0.00362162,16:10 - 00:10,49,0
2023-01-06 17:42:00,0.00361145,16:10 - 00:10,49,0
2023-01-06 17:43:00,0.00360228,16:10 - 00:10,49,0
2023-01-06 17:44:00,0.00359145,16:10 - 00:10,49,0
2023-01-06 17:45:00,0.00358012,16:10 - 00:10,49,0
2023-01-06 17:46:00,0.00358012,16:10 - 00:10,49,0
2023-01-06 17:47:00,0.00357195,16:10 - 00:10,49,0
2023-01-06 17:48:00,0.00356778,16:10 - 00:10,49,0
2023-01-06 17:49:00,0.00356228,16:10 - 00:10,49,0
2023-01-06 17:50:00,0.00355528,16:10 - 00:10,49,0
2023-01-06 17:51:00,0.00354512,16:10 - 00:10,49,0
2023-01-06 17:52:00,0.00354512,16:10 - 00:10,49,0
2023-01-06 17:53:00,0.00353712,16:10 - 00:10,49,0
2023-01-06 17:54:00,0.00352728,16:10 - 00:10,49,0
2023-01-06 17:55:00,0.00351712,16:10 - 00:10,49,0
2023-01-06 17:56:00,0.00351078,16:10 - 00:10,49,0
2023-01-06 17:57:00,0.00350412,16:10 - 00:10,49,0
2023-01-06 17:58:00,0.00350412,16:10 - 00:10,49,0
2023-01-06 17:59:00,0.00350312,16:10 - 00:10,49,0
2023-01-06 18:00:00,0.00350578,16:10 - 00:10,49,0
2023-01-06 18:01:00,0.00351195,16:10 - 00:10,49,0
2023-01-06 18:02:00,0.00351395,16:10 - 00:10,49,0
2023-01-06 18:03:00,0.00351695,16:10 - 00:10,49,0
2023-01-06 18:04:00,0.00351695,16:10 - 00:10,49,0
2023-01-06 18:05:00,0.00352562,16:10 - 00:10,49,0
2023-01-06 18:06:00,0.00353528,16:10 - 00:10,49,0
2023-01-06 18:07:00,0.00351462,16:10 - 00:10,49,0
2023-01-06 18:08:00,0.00348612,16:10 - 00:10,49,0
2023-01-06 18:09:00,0.00345278,16:10 - 00:10,49,0
2023-01-06 18:10:00,0.00338578,16:10 - 00:10,49,0
2023-01-06 18:11:00,0.00336612,16:10 - 00:10,49,0
2023-01-06 18:12:00,0.00334478,16:10 - 00:10,49,0
2023-01-06 18:13:00,0.00329112,16:10 - 00:10,49,0
2023-01-06 18:14:00,0.00328612,16:10 - 00:10,49,0
2023-01-06 18:15:00,0.00326945,16:10 - 00:10,49,0
2023-01-06 18:16:00,0.00325345,16:10 - 00:10,49,0
2023-01-06 18:17:00,0.00321845,16:10 - 00:10,49,0
2023-01-06 18:18:00,0.00319812,16:10 - 00:10,49,0
2023-01-06 18:19:00,0.00317995,16:10 - 00:10,49,0
2023-01-06 18:20:00,0.00314662,16:10 - 00:10,49,0
2023-01-06 18:21:00,0.00310945,16:10 - 00:10,49,0
2023-01-06 18:22:00,0.00307245,16:10 - 00:10,49,0
2023-01-06 18:23:00,0.00303328,16:10 - 00:10,49,0
2023-01-06 18:24:00,0.00301145,16:10 - 00:10,49,0
2023-01-06 18:25:00,0.00294478,16:10 - 00:10,49,0
2023-01-06 18:26:00,0.00291128,16:10 - 00:10,49,0
2023-01-06 18:27:00,0.00289245,16:10 - 00:10,49,0
2023-01-06 18:28:00,0.00286328,16:10 - 00:10,49,0
2023-01-06 18:29:00,0.00284395,16:10 - 00:10,49,0
2023-01-06 18:30:00,0.00283228,16:10 - 00:10,49,0
2023-01-06 18:31:00,0.00279895,16:10 - 00:10,49,0
2023-01-06 18:32:00,0.00282445,16:10 - 00:10,49,0
2023-01-06 18:33:00,0.00281162,16:10 - 00:10,49,0
2023-01-06 18:34:00,0.00278562,16:10 - 00:10,49,0
2023-01-06 18:35:00,0.00277228,16:10 - 00:10,49,0
2023-01-06 18:36:00,0.00277078,16:10 - 00:10,49,0
2023-01-06 18:37:00,0.00275412,16:10 - 00:10,49,0
2023-01-06 18:38:00,0.00274212,16:10 - 00:10,49,0
2023-01-06 18:39:00,0.00272962,16:10 - 00:10,49,0
2023-01-06 18:40:00,0.00273095,16:10 - 00:10,49,0
2023-01-06 18:41:00,0.00272945,16:10 - 00:10,49,0
2023-01-06 18:42:00,0.00271062,16:10 - 00:10,49,0
2023-01-06 18:43:00,0.00269395,16:10 - 00:10,49,0
2023-01-06 18:44:00,0.00267928,16:10 - 00:10,49,0
2023-01-06 18:45:00,0.00269595,16:10 - 00:10,49,0
2023-01-06 18:46:00,0.00268845,16:10 - 00:10,49,0
2023-01-06 18:47:00,0.00267195,16:10 - 00:10,49,0
2023-01-06 18:48:00,0.00267195,16:10 - 00:10,49,0
2023-01-06 18:49:00,0.00264812,16:10 - 00:10,49,0
2023-01-06 18:50:00,0.00262778,16:10 - 00:10,49,0
2023-01-06 18:51:00,0.00260328,16:10 - 00:10,49,0
2023-01-06 18:52:00,0.00256445,16:10 - 00:10,49,0
2023-01-06 18:53:00,0.00256312,16:10 - 00:10,49,0
2023-01-06 18:54:00,0.00254645,16:10 - 00:10,49,0
2023-01-06 18:55:00,0.00252362,16:10 - 00:10,49,0
2023-01-06 18:56:00,0.00250662,16:10 - 00:10,49,0
2023-01-06 18:57:00,0.00248795,16:10 - 00:10,49,0
2023-01-06 18:58:00,0.00246178,16:10 - 00:10,49,0
2023-01-06 18:59:00,0.00243828,16:10 - 00:10,49,0
2023-01-06 19:00:00,0.00242162,16:10 - 00:10,49,0
2023-01-06 19:01:00,0.00240362,16:10 - 00:10,49,0
2023-01-06 19:02:00,0.00238428,16:10 - 00:10,49,0
2023-01-06 19:03:00,0.00238228,16:10 - 00:10,49,0
2023-01-06 19:04:00,0.00237878,16:10 - 00:10,49,0
2023-01-06 19:05:00,0.00235645,16:10 - 00:10,49,0
2023-01-06 19:06:00,0.00235645,16:10 - 00:10,49,0
2023-01-06 19:07:00,0.00236728,16:10 - 00:10,49,0
2023-01-06 19:08:00,0.00235978,16:10 - 00:10,49,0
2023-01-06 19:09:00,0.00236378,16:10 - 00:10,49,0
2023-01-06 19:10:00,0.00235462,16:10 - 00:10,49,0
2023-01-06 19:11:00,0.00235462,16:10 - 00:10,49,0
2023-01-06 19:12:00,0.00235012,16:10 - 00:10,49,0
2023-01-06 19:13:00,0.00234862,16:10 - 00:10,49,0
2023-01-06 19:14:00,0.00235278,16:10 - 00:10,49,0
2023-01-06 19:15:00,0.00235128,16:10 - 00:10,49,0
2023-01-06 19:16:00,0.00234462,16:10 - 00:10,49,0
2023-01-06 19:17:00,0.00234462,16:10 - 00:10,49,0
2023-01-06 19:18:00,0.00233445,16:10 - 00:10,49,0
2023-01-06 19:19:00,0.00232262,16:10 - 00:10,49,0
2023-01-06 19:20:00,0.00230478,16:10 - 00:10,49,0
2023-01-06 19:21:00,0.00231262,16:10 - 00:10,49,0
2023-01-06 19:22:00,0.00230195,16:10 - 00:10,49,0
2023-01-06 19:23:00,0.00230195,16:10 - 00:10,49,0
2023-01-06 19:24:00,0.00230845,16:10 - 00:10,49,0
2023-01-06 19:25:00,0.00231462,16:10 - 00:10,49,0
2023-01-06 19:26:00,0.00230462,16:10 - 00:10,49,0
2023-01-06 19:27:00,0.00228962,16:10 - 00:10,49,0
2023-01-06 19:28:00,0.00227295,16:10 - 00:10,49,0
2023-01-06 19:29:00,0.00225628,16:10 - 00:10,49,0
2023-01-06 19:30:00,0.00225512,16:10 - 00:10,49,0
2023-01-06 19:31:00,0.00223412,16:10 - 00:10,49,0
2023-01-06 19:32:00,0.00219828,16:10 - 00:10,49,0
2023-01-06 19:33:00,0.00217995,16:10 - 00:10,49,0
2023-01-06 19:34:00,0.00214662,16:10 - 00:10,49,0
2023-01-06 19:35:00,0.00212228,16:10 - 00:10,49,0
2023-01-06 19:36:00,0.00209295,16:10 - 00:10,49,0
2023-01-06 19:37:00,0.00206778,16:10 - 00:10,49,0
2023-01-06 19:38:00,0.00204428,16:10 - 00:10,49,0
2023-01-06 19:39:00,0.00205478,16:10 - 00:10,49,0
2023-01-06 19:40:00,0.00202145,16:10 - 00:10,49,0
2023-01-06 19:41:00,0.00204045,16:10 - 00:10,49,0
2023-01-06 19:42:00,0.00201495,16:10 - 00:10,49,0
2023-01-06 19:43:00,0.00200345,16:10 - 00:10,49,0
2023-01-06 19:44:00,0.00201428,16:10 - 00:10,49,0
2023-01-06 19:45:00,0.00203578,16:10 - 00:10,49,0
2023-01-06 19:46:00,0.00201912,16:10 - 00:10,49,0
2023-01-06 19:47:00,0.00206295,16:10 - 00:10,49,0
2023-01-06 19:48:00,0.00204045,16:10 - 00:10,49,0
2023-01-06 19:49:00,0.00203828,16:10 - 00:10,49,0
2023-01-06 19:50:00,0.00206378,16:10 - 00:10,49,0
2023-01-06 19:51:00,0.00205312,16:10 - 00:10,49,0
2023-01-06 19:52:00,0.00205312,16:10 - 00:10,49,0
2023-01-06 19:53:00,0.00204395,16:10 - 00:10,49,0
2023-01-06 19:54:00,0.00203812,16:10 - 00:10,49,0
2023-01-06 19:55:00,0.00204645,16:10 - 00:10,49,0
2023-01-06 19:56:00,0.00205112,16:10 - 00:10,49,0
2023-01-06 19:57:00,0.00206778,16:10 - 00:10,49,0
2023-01-06 19:58:00,0.00206562,16:10 - 00:10,49,0
2023-01-06 19:59:00,0.00268345,16:10 - 00:10,49,0
2023-01-06 20:00:00,0.00267378,16:10 - 00:10,49,0
2023-01-06 20:01:00,0.00269128,16:10 - 00:10,49,0
2023-01-06 20:02:00,0.00274645,16:10 - 00:10,49,0
2023-01-06 20:03:00,0.00274645,16:10 - 00:10,49,0
2023-01-06 20:04:00,0.00275245,16:10 - 00:10,49,0
2023-01-06 20:05:00,0.00276595,16:10 - 00:10,49,0
2023-01-06 20:06:00,0.00275828,16:10 - 00:10,49,0
2023-01-06 20:07:00,0.00276628,16:10 - 00:10,49,0
2023-01-06 20:08:00,0.00274178,16:10 - 00:10,49,0
2023-01-06 20:09:00,0.00274178,16:10 - 00:10,49,0
2023-01-06 20:10:00,0.00273678,16:10 - 00:10,49,0
2023-01-06 20:11:00,0.00274862,16:10 - 00:10,49,0
2023-01-06 20:12:00,0.00274245,16:10 - 00:10,49,0
2023-01-06 20:13:00,0.00274462,16:10 - 00:10,49,0
2023-01-06 20:14:00,0.00272795,16:10 - 00:10,49,0
2023-01-06 20:15:00,0.00272795,16:10 - 00:10,49,0
2023-01-06 20:16:00,0.00272395,16:10 - 00:10,49,0
2023-01-06 20:17:00,0.00273678,16:10 - 00:10,49,0
2023-01-06 20:18:00,0.00273978,16:10 - 00:10,49,0
2023-01-06 20:19:00,0.00272162,16:10 - 00:10,49,0
2023-01-06 20:20:00,0.00270495,16:10 - 00:10,49,0
2023-01-06 20:21:00,0.00266312,16:10 - 00:10,49,0
2023-01-06 20:22:00,0.00263645,16:10 - 00:10,49,0
2023-01-06 20:23:00,0.00262928,16:10 - 00:10,49,0
2023-01-06 20:24:00,0.00260262,16:10 - 00:10,49,0
2023-01-06 20:25:00,0.00260262,16:10 - 00:10,49,0
2023-01-06 20:26:00,0.00258112,16:10 - 00:10,49,0
2023-01-06 20:27:00,0.00259545,16:10 - 00:10,49,0
2023-01-06 20:28:00,0.00258162,16:10 - 00:10,49,0
2023-01-06 20:29:00,0.00257662,16:10 - 00:10,49,0
2023-01-06 20:30:00,0.00255962,16:10 - 00:10,49,0
2023-01-06 20:31:00,0.00257628,16:10 - 00:10,49,0
2023-01-06 20:32:00,0.00257612,16:10 - 00:10,49,0
2023-01-06 20:33:00,0.00255495,16:10 - 00:10,49,0
2023-01-06 20:34:00,0.00255845,16:10 - 00:10,49,0
2023-01-06 20:35:00,0.00256245,16:10 - 00:10,49,0
2023-01-06 20:36:00,0.00256328,16:10 - 00:10,49,0
2023-01-06 20:37:00,0.00256328,16:10 - 00:10,49,0
2023-01-06 20:38:00,0.00254712,16:10 - 00:10,49,0
2023-01-06 20:39:00,0.00252512,16:10 - 00:10,49,0
2023-01-06 20:40:00,0.00251078,16:10 - 00:10,49,0
2023-01-06 20:41:00,0.00249328,16:10 - 00:10,49,0
2023-01-06 20:42:00,0.00249328,16:10 - 00:10,49,0
2023-01-06 20:43:00,0.00247295,16:10 - 00:10,49,0
2023-01-06 20:44:00,0.00242662,16:10 - 00:10,49,0
2023-01-06 20:45:00,0.00239528,16:10 - 00:10,49,0
2023-01-06 20:46:00,0.00237195,16:10 - 00:10,49,0
2023-01-06 20:47:00,0.00234428,16:10 - 00:10,49,0
2023-01-06 20:48:00,0.00232762,16:10 - 00:10,49,0
2023-01-06 20:49:00,0.00230112,16:10 - 00:10,49,0
2023-01-06 20:50:00,0.00227778,16:10 - 00:10,49,0
2023-01-06 20:51:00,0.00225045,16:10 - 00:10,49,0
2023-01-06 20:52:00,0.00223828,16:10 - 00:10,49,0
2023-01-06 20:53:00,0.00222828,16:10 - 00:10,49,0
2023-01-06 20:54:00,0.00221162,16:10 - 00:10,49,0
2023-01-06 20:55:00,0.00219862,16:10 - 00:10,49,0
2023-01-06 20:56:00,0.00218762,16:10 - 00:10,49,0
2023-01-06 20:57:00,0.00219028,16:10 - 00:10,49,0
2023-01-06 20:58:00,0.00216678,16:10 - 00:10,49,0
2023-01-06 20:59:00,0.00216528,16:10 - 00:10,49,0
2023-01-06 21:00:00,0.00214862,16:10 - 00:10,49,0
2023-01-06 21:01:00,0.00215328,16:10 - 00:10,49,0
2023-01-06 21:02:00,0.00216995,16:10 - 00:10,49,0
2023-01-06 21:03:00,0.00214545,16:10 - 00:10,49,0
2023-01-06 21:04:00,0.00214162,16:10 - 00:10,49,0
2023-01-06 21:05:00,0.00213645,16:10 - 00:10,49,0
2023-01-06 21:06:00,0.00211978,16:10 - 00:10,49,0
2023-01-06 21:07:00,0.00212762,16:10 - 00:10,49,0
2023-01-06 21:08:00,0.00211445,16:10 - 00:10,49,0
2023-01-06 21:09:00,0.00211962,16:10 - 00:10,49,0
2023-01-06 21:10:00,0.00211662,16:10 - 00:10,49,0
2023-01-06 21:11:00,0.00211662,16:10 - 00:10,49,0
2023-01-06 21:12:00,0.00210595,16:10 - 00:10,49,0
2023-01-06 21:13:00,0.00209445,16:10 - 00:10,49,0
2023-01-06 21:14:00,0.00209445,16:10 - 00:10,49,0
2023-01-06 21:15:00,0.00208595,16:10 - 00:10,49,0
2023-01-06 21:16:00,0.00210195,16:10 - 00:10,49,0
2023-01-06 21:17:00,0.00211862,16:10 - 00:10,49,0
2023-01-06 21:18:00,0.00213128,16:10 - 00:10,49,0
2023-01-06 21:19:00,0.00212295,16:10 - 00:10,49,0
2023-01-06 21:20:00,0.00213878,16:10 - 00:10,49,0
2023-01-06 21:21:00,0.00214262,16:10 - 00:10,49,0
2023-01-06 21:22:00,0.00213978,16:10 - 00:10,49,0
2023-01-06 21:23:00,0.00213978,16:10 - 00:10,49,0
2023-01-06 21:24:00,0.00213412,16:10 - 00:10,49,0
2023-01-06 21:25:00,0.00212795,16:10 - 00:10,49,0
2023-01-06 21:26:00,0.00213912,16:10 - 00:10,49,0
2023-01-06 21:27:00,0.00213145,16:10 - 00:10,49,0
2023-01-06 21:28:00,0.00213645,16:10 - 00:10,49,0
2023-01-06 21:29:00,0.00215328,16:10 - 00:10,49,0
2023-01-06 21:30:00,0.00215345,16:10 - 00:10,49,0
2023-01-06 21:31:00,0.00214662,16:10 - 00:10,49,0
2023-01-06 21:32:00,0.00214162,16:10 - 00:10,49,0
2023-01-06 21:33:00,0.00213445,16:10 - 00:10,49,0
2023-01-06 21:34:00,0.00213445,16:10 - 00:10,49,0
2023-01-06 21:35:00,0.00214895,16:10 - 00:10,49,0
2023-01-06 21:36:00,0.00214612,16:10 - 00:10,49,0
2023-01-06 21:37:00,0.00215095,16:10 - 00:10,49,0
2023-01-06 21:38:00,0.00215095,16:10 - 00:10,49,0
2023-01-06 21:39:00,0.00214212,16:10 - 00:10,49,0
2023-01-06 21:40:00,0.00212545,16:10 - 00:10,49,0
2023-01-06 21:41:00,0.00212795,16:10 - 00:10,49,0
2023-01-06 21:42:00,0.00211595,16:10 - 00:10,49,0
2023-01-06 21:43:00,0.00210828,16:10 - 00:10,49,0
2023-01-06 21:44:00,0.00211462,16:10 - 00:10,49,0
2023-01-06 21:45:00,0.00212512,16:10 - 00:10,49,0
2023-01-06 21:46:00,0.00210845,16:10 - 00:10,49,0
2023-01-06 21:47:00,0.00209712,16:10 - 00:10,49,0
2023-01-06 21:48:00,0.00209878,16:10 - 00:10,49,0
2023-01-06 21:49:00,0.00208062,16:10 - 00:10,49,0
2023-01-06 21:50:00,0.00207912,16:10 - 00:10,49,0
2023-01-06 21:51:00,0.00206245,16:10 - 00:10,49,0
2023-01-06 21:52:00,0.00206662,16:10 - 00:10,49,0
2023-01-06 21:53:00,0.00205028,16:10 - 00:10,49,0
2023-01-06 21:54:00,0.00203395,16:10 - 00:10,49,0
2023-01-06 21:55:00,0.00203562,16:10 - 00:10,49,0
2023-01-06 21:56:00,0.00201895,16:10 - 00:10,49,0
2023-01-06 21:57:00,0.00201912,16:10 - 00:10,49,0
2023-01-06 21:58:00,0.00200328,16:10 - 00:10,49,0
2023-01-06 21:59:00,0.00199228,16:10 - 00:10,49,0
2023-01-06 22:00:00,0.00199578,16:10 - 00:10,49,0
2023-01-06 22:01:00,0.00197212,16:10 - 00:10,49,0
2023-01-06 22:02:00,0.00195545,16:10 - 00:10,49,0
2023-01-06 22:03:00,0.00192862,16:10 - 00:10,49,0
2023-01-06 22:04:00,0.00191845,16:10 - 00:10,49,0
2023-01-06 22:05:00,0.00188778,16:10 - 00:10,49,0
2023-01-06 22:06:00,0.00186695,16:10 - 00:10,49,0
2023-01-06 22:07:00,0.00184078,16:10 - 00:10,49,0
2023-01-06 22:08:00,0.00182412,16:10 - 00:10,49,0
2023-01-06 22:09:00,0.00180195,16:10 - 00:10,49,0
2023-01-06 22:10:00,0.00176662,16:10 - 00:10,49,0
2023-01-06 22:11:00,0.00174462,16:10 - 00:10,49,0
2023-01-06 22:12:00,0.00170862,16:10 - 00:10,49,0
2023-01-06 22:13:00,0.00167495,16:10 - 00:10,49,0
2023-01-06 22:14:00,0.00164162,16:10 - 00:10,49,0
2023-01-06 22:15:00,0.00164395,16:10 - 00:10,49,0
2023-01-06 22:16:00,0.00163812,16:10 - 00:10,49,0
2023-01-06 22:17:00,0.00162712,16:10 - 00:10,49,0
2023-01-06 22:18:00,0.00161612,16:10 - 00:10,49,0
2023-01-06 22:19:00,0.00161612,16:10 - 00:10,49,0
2023-01-06 22:20:00,0.00160478,16:10 - 00:10,49,0
2023-01-06 22:21:00,0.00159428,16:10 - 00:10,49,0
2023-01-06 22:22:00,0.00158395,16:10 - 00:10,49,0
2023-01-06 22:23:00,0.00157678,16:10 - 00:10,49,0
2023-01-06 22:24:00,0.00155262,16:10 - 00:10,49,0
2023-01-06 22:25:00,0.00155262,16:10 - 00:10,49,0
2023-01-06 22:26:00,0.00152812,16:10 - 00:10,49,0
2023-01-06 22:27:00,0.00150628,16:10 - 00:10,49,0
2023-01-06 22:28:00,0.00150195,16:10 - 00:10,49,0
2023-01-06 22:29:00,0.00149662,16:10 - 00:10,49,0
2023-01-06 22:30:00,0.00148978,16:10 - 00:10,49,0
2023-01-06 22:31:00,0.00148978,16:10 - 00:10,49,0
2023-01-06 22:32:00,0.00148195,16:10 - 00:10,49,0
2023-01-06 22:33:00,0.00147645,16:10 - 00:10,49,0
2023-01-06 22:34:00,0.00145412,16:10 - 00:10,49,0
2023-01-06 22:35:00,0.00145445,16:10 - 00:10,49,0
2023-01-06 22:36:00,0.00144278,16:10 - 00:10,49,0
2023-01-06 22:37:00,0.00144278,16:10 - 00:10,49,0
2023-01-06 22:38:00,0.00143728,16:10 - 00:10,49,0
2023-01-06 22:39:00,0.00142645,16:10 - 00:10,49,0
2023-01-06 22:40:00,0.00139928,16:10 - 00:10,49,0
2023-01-06 22:41:00,0.00137028,16:10 - 00:10,49,0
2023-01-06 22:42:00,0.00137028,16:10 - 00:10,49,0
2023-01-06 22:43:00,0.00134745,16:10 - 00:10,49,0
2023-01-06 22:44:00,0.00134178,16:10 - 00:10,49,0
2023-01-06 22:45:00,0.00132012,16:10 - 00:10,49,0
2023-01-06 22:46:00,0.00130878,16:10 - 00:10,49,0
2023-01-06 22:47:00,0.00128062,16:10 - 00:10,49,0
2023-01-06 22:48:00,0.00126395,16:10 - 00:10,49,0
2023-01-06 22:49:00,0.00125445,16:10 - 00:10,49,0
2023-01-06 22:50:00,0.00123078,16:10 - 00:10,49,0
2023-01-06 22:51:00,0.00122612,16:10 - 00:10,49,0
2023-01-06 22:52:00,0.00121078,16:10 - 00:10,49,0
2023-01-06 22:53:00,0.00118595,16:10 - 00:10,49,0
2023-01-06 22:54:00,0.00118595,16:10 - 00:10,49,0
2023-01-06 22:55:00,0.00117295,16:10 - 00:10,49,0
2023-01-06 22:56:00,0.00116562,16:10 - 00:10,49,0
2023-01-06 22:57:00,0.00114095,16:10 - 00:10,49,0
2023-01-06 22:58:00,0.00111995,16:10 - 00:10,49,0
2023-01-06 22:59:00,0.00110962,16:10 - 00:10,49,0
2023-01-06 23:00:00,0.00110962,16:10 - 00:10,49,0
2023-01-06 23:01:00,0.00109178,16:10 - 00:10,49,0
2023-01-06 23:02:00,0.00108512,16:10 - 00:10,49,0
2023-01-06 23:03:00,0.00106912,16:10 - 00:10,49,0
2023-01-06 23:04:00,0.00106695,16:10 - 00:10,49,0
2023-01-06 23:05:00,0.00106695,16:10 - 00:10,49,0
2023-01-06 23:06:00,0.00106645,16:10 - 00:10,49,0
2023-01-06 23:07:00,0.00106778,16:10 - 00:10,49,0
2023-01-06 23:08:00,0.00107462,16:10 - 00:10,49,0
2023-01-06 23:09:00,0.00105212,16:10 - 00:10,49,0
2023-01-06 23:10:00,0.00105378,16:10 - 00:10,49,0
2023-01-06 23:11:00,0.00103712,16:10 - 00:10,49,0
2023-01-06 23:12:00,0.00101928,16:10 - 00:10,49,0
2023-01-06 23:13:00,0.00100745,16:10 - 00:10,49,0
2023-01-06 23:14:00,0.00100645,16:10 - 00:10,49,0
2023-01-06 23:15:00,0.00099578,16:10 - 00:10,49,0
2023-01-06 23:16:00,0.00097912,16:10 - 00:10,49,0
2023-01-06 23:17:00,0.00097912,16:10 - 00:10,49,0
2023-01-06 23:18:00,0.00096245,16:10 - 00:10,49,0
2023-01-06 23:19:00,0.00094895,16:10 - 00:10,49,0
2023-01-06 23:20:00,0.00093112,16:10 - 00:10,49,0
2023-01-06 23:21:00,0.00092295,16:10 - 00:10,49,0
2023-01-06 23:22:00,0.00092295,16:10 - 00:10,49,0
2023-01-06 23:23:00,0.00089395,16:10 - 00:10,49,0
2023-01-06 23:24:00,0.00086612,16:10 - 00:10,49,0
2023-01-06 23:25:00,0.00085695,16:10 - 00:10,49,0
2023-01-06 23:26:00,0.00083212,16:10 - 00:10,49,0
2023-01-06 23:27:00,0.00081245,16:10 - 00:10,49,0
2023-01-06 23:28:00,0.00079578,16:10 - 00:10,49,0
2023-01-06 23:29:00,0.00077095,16:10 - 00:10,49,0
2023-01-06 23:30:00,0.00076112,16:10 - 00:10,49,0
2023-01-06 23:31:00,0.00073628,16:10 - 00:10,49,0
2023-01-06 23:32:00,0.00072695,16:10 - 00:10,49,0
2023-01-06 23:33:00,0.00070262,16:10 - 00:10,49,0
2023-01-06 23:34:00,0.00070262,16:10 - 00:10,49,0
2023-01-06 23:35:00,0.00069378,16:10 - 00:10,49,0
2023-01-06 23:36:00,0.00068728,16:10 - 00:10,49,0
2023-01-06 23:37:00,0.00067912,16:10 - 00:10,49,0
2023-01-06 23:38:00,0.00065245,16:10 - 00:10,49,0
2023-01-06 23:39:00,0.00065245,16:10 - 00:10,49,0
2023-01-06 23:40:00,0.00064328,16:10 - 00:10,49,0
2023-01-06 23:41:00,0.00062212,16:10 - 00:10,49,0
2023-01-06 23:42:00,0.00060112,16:10 - 00:10,49,0
2023-01-06 23:43:00,0.00059145,16:10 - 00:10,49,0
2023-01-06 23:44:00,0.00057695,16:10 - 00:10,49,0
2023-01-06 23:45:00,0.00057695,16:10 - 00:10,49,0
2023-01-06 23:46:00,0.00057545,16:10 - 00:10,49,0
2023-01-06 23:47:00,0.00055845,16:10 - 00:10,49,0
2023-01-06 23:48:00,0.00055712,16:10 - 00:10,49,0
2023-01-06 23:49:00,0.00054195,16:10 - 00:10,49,0
2023-01-06 23:50:00,0.00054312,16:10 - 00:10,49,0
2023-01-06 23:51:00,0.00052645,16:10 - 00:10,49,0
2023-01-06 23:52:00,0.00052645,16:10 - 00:10,49,0
2023-01-06 23:53:00,0.00050412,16:10 - 00:10,49,0
2023-01-06 23:54:00,0.00050095,16:10 - 00:10,49,0
2023-01-06 23:55:00,0.00049562,16:10 - 00:10,49,0
2023-01-06 23:56:00,0.00049562,16:10 - 00:10,49,0
2023-01-06 23:57:00,0.00049445,16:10 - 00:10,49,0
2023-01-06 23:58:00,0.00049962,16:10 - 00:10,49,0
2023-01-06 23:59:00,0.00050428,16:10 - 00:10,49,0
2023-01-07 00:00:00,0.0071213,16:10 - 00:10,49,0
2023-01-07 00:01:00,0.0027045,16:10 - 00:10,49,0
2023-01-07 00:02:00,0.00277116,16:10 - 00:10,49,0
2023-01-07 00:03:00,0.00393883,16:10 - 00:10,49,0
2023-01-07 00:04:00,0.0040895,16:10 - 00:10,49,0
2023-01-07 00:05:00,0.0041105,16:10 - 00:10,49,0
2023-01-07 00:06:00,0.00391916,16:10 - 00:10,49,0
2023-01-07 00:07:00,0.00372633,16:10 - 00:10,49,0
2023-01-07 00:08:00,0.003593,16:10 - 00:10,49,0
2023-01-07 00:09:00,0.0035575,16:10 - 00:10,49,0
2023-01-07 00:10:00,0.00342666,00:10 - 08:10,50,3
2023-01-07 00:11:00,0.00314916,00:10 - 08:10,50,3
2023-01-07 00:12:00,0.00300233,00:10 - 08:10,50,3
2023-01-07 00:13:00,0.0027875,00:10 - 08:10,50,3
2023-01-07 00:14:00,0.00275416,00:10 - 08:10,50,3
2023-01-07 00:15:00,0.002706,00:10 - 08:10,50,3
2023-01-07 00:16:00,0.00257266,00:10 - 08:10,50,3
2023-01-07 00:17:00,0.00248783,00:10 - 08:10,50,3
2023-01-07 00:18:00,0.00231216,00:10 - 08:10,50,3
2023-01-07 00:19:00,0.00218716,00:10 - 08:10,50,3
2023-01-07 00:20:00,0.00208716,00:10 - 08:10,50,3
2023-01-07 00:21:00,0.0020125,00:10 - 08:10,50,3
2023-01-07 00:22:00,0.0019365,00:10 - 08:10,50,3
2023-01-07 00:23:00,0.001829,00:10 - 08:10,50,3
2023-01-07 00:24:00,0.001807,00:10 - 08:10,50,3
2023-01-07 00:25:00,0.00177366,00:10 - 08:10,50,3
2023-01-07 00:26:00,0.00172783,00:10 - 08:10,50,3
2023-01-07 00:27:00,0.001699,00:10 - 08:10,50,3
2023-01-07 00:28:00,0.00167216,00:10 - 08:10,50,3
2023-01-07 00:29:00,0.00169166,00:10 - 08:10,50,3
2023-01-07 00:30:00,0.001691,00:10 - 08:10,50,3
2023-01-07 00:31:00,0.001691,00:10 - 08:10,50,3
2023-01-07 00:32:00,0.00165533,00:10 - 08:10,50,3
2023-01-07 00:33:00,0.001586,00:10 - 08:10,50,3
2023-01-07 00:34:00,0.00155033,00:10 - 08:10,50,3
2023-01-07 00:35:00,0.00153033,00:10 - 08:10,50,3
2023-01-07 00:36:00,0.00154466,00:10 - 08:10,50,3
2023-01-07 00:37:00,0.00151133,00:10 - 08:10,50,3
2023-01-07 00:38:00,0.00151,00:10 - 08:10,50,3
2023-01-07 00:39:00,0.001457,00:10 - 08:10,50,3
2023-01-07 00:40:00,0.00142316,00:10 - 08:10,50,3
2023-01-07 00:41:00,0.00135516,00:10 - 08:10,50,3
2023-01-07 00:42:00,0.0013005,00:10 - 08:10,50,3
2023-01-07 00:43:00,0.00121716,00:10 - 08:10,50,3
2023-01-07 00:44:00,0.001155,00:10 - 08:10,50,3
2023-01-07 00:45:00,0.00109466,00:10 - 08:10,50,3
2023-01-07 00:46:00,0.00104916,00:10 - 08:10,50,3
2023-01-07 00:47:00,0.00103333,00:10 - 08:10,50,3
2023-01-07 00:48:00,0.00101666,00:10 - 08:10,50,3
2023-01-07 00:49:00,0.0010485,00:10 - 08:10,50,3
2023-01-07 00:50:00,0.00105883,00:10 - 08:10,50,3
2023-01-07 00:51:00,0.00106966,00:10 - 08:10,50,3
2023-01-07 00:52:00,0.001034,00:10 - 08:10,50,3
2023-01-07 00:53:00,0.001012,00:10 - 08:10,50,3
2023-01-07 00:54:00,0.00104533,00:10 - 08:10,50,3
2023-01-07 00:55:00,0.00105783,00:10 - 08:10,50,3
2023-01-07 00:56:00,0.00108583,00:10 - 08:10,50,3
2023-01-07 00:57:00,0.00105083,00:10 - 08:10,50,3
2023-01-07 00:58:00,0.0010035,00:10 - 08:10,50,3
2023-01-07 00:59:00,0.0010035,00:10 - 08:10,50,3
2023-01-07 01:00:00,0.00097,00:10 - 08:10,50,3
2023-01-07 01:01:00,0.00090683,00:10 - 08:10,50,3
2023-01-07 01:02:00,0.0008555,00:10 - 08:10,50,3
2023-01-07 01:03:00,0.00080966,00:10 - 08:10,50,3
2023-01-07 01:04:00,0.00078583,00:10 - 08:10,50,3
2023-01-07 01:05:00,0.00078583,00:10 - 08:10,50,3
2023-01-07 01:06:00,0.0007925,00:10 - 08:10,50,3
2023-01-07 01:07:00,0.00077083,00:10 - 08:10,50,3
2023-01-07 01:08:00,0.00076366,00:10 - 08:10,50,3
2023-01-07 01:09:00,0.00073916,00:10 - 08:10,50,3
2023-01-07 01:10:00,0.00072966,00:10 - 08:10,50,3
2023-01-07 01:11:00,0.00072966,00:10 - 08:10,50,3
2023-01-07 01:12:00,0.00070166,00:10 - 08:10,50,3
2023-01-07 01:13:00,0.00069416,00:10 - 08:10,50,3
2023-01-07 01:14:00,0.00066866,00:10 - 08:10,50,3
2023-01-07 01:15:00,0.00064433,00:10 - 08:10,50,3
2023-01-07 01:16:00,0.000661,00:10 - 08:10,50,3
2023-01-07 01:17:00,0.000688,00:10 - 08:10,50,3
2023-01-07 01:18:00,0.00073316,00:10 - 08:10,50,3
2023-01-07 01:19:00,0.00081016,00:10 - 08:10,50,3
2023-01-07 01:20:00,0.00085416,00:10 - 08:10,50,3
2023-01-07 01:21:00,0.00092083,00:10 - 08:10,50,3
2023-01-07 01:22:00,0.00098216,00:10 - 08:10,50,3
2023-01-07 01:23:00,0.001059,00:10 - 08:10,50,3
2023-01-07 01:24:00,0.001135,00:10 - 08:10,50,3
2023-01-07 01:25:00,0.0011255,00:10 - 08:10,50,3
2023-01-07 01:26:00,0.00113466,00:10 - 08:10,50,3
2023-01-07 01:27:00,0.001144,00:10 - 08:10,50,3
2023-01-07 01:28:00,0.001144,00:10 - 08:10,50,3
2023-01-07 01:29:00,0.001155,00:10 - 08:10,50,3
2023-01-07 01:30:00,0.001155,00:10 - 08:10,50,3
2023-01-07 01:31:00,0.0011515,00:10 - 08:10,50,3
2023-01-07 01:32:00,0.00112683,00:10 - 08:10,50,3
2023-01-07 01:33:00,0.0011435,00:10 - 08:10,50,3
2023-01-07 01:34:00,0.001136,00:10 - 08:10,50,3
2023-01-07 01:35:00,0.00112866,00:10 - 08:10,50,3
2023-01-07 01:36:00,0.00112033,00:10 - 08:10,50,3
2023-01-07 01:37:00,0.00113483,00:10 - 08:10,50,3
2023-01-07 01:38:00,0.00115033,00:10 - 08:10,50,3
2023-01-07 01:39:00,0.00118366,00:10 - 08:10,50,3
2023-01-07 01:40:00,0.00118083,00:10 - 08:10,50,3
2023-01-07 01:41:00,0.00117816,00:10 - 08:10,50,3
2023-01-07 01:42:00,0.00119233,00:10 - 08:10,50,3
2023-01-07 01:43:00,0.00120566,00:10 - 08:10,50,3
2023-01-07 01:44:00,0.00121533,00:10 - 08:10,50,3
2023-01-07 01:45:00,0.00126533,00:10 - 08:10,50,3
2023-01-07 01:46:00,0.00128,00:10 - 08:10,50,3
2023-01-07 01:47:00,0.00132583,00:10 - 08:10,50,3
2023-01-07 01:48:00,0.00136983,00:10 - 08:10,50,3
2023-01-07 01:49:00,0.001413,00:10 - 08:10,50,3
2023-01-07 01:50:00,0.00144633,00:10 - 08:10,50,3
2023-01-07 01:51:00,0.00146833,00:10 - 08:10,50,3
2023-01-07 01:52:00,0.00148883,00:10 - 08:10,50,3
2023-01-07 01:53:00,0.001509,00:10 - 08:10,50,3
2023-01-07 01:54:00,0.00153133,00:10 - 08:10,50,3
2023-01-07 01:55:00,0.0015755,00:10 - 08:10,50,3
2023-01-07 01:56:00,0.00158483,00:10 - 08:10,50,3
2023-01-07 01:57:00,0.00163483,00:10 - 08:10,50,3
2023-01-07 01:58:00,0.00165783,00:10 - 08:10,50,3
2023-01-07 01:59:00,0.00169933,00:10 - 08:10,50,3
2023-01-07 02:00:00,0.001725,00:10 - 08:10,50,3
2023-01-07 02:01:00,0.001738,00:10 - 08:10,50,3
2023-01-07 02:02:00,0.00175033,00:10 - 08:10,50,3
2023-01-07 02:03:00,0.001767,00:10 - 08:10,50,3
2023-01-07 02:04:00,0.00177916,00:10 - 08:10,50,3
2023-01-07 02:05:00,0.00177566,00:10 - 08:10,50,3
2023-01-07 02:06:00,0.00179216,00:10 - 08:10,50,3
2023-01-07 02:07:00,0.00179266,00:10 - 08:10,50,3
2023-01-07 02:08:00,0.001826,00:10 - 08:10,50,3
2023-01-07 02:09:00,0.001853,00:10 - 08:10,50,3
2023-01-07 02:10:00,0.0018775,00:10 - 08:10,50,3
2023-01-07 02:11:00,0.001891,00:10 - 08:10,50,3
2023-01-07 02:12:00,0.001897,00:10 - 08:10,50,3
2023-01-07 02:13:00,0.0018875,00:10 - 08:10,50,3
2023-01-07 02:14:00,0.00190416,00:10 - 08:10,50,3
2023-01-07 02:15:00,0.00190916,00:10 - 08:10,50,3
2023-01-07 02:16:00,0.00188783,00:10 - 08:10,50,3
2023-01-07 02:17:00,0.00190183,00:10 - 08:10,50,3
2023-01-07 02:18:00,0.00191033,00:10 - 08:10,50,3
2023-01-07 02:19:00,0.00191533,00:10 - 08:10,50,3
2023-01-07 02:20:00,0.00191533,00:10 - 08:10,50,3
2023-01-07 02:21:00,0.00191016,00:10 - 08:10,50,3
2023-01-07 02:22:00,0.0019075,00:10 - 08:10,50,3
2023-01-07 02:23:00,0.00190833,00:10 - 08:10,50,3
2023-01-07 02:24:00,0.0019225,00:10 - 08:10,50,3
2023-01-07 02:25:00,0.00193916,00:10 - 08:10,50,3
2023-01-07 02:26:00,0.00194966,00:10 - 08:10,50,3
2023-01-07 02:27:00,0.00197383,00:10 - 08:10,50,3
2023-01-07 02:28:00,0.00199666,00:10 - 08:10,50,3
2023-01-07 02:29:00,0.00200183,00:10 - 08:10,50,3
2023-01-07 02:30:00,0.00202266,00:10 - 08:10,50,3
2023-01-07 02:31:00,0.002056,00:10 - 08:10,50,3
2023-01-07 02:32:00,0.00204716,00:10 - 08:10,50,3
2023-01-07 02:33:00,0.00205666,00:10 - 08:10,50,3
2023-01-07 02:34:00,0.00204883,00:10 - 08:10,50,3
2023-01-07 02:35:00,0.002059,00:10 - 08:10,50,3
2023-01-07 02:36:00,0.002057,00:10 - 08:10,50,3
2023-01-07 02:37:00,0.002057,00:10 - 08:10,50,3
2023-01-07 02:38:00,0.00207116,00:10 - 08:10,50,3
2023-01-07 02:39:00,0.00206383,00:10 - 08:10,50,3
2023-01-07 02:40:00,0.00207166,00:10 - 08:10,50,3
2023-01-07 02:41:00,0.00206133,00:10 - 08:10,50,3
2023-01-07 02:42:00,0.0020535,00:10 - 08:10,50,3
2023-01-07 02:43:00,0.0020535,00:10 - 08:10,50,3
2023-01-07 02:44:00,0.00204683,00:10 - 08:10,50,3
2023-01-07 02:45:00,0.00204133,00:10 - 08:10,50,3
2023-01-07 02:46:00,0.00204683,00:10 - 08:10,50,3
2023-01-07 02:47:00,0.00203616,00:10 - 08:10,50,3
2023-01-07 02:48:00,0.00205283,00:10 - 08:10,50,3
2023-01-07 02:49:00,0.0020605,00:10 - 08:10,50,3
2023-01-07 02:50:00,0.00204966,00:10 - 08:10,50,3
2023-01-07 02:51:00,0.0020565,00:10 - 08:10,50,3
2023-01-07 02:52:00,0.00207616,00:10 - 08:10,50,3
2023-01-07 02:53:00,0.0020635,00:10 - 08:10,50,3
2023-01-07 02:54:00,0.00208016,00:10 - 08:10,50,3
2023-01-07 02:55:00,0.00206433,00:10 - 08:10,50,3
2023-01-07 02:56:00,0.00203583,00:10 - 08:10,50,3
2023-01-07 02:57:00,0.002045,00:10 - 08:10,50,3
2023-01-07 02:58:00,0.00202316,00:10 - 08:10,50,3
2023-01-07 02:59:00,0.00202316,00:10 - 08:10,50,3
2023-01-07 03:00:00,0.00200283,00:10 - 08:10,50,3
2023-01-07 03:01:00,0.00199983,00:10 - 08:10,50,3
2023-01-07 03:02:00,0.00198533,00:10 - 08:10,50,3
2023-01-07 03:03:00,0.0019715,00:10 - 08:10,50,3
2023-01-07 03:04:00,0.00198483,00:10 - 08:10,50,3
2023-01-07 03:05:00,0.00198483,00:10 - 08:10,50,3
2023-01-07 03:06:00,0.00199616,00:10 - 08:10,50,3
2023-01-07 03:07:00,0.00197583,00:10 - 08:10,50,3
2023-01-07 03:08:00,0.00197266,00:10 - 08:10,50,3
2023-01-07 03:09:00,0.00195533,00:10 - 08:10,50,3
2023-01-07 03:10:00,0.00195616,00:10 - 08:10,50,3
2023-01-07 03:11:00,0.0019395,00:10 - 08:10,50,3
2023-01-07 03:12:00,0.0019105,00:10 - 08:10,50,3
2023-01-07 03:13:00,0.0018955,00:10 - 08:10,50,3
2023-01-07 03:14:00,0.00187883,00:10 - 08:10,50,3
2023-01-07 03:15:00,0.00185716,00:10 - 08:10,50,3
2023-01-07 03:16:00,0.00183583,00:10 - 08:10,50,3
2023-01-07 03:17:00,0.00181916,00:10 - 08:10,50,3
2023-01-07 03:18:00,0.00178516,00:10 - 08:10,50,3
2023-01-07 03:19:00,0.001757,00:10 - 08:10,50,3
2023-01-07 03:20:00,0.00174716,00:10 - 08:10,50,3
2023-01-07 03:21:00,0.0017195,00:10 - 08:10,50,3
2023-01-07 03:22:00,0.00170283,00:10 - 08:10,50,3
2023-01-07 03:23:00,0.0016755,00:10 - 08:10,50,3
2023-01-07 03:24:00,0.00166416,00:10 - 08:10,50,3
2023-01-07 03:25:00,0.001636,00:10 - 08:10,50,3
2023-01-07 03:26:00,0.0016245,00:10 - 08:10,50,3
2023-01-07 03:27:00,0.00159433,00:10 - 08:10,50,3
2023-01-07 03:28:00,0.00157766,00:10 - 08:10,50,3
2023-01-07 03:29:00,0.00154383,00:10 - 08:10,50,3
2023-01-07 03:30:00,0.0015275,00:10 - 08:10,50,3
2023-01-07 03:31:00,0.00149416,00:10 - 08:10,50,3
2023-01-07 03:32:00,0.00147566,00:10 - 08:10,50,3
2023-01-07 03:33:00,0.00145483,00:10 - 08:10,50,3
2023-01-07 03:34:00,0.0014215,00:10 - 08:10,50,3
2023-01-07 03:35:00,0.0013995,00:10 - 08:10,50,3
2023-01-07 03:36:00,0.00137766,00:10 - 08:10,50,3
2023-01-07 03:37:00,0.0013545,00:10 - 08:10,50,3
2023-01-07 03:38:00,0.00132833,00:10 - 08:10,50,3
2023-01-07 03:39:00,0.00131166,00:10 - 08:10,50,3
2023-01-07 03:40:00,0.00128666,00:10 - 08:10,50,3
2023-01-07 03:41:00,0.00128566,00:10 - 08:10,50,3
2023-01-07 03:42:00,0.00125983,00:10 - 08:10,50,3
2023-01-07 03:43:00,0.0012355,00:10 - 08:10,50,3
2023-01-07 03:44:00,0.00124233,00:10 - 08:10,50,3
2023-01-07 03:45:00,0.001259,00:10 - 08:10,50,3
2023-01-07 03:46:00,0.00126383,00:10 - 08:10,50,3
2023-01-07 03:47:00,0.001272,00:10 - 08:10,50,3
2023-01-07 03:48:00,0.00128866,00:10 - 08:10,50,3
2023-01-07 03:49:00,0.00129516,00:10 - 08:10,50,3
2023-01-07 03:50:00,0.00129466,00:10 - 08:10,50,3
2023-01-07 03:51:00,0.00131133,00:10 - 08:10,50,3
2023-01-07 03:52:00,0.001313,00:10 - 08:10,50,3
2023-01-07 03:53:00,0.0013295,00:10 - 08:10,50,3
2023-01-07 03:54:00,0.00134466,00:10 - 08:10,50,3
2023-01-07 03:55:00,0.00136666,00:10 - 08:10,50,3
2023-01-07 03:56:00,0.00139033,00:10 - 08:10,50,3
2023-01-07 03:57:00,0.00139033,00:10 - 08:10,50,3
2023-01-07 03:58:00,0.00141633,00:10 - 08:10,50,3
2023-01-07 03:59:00,0.00142283,00:10 - 08:10,50,3
2023-01-07 04:00:00,0.00370683,00:10 - 08:10,50,3
2023-01-07 04:01:00,0.00372566,00:10 - 08:10,50,3
2023-01-07 04:02:00,0.00374233,00:10 - 08:10,50,3
2023-01-07 04:03:00,0.00376316,00:10 - 08:10,50,3
2023-01-07 04:04:00,0.00380316,00:10 - 08:10,50,3
2023-01-07 04:05:00,0.00381983,00:10 - 08:10,50,3
2023-01-07 04:06:00,0.0038515,00:10 - 08:10,50,3
2023-01-07 04:07:00,0.0038695,00:10 - 08:10,50,3
2023-01-07 04:08:00,0.00390283,00:10 - 08:10,50,3
2023-01-07 04:09:00,0.003921,00:10 - 08:10,50,3
2023-01-07 04:10:00,0.00393533,00:10 - 08:10,50,3
2023-01-07 04:11:00,0.00396633,00:10 - 08:10,50,3
2023-01-07 04:12:00,0.0039785,00:10 - 08:10,50,3
2023-01-07 04:13:00,0.00401033,00:10 - 08:10,50,3
2023-01-07 04:14:00,0.004027,00:10 - 08:10,50,3
2023-01-07 04:15:00,0.004061,00:10 - 08:10,50,3
2023-01-07 04:16:00,0.00407866,00:10 - 08:10,50,3
2023-01-07 04:17:00,0.004112,00:10 - 08:10,50,3
2023-01-07 04:18:00,0.00414716,00:10 - 08:10,50,3
2023-01-07 04:19:00,0.00416383,00:10 - 08:10,50,3
2023-01-07 04:20:00,0.00418383,00:10 - 08:10,50,3
2023-01-07 04:21:00,0.00422016,00:10 - 08:10,50,3
2023-01-07 04:22:00,0.00424133,00:10 - 08:10,50,3
2023-01-07 04:23:00,0.00427466,00:10 - 08:10,50,3
2023-01-07 04:24:00,0.00431133,00:10 - 08:10,50,3
2023-01-07 04:25:00,0.00436133,00:10 - 08:10,50,3
2023-01-07 04:26:00,0.00439333,00:10 - 08:10,50,3
2023-01-07 04:27:00,0.00442516,00:10 - 08:10,50,3
2023-01-07 04:28:00,0.00446016,00:10 - 08:10,50,3
2023-01-07 04:29:00,0.00449366,00:10 - 08:10,50,3
2023-01-07 04:30:00,0.00452283,00:10 - 08:10,50,3
2023-01-07 04:31:00,0.00457283,00:10 - 08:10,50,3
2023-01-07 04:32:00,0.0046025,00:10 - 08:10,50,3
2023-01-07 04:33:00,0.004631,00:10 - 08:10,50,3
2023-01-07 04:34:00,0.0046755,00:10 - 08:10,50,3
2023-01-07 04:35:00,0.0047015,00:10 - 08:10,50,3
2023-01-07 04:36:00,0.00473483,00:10 - 08:10,50,3
2023-01-07 04:37:00,0.00474616,00:10 - 08:10,50,3
2023-01-07 04:38:00,0.00477583,00:10 - 08:10,50,3
2023-01-07 04:39:00,0.00479033,00:10 - 08:10,50,3
2023-01-07 04:40:00,0.00480516,00:10 - 08:10,50,3
2023-01-07 04:41:00,0.004823,00:10 - 08:10,50,3
2023-01-07 04:42:00,0.00483966,00:10 - 08:10,50,3
2023-01-07 04:43:00,0.00485966,00:10 - 08:10,50,3
2023-01-07 04:44:00,0.00487933,00:10 - 08:10,50,3
2023-01-07 04:45:00,0.00489833,00:10 - 08:10,50,3
2023-01-07 04:46:00,0.00491533,00:10 - 08:10,50,3
2023-01-07 04:47:00,0.00493133,00:10 - 08:10,50,3
2023-01-07 04:48:00,0.004948,00:10 - 08:10,50,3
2023-01-07 04:49:00,0.0049455,00:10 - 08:10,50,3
2023-01-07 04:50:00,0.00496016,00:10 - 08:10,50,3
2023-01-07 04:51:00,0.00497383,00:10 - 08:10,50,3
2023-01-07 04:52:00,0.00498483,00:10 - 08:10,50,3
2023-01-07 04:53:00,0.0050015,00:10 - 08:10,50,3
2023-01-07 04:54:00,0.0050105,00:10 - 08:10,50,3
2023-01-07 04:55:00,0.00503633,00:10 - 08:10,50,3
2023-01-07 04:56:00,0.00505,00:10 - 08:10,50,3
2023-01-07 04:57:00,0.00506633,00:10 - 08:10,50,3
2023-01-07 04:58:00,0.00508466,00:10 - 08:10,50,3
2023-01-07 04:59:00,0.00510133,00:10 - 08:10,50,3
2023-01-07 05:00:00,0.00513416,00:10 - 08:10,50,3
2023-01-07 05:01:00,0.00515116,00:10 - 08:10,50,3
2023-01-07 05:02:00,0.00516416,00:10 - 08:10,50,3
2023-01-07 05:03:00,0.00517616,00:10 - 08:10,50,3
2023-01-07 05:04:00,0.0051925,00:10 - 08:10,50,3
2023-01-07 05:05:00,0.00520916,00:10 - 08:10,50,3
2023-01-07 05:06:00,0.00522866,00:10 - 08:10,50,3
2023-01-07 05:07:00,0.00525266,00:10 - 08:10,50,3
2023-01-07 05:08:00,0.0052765,00:10 - 08:10,50,3
2023-01-07 05:09:00,0.005303,00:10 - 08:10,50,3
2023-01-07 05:10:00,0.005325,00:10 - 08:10,50,3
2023-01-07 05:11:00,0.00534166,00:10 - 08:10,50,3
2023-01-07 05:12:00,0.005344,00:10 - 08:10,50,3
2023-01-07 05:13:00,0.00535966,00:10 - 08:10,50,3
2023-01-07 05:14:00,0.00537516,00:10 - 08:10,50,3
2023-01-07 05:15:00,0.00538983,00:10 - 08:10,50,3
2023-01-07 05:16:00,0.0054065,00:10 - 08:10,50,3
2023-01-07 05:17:00,0.00542383,00:10 - 08:10,50,3
2023-01-07 05:18:00,0.0054375,00:10 - 08:10,50,3
2023-01-07 05:19:00,0.005452,00:10 - 08:10,50,3
2023-01-07 05:20:00,0.00546783,00:10 - 08:10,50,3
2023-01-07 05:21:00,0.00548166,00:10 - 08:10,50,3
2023-01-07 05:22:00,0.00549833,00:10 - 08:10,50,3
2023-01-07 05:23:00,0.00550933,00:10 - 08:10,50,3
2023-01-07 05:24:00,0.00552283,00:10 - 08:10,50,3
2023-01-07 05:25:00,0.00553916,00:10 - 08:10,50,3
2023-01-07 05:26:00,0.00555816,00:10 - 08:10,50,3
2023-01-07 05:27:00,0.00557833,00:10 - 08:10,50,3
2023-01-07 05:28:00,0.005595,00:10 - 08:10,50,3
2023-01-07 05:29:00,0.00559416,00:10 - 08:10,50,3
2023-01-07 05:30:00,0.00560516,00:10 - 08:10,50,3
2023-01-07 05:31:00,0.00561716,00:10 - 08:10,50,3
2023-01-07 05:32:00,0.00561116,00:10 - 08:10,50,3
2023-01-07 05:33:00,0.0056205,00:10 - 08:10,50,3
2023-01-07 05:34:00,0.00563716,00:10 - 08:10,50,3
2023-01-07 05:35:00,0.0056475,00:10 - 08:10,50,3
2023-01-07 05:36:00,0.0056625,00:10 - 08:10,50,3
2023-01-07 05:37:00,0.00568083,00:10 - 08:10,50,3
2023-01-07 05:38:00,0.00569933,00:10 - 08:10,50,3
2023-01-07 05:39:00,0.005716,00:10 - 08:10,50,3
2023-01-07 05:40:00,0.0057155,00:10 - 08:10,50,3
2023-01-07 05:41:00,0.00573283,00:10 - 08:10,50,3
2023-01-07 05:42:00,0.00573083,00:10 - 08:10,50,3
2023-01-07 05:43:00,0.005728,00:10 - 08:10,50,3
2023-01-07 05:44:00,0.00572683,00:10 - 08:10,50,3
2023-01-07 05:45:00,0.0057435,00:10 - 08:10,50,3
2023-01-07 05:46:00,0.005742,00:10 - 08:10,50,3
2023-01-07 05:47:00,0.00573983,00:10 - 08:10,50,3
2023-01-07 05:48:00,0.005742,00:10 - 08:10,50,3
2023-01-07 05:49:00,0.00574483,00:10 - 08:10,50,3
2023-01-07 05:50:00,0.0057505,00:10 - 08:10,50,3
2023-01-07 05:51:00,0.0057505,00:10 - 08:10,50,3
2023-01-07 05:52:00,0.00575183,00:10 - 08:10,50,3
2023-01-07 05:53:00,0.0057540000000000004,00:10 - 08:10,50,3
2023-01-07 05:54:00,0.00573833,00:10 - 08:10,50,3
2023-01-07 05:55:00,0.00573983,00:10 - 08:10,50,3
2023-01-07 05:56:00,0.00573983,00:10 - 08:10,50,3
2023-01-07 05:57:00,0.00574316,00:10 - 08:10,50,3
2023-01-07 05:58:00,0.00576083,00:10 - 08:10,50,3
2023-01-07 05:59:00,0.00576116,00:10 - 08:10,50,3
2023-01-07 06:00:00,0.00575833,00:10 - 08:10,50,3
2023-01-07 06:01:00,0.00576733,00:10 - 08:10,50,3
2023-01-07 06:02:00,0.00577783,00:10 - 08:10,50,3
2023-01-07 06:03:00,0.00577783,00:10 - 08:10,50,3
2023-01-07 06:04:00,0.0057765,00:10 - 08:10,50,3
2023-01-07 06:05:00,0.00579133,00:10 - 08:10,50,3
2023-01-07 06:06:00,0.00579333,00:10 - 08:10,50,3
2023-01-07 06:07:00,0.0057935,00:10 - 08:10,50,3
2023-01-07 06:08:00,0.0057935,00:10 - 08:10,50,3
2023-01-07 06:09:00,0.00579766,00:10 - 08:10,50,3
2023-01-07 06:10:00,0.00580183,00:10 - 08:10,50,3
2023-01-07 06:11:00,0.00580383,00:10 - 08:10,50,3
2023-01-07 06:12:00,0.005823,00:10 - 08:10,50,3
2023-01-07 06:13:00,0.00582666,00:10 - 08:10,50,3
2023-01-07 06:14:00,0.00582666,00:10 - 08:10,50,3
2023-01-07 06:15:00,0.00582816,00:10 - 08:10,50,3
2023-01-07 06:16:00,0.00584133,00:10 - 08:10,50,3
2023-01-07 06:17:00,0.0058555,00:10 - 08:10,50,3
2023-01-07 06:18:00,0.00587216,00:10 - 08:10,50,3
2023-01-07 06:19:00,0.00588666,00:10 - 08:10,50,3
2023-01-07 06:20:00,0.00588666,00:10 - 08:10,50,3
2023-01-07 06:21:00,0.00590133,00:10 - 08:10,50,3
2023-01-07 06:22:00,0.00589983,00:10 - 08:10,50,3
2023-01-07 06:23:00,0.00589966,00:10 - 08:10,50,3
2023-01-07 06:24:00,0.00590116,00:10 - 08:10,50,3
2023-01-07 06:25:00,0.00590116,00:10 - 08:10,50,3
2023-01-07 06:26:00,0.005903,00:10 - 08:10,50,3
2023-01-07 06:27:00,0.005924,00:10 - 08:10,50,3
2023-01-07 06:28:00,0.00592866,00:10 - 08:10,50,3
2023-01-07 06:29:00,0.00593233,00:10 - 08:10,50,3
2023-01-07 06:30:00,0.00593983,00:10 - 08:10,50,3
2023-01-07 06:31:00,0.00593983,00:10 - 08:10,50,3
2023-01-07 06:32:00,0.0059465,00:10 - 08:10,50,3
2023-01-07 06:33:00,0.0059495,00:10 - 08:10,50,3
2023-01-07 06:34:00,0.00595366,00:10 - 08:10,50,3
2023-01-07 06:35:00,0.00594116,00:10 - 08:10,50,3
2023-01-07 06:36:00,0.00594116,00:10 - 08:10,50,3
2023-01-07 06:37:00,0.0059495,00:10 - 08:10,50,3
2023-01-07 06:38:00,0.00593833,00:10 - 08:10,50,3
2023-01-07 06:39:00,0.00593833,00:10 - 08:10,50,3
2023-01-07 06:40:00,0.005937,00:10 - 08:10,50,3
2023-01-07 06:41:00,0.00594383,00:10 - 08:10,50,3
2023-01-07 06:42:00,0.00592716,00:10 - 08:10,50,3
2023-01-07 06:43:00,0.00591833,00:10 - 08:10,50,3
2023-01-07 06:44:00,0.00590966,00:10 - 08:10,50,3
2023-01-07 06:45:00,0.00592166,00:10 - 08:10,50,3
2023-01-07 06:46:00,0.00591283,00:10 - 08:10,50,3
2023-01-07 06:47:00,0.00590183,00:10 - 08:10,50,3
2023-01-07 06:48:00,0.00590183,00:10 - 08:10,50,3
2023-01-07 06:49:00,0.005891,00:10 - 08:10,50,3
2023-01-07 06:50:00,0.0058795,00:10 - 08:10,50,3
2023-01-07 06:51:00,0.00588266,00:10 - 08:10,50,3
2023-01-07 06:52:00,0.0058645,00:10 - 08:10,50,3
2023-01-07 06:53:00,0.0058645,00:10 - 08:10,50,3
2023-01-07 06:54:00,0.005863,00:10 - 08:10,50,3
2023-01-07 06:55:00,0.00584583,00:10 - 08:10,50,3
2023-01-07 06:56:00,0.00584233,00:10 - 08:10,50,3
2023-01-07 06:57:00,0.00584016,00:10 - 08:10,50,3
2023-01-07 06:58:00,0.00581966,00:10 - 08:10,50,3
2023-01-07 06:59:00,0.00581966,00:10 - 08:10,50,3
2023-01-07 07:00:00,0.00580083,00:10 - 08:10,50,3
2023-01-07 07:01:00,0.00579683,00:10 - 08:10,50,3
2023-01-07 07:02:00,0.0057775,00:10 - 08:10,50,3
2023-01-07 07:03:00,0.0057715,00:10 - 08:10,50,3
2023-01-07 07:04:00,0.00574966,00:10 - 08:10,50,3
2023-01-07 07:05:00,0.00574966,00:10 - 08:10,50,3
2023-01-07 07:06:00,0.00573033,00:10 - 08:10,50,3
2023-01-07 07:07:00,0.00571183,00:10 - 08:10,50,3
2023-01-07 07:08:00,0.005712,00:10 - 08:10,50,3
2023-01-07 07:09:00,0.00569783,00:10 - 08:10,50,3
2023-01-07 07:10:00,0.0056835,00:10 - 08:10,50,3
2023-01-07 07:11:00,0.0056835,00:10 - 08:10,50,3
2023-01-07 07:12:00,0.00566766,00:10 - 08:10,50,3
2023-01-07 07:13:00,0.005656,00:10 - 08:10,50,3
2023-01-07 07:14:00,0.005663,00:10 - 08:10,50,3
2023-01-07 07:15:00,0.00565533,00:10 - 08:10,50,3
2023-01-07 07:16:00,0.00565533,00:10 - 08:10,50,3
2023-01-07 07:17:00,0.00564783,00:10 - 08:10,50,3
2023-01-07 07:18:00,0.00563983,00:10 - 08:10,50,3
2023-01-07 07:19:00,0.0056475,00:10 - 08:10,50,3
2023-01-07 07:20:00,0.00565566,00:10 - 08:10,50,3
2023-01-07 07:21:00,0.0056505,00:10 - 08:10,50,3
2023-01-07 07:22:00,0.00563383,00:10 - 08:10,50,3
2023-01-07 07:23:00,0.00564483,00:10 - 08:10,50,3
2023-01-07 07:24:00,0.00564233,00:10 - 08:10,50,3
2023-01-07 07:25:00,0.00565733,00:10 - 08:10,50,3
2023-01-07 07:26:00,0.005654,00:10 - 08:10,50,3
2023-01-07 07:27:00,0.005654,00:10 - 08:10,50,3
2023-01-07 07:28:00,0.005652,00:10 - 08:10,50,3
2023-01-07 07:29:00,0.00566866,00:10 - 08:10,50,3
2023-01-07 07:30:00,0.005681,00:10 - 08:10,50,3
2023-01-07 07:31:00,0.00567333,00:10 - 08:10,50,3
2023-01-07 07:32:00,0.00567933,00:10 - 08:10,50,3
2023-01-07 07:33:00,0.005663,00:10 - 08:10,50,3
2023-01-07 07:34:00,0.005663,00:10 - 08:10,50,3
2023-01-07 07:35:00,0.00566716,00:10 - 08:10,50,3
2023-01-07 07:36:00,0.00565316,00:10 - 08:10,50,3
2023-01-07 07:37:00,0.0056565,00:10 - 08:10,50,3
2023-01-07 07:38:00,0.00563983,00:10 - 08:10,50,3
2023-01-07 07:39:00,0.00564283,00:10 - 08:10,50,3
2023-01-07 07:40:00,0.00563016,00:10 - 08:10,50,3
2023-01-07 07:41:00,0.0056335,00:10 - 08:10,50,3
2023-01-07 07:42:00,0.00561683,00:10 - 08:10,50,3
2023-01-07 07:43:00,0.00562383,00:10 - 08:10,50,3
2023-01-07 07:44:00,0.00562083,00:10 - 08:10,50,3
2023-01-07 07:45:00,0.00560416,00:10 - 08:10,50,3
2023-01-07 07:46:00,0.00561583,00:10 - 08:10,50,3
2023-01-07 07:47:00,0.00561083,00:10 - 08:10,50,3
2023-01-07 07:48:00,0.00560616,00:10 - 08:10,50,3
2023-01-07 07:49:00,0.0056135,00:10 - 08:10,50,3
2023-01-07 07:50:00,0.0056045,00:10 - 08:10,50,3
2023-01-07 07:51:00,0.00558783,00:10 - 08:10,50,3
2023-01-07 07:52:00,0.00559533,00:10 - 08:10,50,3
2023-01-07 07:53:00,0.00558366,00:10 - 08:10,50,3
2023-01-07 07:54:00,0.005567,00:10 - 08:10,50,3
2023-01-07 07:55:00,0.00555433,00:10 - 08:10,50,3
2023-01-07 07:56:00,0.00555433,00:10 - 08:10,50,3
2023-01-07 07:57:00,0.00553933,00:10 - 08:10,50,3
2023-01-07 07:58:00,0.0055245,00:10 - 08:10,50,3
2023-01-07 07:59:00,0.00552766,00:10 - 08:10,50,3
2023-01-07 08:00:00,0.03358751,00:10 - 08:10,50,3
2023-01-07 08:01:00,0.02907399,00:10 - 08:10,50,3
2023-01-07 08:02:00,0.03005732,00:10 - 08:10,50,3
2023-01-07 08:03:00,0.03001616,00:10 - 08:10,50,3
2023-01-07 08:04:00,0.03030249,00:10 - 08:10,50,3
2023-01-07 08:05:00,0.03042049,00:10 - 08:10,50,3
2023-01-07 08:06:00,0.03050382,00:10 - 08:10,50,3
2023-01-07 08:07:00,0.03113116,00:10 - 08:10,50,3
2023-01-07 08:08:00,0.03161699,00:10 - 08:10,50,3
2023-01-07 08:09:00,0.03209882,00:10 - 08:10,50,3
2023-01-07 08:10:00,0.03257899,08:10 - 16:10,51,1
2023-01-07 08:11:00,0.03305282,08:10 - 16:10,51,1
2023-01-07 08:12:00,0.03344149,08:10 - 16:10,51,1
2023-01-07 08:13:00,0.03382482,08:10 - 16:10,51,1
2023-01-07 08:14:00,0.03407966,08:10 - 16:10,51,1
2023-01-07 08:15:00,0.03428599,08:10 - 16:10,51,1
2023-01-07 08:16:00,0.03436966,08:10 - 16:10,51,1
2023-01-07 08:17:00,0.03437382,08:10 - 16:10,51,1
2023-01-07 08:18:00,0.03439482,08:10 - 16:10,51,1
2023-01-07 08:19:00,0.03436149,08:10 - 16:10,51,1
2023-01-07 08:20:00,0.03444732,08:10 - 16:10,51,1
2023-01-07 08:21:00,0.03450049,08:10 - 16:10,51,1
2023-01-07 08:22:00,0.03458899,08:10 - 16:10,51,1
2023-01-07 08:23:00,0.03467799,08:10 - 16:10,51,1
2023-01-07 08:24:00,0.03470116,08:10 - 16:10,51,1
2023-01-07 08:25:00,0.03460116,08:10 - 16:10,51,1
2023-01-07 08:26:00,0.03452599,08:10 - 16:10,51,1
2023-01-07 08:27:00,0.03445932,08:10 - 16:10,51,1
2023-01-07 08:28:00,0.03447966,08:10 - 16:10,51,1
2023-01-07 08:29:00,0.03451649,08:10 - 16:10,51,1
2023-01-07 08:30:00,0.03458316,08:10 - 16:10,51,1
2023-01-07 08:31:00,0.03454749,08:10 - 16:10,51,1
2023-01-07 08:32:00,0.03451566,08:10 - 16:10,51,1
2023-01-07 08:33:00,0.03448016,08:10 - 16:10,51,1
2023-01-07 08:34:00,0.03449682,08:10 - 16:10,51,1
2023-01-07 08:35:00,0.03452049,08:10 - 16:10,51,1
2023-01-07 08:36:00,0.03457049,08:10 - 16:10,51,1
2023-01-07 08:37:00,0.03458482,08:10 - 16:10,51,1
2023-01-07 08:38:00,0.03461432,08:10 - 16:10,51,1
2023-01-07 08:39:00,0.03466416,08:10 - 16:10,51,1
2023-01-07 08:40:00,0.03469666,08:10 - 16:10,51,1
2023-01-07 08:41:00,0.03471516,08:10 - 16:10,51,1
2023-01-07 08:42:00,0.03476516,08:10 - 16:10,51,1
2023-01-07 08:43:00,0.03481866,08:10 - 16:10,51,1
2023-01-07 08:44:00,0.03481849,08:10 - 16:10,51,1
2023-01-07 08:45:00,0.03482382,08:10 - 16:10,51,1
2023-01-07 08:46:00,0.03486499,08:10 - 16:10,51,1
2023-01-07 08:47:00,0.03488166,08:10 - 16:10,51,1
2023-01-07 08:48:00,0.03486132,08:10 - 16:10,51,1
2023-01-07 08:49:00,0.03487666,08:10 - 16:10,51,1
2023-01-07 08:50:00,0.03498816,08:10 - 16:10,51,1
2023-01-07 08:51:00,0.03506316,08:10 - 16:10,51,1
2023-01-07 08:52:00,0.03515382,08:10 - 16:10,51,1
2023-01-07 08:53:00,0.03520382,08:10 - 16:10,51,1
2023-01-07 08:54:00,0.03527466,08:10 - 16:10,51,1
2023-01-07 08:55:00,0.03534399,08:10 - 16:10,51,1
2023-01-07 08:56:00,0.03544549,08:10 - 16:10,51,1
2023-01-07 08:57:00,0.03548399,08:10 - 16:10,51,1
2023-01-07 08:58:00,0.03550216,08:10 - 16:10,51,1
2023-01-07 08:59:00,0.03553549,08:10 - 16:10,51,1
2023-01-07 09:00:00,0.03556932,08:10 - 16:10,51,1
2023-01-07 09:01:00,0.03561932,08:10 - 16:10,51,1
2023-01-07 09:02:00,0.03566499,08:10 - 16:10,51,1
2023-01-07 09:03:00,0.03573782,08:10 - 16:10,51,1
2023-01-07 09:04:00,0.03580432,08:10 - 16:10,51,1
2023-01-07 09:05:00,0.03585432,08:10 - 16:10,51,1
2023-01-07 09:06:00,0.03589916,08:10 - 16:10,51,1
2023-01-07 09:07:00,0.03594549,08:10 - 16:10,51,1
2023-01-07 09:08:00,0.03600899,08:10 - 16:10,51,1
2023-01-07 09:09:00,0.03605916,08:10 - 16:10,51,1
2023-01-07 09:10:00,0.03612582,08:10 - 16:10,51,1
2023-01-07 09:11:00,0.03617866,08:10 - 16:10,51,1
2023-01-07 09:12:00,0.03623016,08:10 - 16:10,51,1
2023-01-07 09:13:00,0.03628116,08:10 - 16:10,51,1
2023-01-07 09:14:00,0.03631566,08:10 - 16:10,51,1
2023-01-07 09:15:00,0.03636949,08:10 - 16:10,51,1
2023-01-07 09:16:00,0.03640282,08:10 - 16:10,51,1
2023-01-07 09:17:00,0.03647416,08:10 - 16:10,51,1
2023-01-07 09:18:00,0.03654332,08:10 - 16:10,51,1
2023-01-07 09:19:00,0.03659549,08:10 - 16:10,51,1
2023-01-07 09:20:00,0.03664549,08:10 - 16:10,51,1
2023-01-07 09:21:00,0.03671216,08:10 - 16:10,51,1
2023-01-07 09:22:00,0.03672949,08:10 - 16:10,51,1
2023-01-07 09:23:00,0.03675382,08:10 - 16:10,51,1
2023-01-07 09:24:00,0.03676532,08:10 - 16:10,51,1
2023-01-07 09:25:00,0.03677782,08:10 - 16:10,51,1
2023-01-07 09:26:00,0.03680632,08:10 - 16:10,51,1
2023-01-07 09:27:00,0.03680632,08:10 - 16:10,51,1
2023-01-07 09:28:00,0.03681649,08:10 - 16:10,51,1
2023-01-07 09:29:00,0.03681649,08:10 - 16:10,51,1
2023-01-07 09:30:00,0.03685416,08:10 - 16:10,51,1
2023-01-07 09:31:00,0.03689466,08:10 - 16:10,51,1
2023-01-07 09:32:00,0.03696416,08:10 - 16:10,51,1
2023-01-07 09:33:00,0.03696899,08:10 - 16:10,51,1
2023-01-07 09:34:00,0.03696899,08:10 - 16:10,51,1
2023-01-07 09:35:00,0.03697349,08:10 - 16:10,51,1
2023-01-07 09:36:00,0.03697666,08:10 - 16:10,51,1
2023-01-07 09:37:00,0.03698182,08:10 - 16:10,51,1
2023-01-07 09:38:00,0.03698849,08:10 - 16:10,51,1
2023-01-07 09:39:00,0.03698849,08:10 - 16:10,51,1
2023-01-07 09:40:00,0.03699516,08:10 - 16:10,51,1
2023-01-07 09:41:00,0.03699616,08:10 - 16:10,51,1
2023-01-07 09:42:00,0.03699682,08:10 - 16:10,51,1
2023-01-07 09:43:00,0.03699666,08:10 - 16:10,51,1
2023-01-07 09:44:00,0.03699932,08:10 - 16:10,51,1
2023-01-07 09:45:00,0.03699932,08:10 - 16:10,51,1
2023-01-07 09:46:00,0.03700299,08:10 - 16:10,51,1
2023-01-07 09:47:00,0.03700832,08:10 - 16:10,51,1
2023-01-07 09:48:00,0.03701549,08:10 - 16:10,51,1
2023-01-07 09:49:00,0.03702466,08:10 - 16:10,51,1
2023-01-07 09:50:00,0.03703149,08:10 - 16:10,51,1
2023-01-07 09:51:00,0.03703149,08:10 - 16:10,51,1
2023-01-07 09:52:00,0.03703682,08:10 - 16:10,51,1
2023-01-07 09:53:00,0.03704399,08:10 - 16:10,51,1
2023-01-07 09:54:00,0.03705282,08:10 - 16:10,51,1
2023-01-07 09:55:00,0.03705999,08:10 - 16:10,51,1
2023-01-07 09:56:00,0.03706532,08:10 - 16:10,51,1
2023-01-07 09:57:00,0.03706532,08:10 - 16:10,51,1
2023-01-07 09:58:00,0.03707199,08:10 - 16:10,51,1
2023-01-07 09:59:00,0.03707199,08:10 - 16:10,51,1
2023-01-07 10:00:00,0.03709916,08:10 - 16:10,51,1
2023-01-07 10:01:00,0.03709916,08:10 - 16:10,51,1
2023-01-07 10:02:00,0.03712266,08:10 - 16:10,51,1
2023-01-07 10:03:00,0.03712266,08:10 - 16:10,51,1
2023-01-07 10:04:00,0.03713232,08:10 - 16:10,51,1
2023-01-07 10:05:00,0.03714282,08:10 - 16:10,51,1
2023-01-07 10:06:00,0.03715299,08:10 - 16:10,51,1
2023-01-07 10:07:00,0.03716266,08:10 - 16:10,51,1
2023-01-07 10:08:00,0.03716266,08:10 - 16:10,51,1
2023-01-07 10:09:00,0.03717366,08:10 - 16:10,51,1
2023-01-07 10:10:00,0.03717766,08:10 - 16:10,51,1
2023-01-07 10:11:00,0.03717882,08:10 - 16:10,51,1
2023-01-07 10:12:00,0.03717716,08:10 - 16:10,51,1
2023-01-07 10:13:00,0.03717399,08:10 - 16:10,51,1
2023-01-07 10:14:00,0.03717399,08:10 - 16:10,51,1
2023-01-07 10:15:00,0.03716766,08:10 - 16:10,51,1
2023-01-07 10:16:00,0.03716399,08:10 - 16:10,51,1
2023-01-07 10:17:00,0.03715949,08:10 - 16:10,51,1
2023-01-07 10:18:00,0.03716132,08:10 - 16:10,51,1
2023-01-07 10:19:00,0.03716382,08:10 - 16:10,51,1
2023-01-07 10:20:00,0.03716382,08:10 - 16:10,51,1
2023-01-07 10:21:00,0.03716382,08:10 - 16:10,51,1
2023-01-07 10:22:00,0.03716599,08:10 - 16:10,51,1
2023-01-07 10:23:00,0.03716316,08:10 - 16:10,51,1
2023-01-07 10:24:00,0.03716416,08:10 - 16:10,51,1
2023-01-07 10:25:00,0.03716416,08:10 - 16:10,51,1
2023-01-07 10:26:00,0.03716749,08:10 - 16:10,51,1
2023-01-07 10:27:00,0.03717132,08:10 - 16:10,51,1
2023-01-07 10:28:00,0.03718216,08:10 - 16:10,51,1
2023-01-07 10:29:00,0.03719132,08:10 - 16:10,51,1
2023-01-07 10:30:00,0.03719516,08:10 - 16:10,51,1
2023-01-07 10:31:00,0.03719516,08:10 - 16:10,51,1
2023-01-07 10:32:00,0.03720282,08:10 - 16:10,51,1
2023-01-07 10:33:00,0.03720766,08:10 - 16:10,51,1
2023-01-07 10:34:00,0.03721232,08:10 - 16:10,51,1
2023-01-07 10:35:00,0.03721732,08:10 - 16:10,51,1
2023-01-07 10:36:00,0.03722182,08:10 - 16:10,51,1
2023-01-07 10:37:00,0.03722182,08:10 - 16:10,51,1
2023-01-07 10:38:00,0.03722849,08:10 - 16:10,51,1
2023-01-07 10:39:00,0.03723616,08:10 - 16:10,51,1
2023-01-07 10:40:00,0.03723616,08:10 - 16:10,51,1
2023-01-07 10:41:00,0.03723782,08:10 - 16:10,51,1
2023-01-07 10:42:00,0.03723782,08:10 - 16:10,51,1
2023-01-07 10:43:00,0.03723616,08:10 - 16:10,51,1
2023-01-07 10:44:00,0.03723766,08:10 - 16:10,51,1
2023-01-07 10:45:00,0.03724249,08:10 - 16:10,51,1
2023-01-07 10:46:00,0.03724982,08:10 - 16:10,51,1
2023-01-07 10:47:00,0.03726132,08:10 - 16:10,51,1
2023-01-07 10:48:00,0.03726132,08:10 - 16:10,51,1
2023-01-07 10:49:00,0.03727416,08:10 - 16:10,51,1
2023-01-07 10:50:00,0.03728432,08:10 - 16:10,51,1
2023-01-07 10:51:00,0.03729132,08:10 - 16:10,51,1
2023-01-07 10:52:00,0.03730082,08:10 - 16:10,51,1
2023-01-07 10:53:00,0.03731032,08:10 - 16:10,51,1
2023-01-07 10:54:00,0.03731032,08:10 - 16:10,51,1
2023-01-07 10:55:00,0.03732116,08:10 - 16:10,51,1
2023-01-07 10:56:00,0.03733199,08:10 - 16:10,51,1
2023-01-07 10:57:00,0.03734366,08:10 - 16:10,51,1
2023-01-07 10:58:00,0.03736016,08:10 - 16:10,51,1
2023-01-07 10:59:00,0.03736016,08:10 - 16:10,51,1
2023-01-07 11:00:00,0.03737482,08:10 - 16:10,51,1
2023-01-07 11:01:00,0.03738599,08:10 - 16:10,51,1
2023-01-07 11:02:00,0.03739616,08:10 - 16:10,51,1
2023-01-07 11:03:00,0.03740299,08:10 - 16:10,51,1
2023-01-07 11:04:00,0.03739866,08:10 - 16:10,51,1
2023-01-07 11:05:00,0.03739882,08:10 - 16:10,51,1
2023-01-07 11:06:00,0.03740066,08:10 - 16:10,51,1
2023-01-07 11:07:00,0.03740966,08:10 - 16:10,51,1
2023-01-07 11:08:00,0.03741582,08:10 - 16:10,51,1
2023-01-07 11:09:00,0.03741949,08:10 - 16:10,51,1
2023-01-07 11:10:00,0.03742366,08:10 - 16:10,51,1
2023-01-07 11:11:00,0.03742366,08:10 - 16:10,51,1
2023-01-07 11:12:00,0.03742882,08:10 - 16:10,51,1
2023-01-07 11:13:00,0.03743532,08:10 - 16:10,51,1
2023-01-07 11:14:00,0.03744249,08:10 - 16:10,51,1
2023-01-07 11:15:00,0.03745099,08:10 - 16:10,51,1
2023-01-07 11:16:00,0.03745632,08:10 - 16:10,51,1
2023-01-07 11:17:00,0.03745632,08:10 - 16:10,51,1
2023-01-07 11:18:00,0.03745632,08:10 - 16:10,51,1
2023-01-07 11:19:00,0.03744716,08:10 - 16:10,51,1
2023-01-07 11:20:00,0.03743932,08:10 - 16:10,51,1
2023-01-07 11:21:00,0.03743749,08:10 - 16:10,51,1
2023-01-07 11:22:00,0.03743749,08:10 - 16:10,51,1
2023-01-07 11:23:00,0.03743749,08:10 - 16:10,51,1
2023-01-07 11:24:00,0.03744682,08:10 - 16:10,51,1
2023-01-07 11:25:00,0.03745366,08:10 - 16:10,51,1
2023-01-07 11:26:00,0.03746349,08:10 - 16:10,51,1
2023-01-07 11:27:00,0.03747116,08:10 - 16:10,51,1
2023-01-07 11:28:00,0.03747116,08:10 - 16:10,51,1
2023-01-07 11:29:00,0.03747332,08:10 - 16:10,51,1
2023-01-07 11:30:00,0.03748216,08:10 - 16:10,51,1
2023-01-07 11:31:00,0.03748999,08:10 - 16:10,51,1
2023-01-07 11:32:00,0.03749449,08:10 - 16:10,51,1
2023-01-07 11:33:00,0.03749999,08:10 - 16:10,51,1
2023-01-07 11:34:00,0.03749999,08:10 - 16:10,51,1
2023-01-07 11:35:00,0.03750732,08:10 - 16:10,51,1
2023-01-07 11:36:00,0.03751632,08:10 - 16:10,51,1
2023-01-07 11:37:00,0.03752966,08:10 - 16:10,51,1
2023-01-07 11:38:00,0.03754266,08:10 - 16:10,51,1
2023-01-07 11:39:00,0.03754266,08:10 - 16:10,51,1
2023-01-07 11:40:00,0.03755666,08:10 - 16:10,51,1
2023-01-07 11:41:00,0.03757182,08:10 - 16:10,51,1
2023-01-07 11:42:00,0.03758782,08:10 - 16:10,51,1
2023-01-07 11:43:00,0.03760082,08:10 - 16:10,51,1
2023-01-07 11:44:00,0.03760982,08:10 - 16:10,51,1
2023-01-07 11:45:00,0.03760982,08:10 - 16:10,51,1
2023-01-07 11:46:00,0.03761982,08:10 - 16:10,51,1
2023-01-07 11:47:00,0.03762832,08:10 - 16:10,51,1
2023-01-07 11:48:00,0.03763832,08:10 - 16:10,51,1
2023-01-07 11:49:00,0.03764932,08:10 - 16:10,51,1
2023-01-07 11:50:00,0.03765966,08:10 - 16:10,51,1
2023-01-07 11:51:00,0.03765966,08:10 - 16:10,51,1
2023-01-07 11:52:00,0.03766849,08:10 - 16:10,51,1
2023-01-07 11:53:00,0.03767416,08:10 - 16:10,51,1
2023-01-07 11:54:00,0.03768266,08:10 - 16:10,51,1
2023-01-07 11:55:00,0.03769099,08:10 - 16:10,51,1
2023-01-07 11:56:00,0.03769099,08:10 - 16:10,51,1
2023-01-07 11:57:00,0.03769599,08:10 - 16:10,51,1
2023-01-07 11:58:00,0.03769982,08:10 - 16:10,51,1
2023-01-07 11:59:00,0.03770299,08:10 - 16:10,51,1
2023-01-07 12:00:00,0.03770382,08:10 - 16:10,51,1
2023-01-07 12:01:00,0.03770799,08:10 - 16:10,51,1
2023-01-07 12:02:00,0.03770799,08:10 - 16:10,51,1
2023-01-07 12:03:00,0.03771716,08:10 - 16:10,51,1
2023-01-07 12:04:00,0.03772782,08:10 - 16:10,51,1
2023-01-07 12:05:00,0.03773899,08:10 - 16:10,51,1
2023-01-07 12:06:00,0.03773732,08:10 - 16:10,51,1
2023-01-07 12:07:00,0.03773666,08:10 - 16:10,51,1
2023-01-07 12:08:00,0.03773666,08:10 - 16:10,51,1
2023-01-07 12:09:00,0.03773666,08:10 - 16:10,51,1
2023-01-07 12:10:00,0.03774966,08:10 - 16:10,51,1
2023-01-07 12:11:00,0.03775866,08:10 - 16:10,51,1
2023-01-07 12:12:00,0.03775866,08:10 - 16:10,51,1
2023-01-07 12:13:00,0.03776332,08:10 - 16:10,51,1
2023-01-07 12:14:00,0.03776632,08:10 - 16:10,51,1
2023-01-07 12:15:00,0.03776982,08:10 - 16:10,51,1
2023-01-07 12:16:00,0.03777832,08:10 - 16:10,51,1
2023-01-07 12:17:00,0.03779066,08:10 - 16:10,51,1
2023-01-07 12:18:00,0.03780632,08:10 - 16:10,51,1
2023-01-07 12:19:00,0.03780632,08:10 - 16:10,51,1
2023-01-07 12:20:00,0.03781999,08:10 - 16:10,51,1
2023-01-07 12:21:00,0.03783182,08:10 - 16:10,51,1
2023-01-07 12:22:00,0.03784382,08:10 - 16:10,51,1
2023-01-07 12:23:00,0.03784982,08:10 - 16:10,51,1
2023-01-07 12:24:00,0.03785516,08:10 - 16:10,51,1
2023-01-07 12:25:00,0.03785516,08:10 - 16:10,51,1
2023-01-07 12:26:00,0.03785982,08:10 - 16:10,51,1
2023-01-07 12:27:00,0.03785982,08:10 - 16:10,51,1
2023-01-07 12:28:00,0.03788866,08:10 - 16:10,51,1
2023-01-07 12:29:00,0.03790316,08:10 - 16:10,51,1
2023-01-07 12:30:00,0.03791749,08:10 - 16:10,51,1
2023-01-07 12:31:00,0.03791749,08:10 - 16:10,51,1
2023-01-07 12:32:00,0.03793349,08:10 - 16:10,51,1
2023-01-07 12:33:00,0.03794949,08:10 - 16:10,51,1
2023-01-07 12:34:00,0.03796466,08:10 - 16:10,51,1
2023-01-07 12:35:00,0.03797799,08:10 - 16:10,51,1
2023-01-07 12:36:00,0.03797799,08:10 - 16:10,51,1
2023-01-07 12:37:00,0.03797799,08:10 - 16:10,51,1
2023-01-07 12:38:00,0.03799266,08:10 - 16:10,51,1
2023-01-07 12:39:00,0.03799699,08:10 - 16:10,51,1
2023-01-07 12:40:00,0.03799649,08:10 - 16:10,51,1
2023-01-07 12:41:00,0.03799499,08:10 - 16:10,51,1
2023-01-07 12:42:00,0.03799499,08:10 - 16:10,51,1
2023-01-07 12:43:00,0.03799599,08:10 - 16:10,51,1
2023-01-07 12:44:00,0.03800032,08:10 - 16:10,51,1
2023-01-07 12:45:00,0.03800549,08:10 - 16:10,51,1
2023-01-07 12:46:00,0.03801066,08:10 - 16:10,51,1
2023-01-07 12:47:00,0.03801416,08:10 - 16:10,51,1
2023-01-07 12:48:00,0.03801416,08:10 - 16:10,51,1
2023-01-07 12:49:00,0.03801866,08:10 - 16:10,51,1
2023-01-07 12:50:00,0.03802099,08:10 - 16:10,51,1
2023-01-07 12:51:00,0.03802416,08:10 - 16:10,51,1
2023-01-07 12:52:00,0.03802932,08:10 - 16:10,51,1
2023-01-07 12:53:00,0.03804282,08:10 - 16:10,51,1
2023-01-07 12:54:00,0.03804282,08:10 - 16:10,51,1
2023-01-07 12:55:00,0.03805682,08:10 - 16:10,51,1
2023-01-07 12:56:00,0.03807199,08:10 - 16:10,51,1
2023-01-07 12:57:00,0.03808616,08:10 - 16:10,51,1
2023-01-07 12:58:00,0.03809599,08:10 - 16:10,51,1
2023-01-07 12:59:00,0.03809599,08:10 - 16:10,51,1
2023-01-07 13:00:00,0.03810816,08:10 - 16:10,51,1
2023-01-07 13:01:00,0.03810816,08:10 - 16:10,51,1
2023-01-07 13:02:00,0.03812149,08:10 - 16:10,51,1
2023-01-07 13:03:00,0.03812666,08:10 - 16:10,51,1
2023-01-07 13:04:00,0.03813149,08:10 - 16:10,51,1
2023-01-07 13:05:00,0.03813149,08:10 - 16:10,51,1
2023-01-07 13:06:00,0.03813216,08:10 - 16:10,51,1
2023-01-07 13:07:00,0.03812866,08:10 - 16:10,51,1
2023-01-07 13:08:00,0.03813066,08:10 - 16:10,51,1
2023-01-07 13:09:00,0.03813832,08:10 - 16:10,51,1
2023-01-07 13:10:00,0.03814766,08:10 - 16:10,51,1
2023-01-07 13:11:00,0.03814766,08:10 - 16:10,51,1
2023-01-07 13:12:00,0.03815199,08:10 - 16:10,51,1
2023-01-07 13:13:00,0.03815199,08:10 - 16:10,51,1
2023-01-07 13:14:00,0.03815199,08:10 - 16:10,51,1
2023-01-07 13:15:00,0.03815199,08:10 - 16:10,51,1
2023-01-07 13:16:00,0.03815199,08:10 - 16:10,51,1
2023-01-07 13:17:00,0.03815199,08:10 - 16:10,51,1
2023-01-07 13:18:00,0.03815199,08:10 - 16:10,51,1
2023-01-07 13:19:00,0.03815199,08:10 - 16:10,51,1
2023-01-07 13:20:00,0.03815199,08:10 - 16:10,51,1
2023-01-07 13:21:00,0.03815199,08:10 - 16:10,51,1
2023-01-07 13:22:00,0.03815199,08:10 - 16:10,51,1
2023-01-07 13:23:00,0.03815199,08:10 - 16:10,51,1
2023-01-07 13:24:00,0.03815199,08:10 - 16:10,51,1
2023-01-07 13:25:00,0.03815199,08:10 - 16:10,51,1
2023-01-07 13:26:00,0.03815199,08:10 - 16:10,51,1
2023-01-07 13:27:00,0.03815199,08:10 - 16:10,51,1
2023-01-07 13:28:00,0.03815199,08:10 - 16:10,51,1
2023-01-07 13:29:00,0.03815199,08:10 - 16:10,51,1
2023-01-07 13:30:00,0.03815199,08:10 - 16:10,51,1
2023-01-07 13:31:00,0.03815199,08:10 - 16:10,51,1
2023-01-07 13:32:00,0.03815199,08:10 - 16:10,51,1
2023-01-07 13:33:00,0.03815199,08:10 - 16:10,51,1
2023-01-07 13:34:00,0.03815199,08:10 - 16:10,51,1
2023-01-07 13:35:00,0.03815199,08:10 - 16:10,51,1
2023-01-07 13:36:00,0.03815199,08:10 - 16:10,51,1
2023-01-07 13:37:00,0.03815199,08:10 - 16:10,51,1
2023-01-07 13:38:00,0.03815199,08:10 - 16:10,51,1
2023-01-07 13:39:00,0.03815199,08:10 - 16:10,51,1
2023-01-07 13:40:00,0.03815199,08:10 - 16:10,51,1
2023-01-07 13:41:00,0.03815199,08:10 - 16:10,51,1
2023-01-07 13:42:00,0.03815199,08:10 - 16:10,51,1
2023-01-07 13:43:00,0.03815199,08:10 - 16:10,51,1
2023-01-07 13:44:00,0.03815199,08:10 - 16:10,51,1
2023-01-07 13:45:00,0.03815199,08:10 - 16:10,51,1
2023-01-07 13:46:00,0.03815199,08:10 - 16:10,51,1
2023-01-07 13:47:00,0.03815199,08:10 - 16:10,51,1
2023-01-07 13:48:00,0.03815199,08:10 - 16:10,51,1
2023-01-07 13:49:00,0.03815199,08:10 - 16:10,51,1
2023-01-07 13:50:00,0.03815199,08:10 - 16:10,51,1
2023-01-07 13:51:00,0.03815199,08:10 - 16:10,51,1
2023-01-07 13:52:00,0.03815199,08:10 - 16:10,51,1
2023-01-07 13:53:00,0.03815199,08:10 - 16:10,51,1
2023-01-07 13:54:00,0.03815199,08:10 - 16:10,51,1
2023-01-07 13:55:00,0.03815199,08:10 - 16:10,51,1
2023-01-07 13:56:00,0.03815199,08:10 - 16:10,51,1
2023-01-07 13:57:00,0.03815199,08:10 - 16:10,51,1
2023-01-07 13:58:00,0.03815199,08:10 - 16:10,51,1
2023-01-07 13:59:00,0.03815199,08:10 - 16:10,51,1
2023-01-07 14:00:00,0.03815199,08:10 - 16:10,51,1
2023-01-07 14:01:00,0.03815199,08:10 - 16:10,51,1
2023-01-07 14:02:00,0.03815199,08:10 - 16:10,51,1
2023-01-07 14:03:00,0.03815199,08:10 - 16:10,51,1
2023-01-07 14:04:00,0.03815199,08:10 - 16:10,51,1
2023-01-07 14:05:00,0.03815199,08:10 - 16:10,51,1
2023-01-07 14:06:00,0.03815199,08:10 - 16:10,51,1
2023-01-07 14:07:00,0.03815199,08:10 - 16:10,51,1
2023-01-07 14:08:00,0.03815199,08:10 - 16:10,51,1
2023-01-07 14:09:00,0.03815199,08:10 - 16:10,51,1
2023-01-07 14:10:00,0.03815199,08:10 - 16:10,51,1
2023-01-07 14:11:00,0.03815199,08:10 - 16:10,51,1
2023-01-07 14:12:00,0.03815199,08:10 - 16:10,51,1
2023-01-07 14:13:00,0.03815199,08:10 - 16:10,51,1
2023-01-07 14:14:00,0.03815199,08:10 - 16:10,51,1
2023-01-07 14:15:00,0.03815199,08:10 - 16:10,51,1
2023-01-07 14:16:00,0.03815199,08:10 - 16:10,51,1
2023-01-07 14:17:00,0.03815199,08:10 - 16:10,51,1
2023-01-07 14:18:00,0.03815199,08:10 - 16:10,51,1
2023-01-07 14:19:00,0.03815199,08:10 - 16:10,51,1
2023-01-07 14:20:00,0.03815199,08:10 - 16:10,51,1
2023-01-07 14:21:00,0.03815199,08:10 - 16:10,51,1
2023-01-07 14:22:00,0.03815199,08:10 - 16:10,51,1
2023-01-07 14:23:00,0.03815199,08:10 - 16:10,51,1
2023-01-07 14:24:00,0.03815199,08:10 - 16:10,51,1
2023-01-07 14:25:00,0.03815199,08:10 - 16:10,51,1
2023-01-07 14:26:00,0.03815199,08:10 - 16:10,51,1
2023-01-07 14:27:00,0.03815199,08:10 - 16:10,51,1
2023-01-07 14:28:00,0.03815199,08:10 - 16:10,51,1
2023-01-07 14:29:00,0.03815199,08:10 - 16:10,51,1
2023-01-07 14:30:00,0.03815199,08:10 - 16:10,51,1
2023-01-07 14:31:00,0.03815199,08:10 - 16:10,51,1
2023-01-07 14:32:00,0.03815199,08:10 - 16:10,51,1
2023-01-07 14:33:00,0.03815199,08:10 - 16:10,51,1
2023-01-07 14:34:00,0.03815199,08:10 - 16:10,51,1
2023-01-07 14:35:00,0.03815199,08:10 - 16:10,51,1
2023-01-07 14:36:00,0.03815199,08:10 - 16:10,51,1
2023-01-07 14:37:00,0.03815199,08:10 - 16:10,51,1
2023-01-07 14:38:00,0.03815199,08:10 - 16:10,51,1
2023-01-07 14:39:00,0.03815199,08:10 - 16:10,51,1
2023-01-07 14:40:00,0.03815199,08:10 - 16:10,51,1
2023-01-07 14:41:00,0.03815199,08:10 - 16:10,51,1
2023-01-07 14:42:00,0.03815199,08:10 - 16:10,51,1
2023-01-07 14:43:00,0.03815199,08:10 - 16:10,51,1
2023-01-07 14:44:00,0.03815199,08:10 - 16:10,51,1
2023-01-07 14:45:00,0.03815199,08:10 - 16:10,51,1
2023-01-07 14:46:00,0.03815199,08:10 - 16:10,51,1
2023-01-07 14:47:00,0.03815199,08:10 - 16:10,51,1
2023-01-07 14:48:00,0.03815199,08:10 - 16:10,51,1
2023-01-07 14:49:00,0.03815199,08:10 - 16:10,51,1
2023-01-07 14:50:00,0.03815199,08:10 - 16:10,51,1
2023-01-07 14:51:00,0.03815199,08:10 - 16:10,51,1
2023-01-07 14:52:00,0.03815199,08:10 - 16:10,51,1
2023-01-07 14:53:00,0.03815199,08:10 - 16:10,51,1
2023-01-07 14:54:00,0.03815199,08:10 - 16:10,51,1
2023-01-07 14:55:00,0.03815199,08:10 - 16:10,51,1
2023-01-07 14:56:00,0.03815199,08:10 - 16:10,51,1
2023-01-07 14:57:00,0.03815199,08:10 - 16:10,51,1
2023-01-07 14:58:00,0.03815199,08:10 - 16:10,51,1
2023-01-07 14:59:00,0.03815199,08:10 - 16:10,51,1
2023-01-07 15:00:00,0.03815199,08:10 - 16:10,51,1
2023-01-07 15:01:00,0.03815199,08:10 - 16:10,51,1
2023-01-07 15:02:00,0.03815199,08:10 - 16:10,51,1
2023-01-07 15:03:00,0.03815199,08:10 - 16:10,51,1
2023-01-07 15:04:00,0.03815199,08:10 - 16:10,51,1
2023-01-07 15:05:00,0.03815199,08:10 - 16:10,51,1
2023-01-07 15:06:00,0.03815199,08:10 - 16:10,51,1
2023-01-07 15:07:00,0.03815199,08:10 - 16:10,51,1
2023-01-07 15:08:00,0.03815199,08:10 - 16:10,51,1
2023-01-07 15:09:00,0.03815199,08:10 - 16:10,51,1
2023-01-07 15:10:00,0.03815199,08:10 - 16:10,51,1
2023-01-07 15:11:00,0.03815199,08:10 - 16:10,51,1
2023-01-07 15:12:00,0.03815199,08:10 - 16:10,51,1
2023-01-07 15:13:00,0.03815199,08:10 - 16:10,51,1
2023-01-07 15:14:00,0.03815199,08:10 - 16:10,51,1
2023-01-07 15:15:00,0.03815199,08:10 - 16:10,51,1
2023-01-07 15:16:00,0.03815199,08:10 - 16:10,51,1
2023-01-07 15:17:00,0.03815199,08:10 - 16:10,51,1
2023-01-07 15:18:00,0.03815199,08:10 - 16:10,51,1
2023-01-07 15:19:00,0.03815199,08:10 - 16:10,51,1
2023-01-07 15:20:00,0.03815199,08:10 - 16:10,51,1
2023-01-07 15:21:00,0.03815199,08:10 - 16:10,51,1
2023-01-07 15:22:00,0.03815199,08:10 - 16:10,51,1
2023-01-07 15:23:00,0.03815199,08:10 - 16:10,51,1
2023-01-07 15:24:00,0.03815199,08:10 - 16:10,51,1
2023-01-07 15:25:00,0.03815199,08:10 - 16:10,51,1
2023-01-07 15:26:00,0.03815199,08:10 - 16:10,51,1
2023-01-07 15:27:00,0.03815199,08:10 - 16:10,51,1
2023-01-07 15:28:00,0.03815199,08:10 - 16:10,51,1
2023-01-07 15:29:00,0.03815199,08:10 - 16:10,51,1
2023-01-07 15:30:00,0.03815199,08:10 - 16:10,51,1
2023-01-07 15:31:00,0.03815199,08:10 - 16:10,51,1
2023-01-07 15:32:00,0.03815199,08:10 - 16:10,51,1
2023-01-07 15:33:00,0.03815199,08:10 - 16:10,51,1
2023-01-07 15:34:00,0.03815199,08:10 - 16:10,51,1
2023-01-07 15:35:00,0.03815199,08:10 - 16:10,51,1
2023-01-07 15:36:00,0.03815199,08:10 - 16:10,51,1
2023-01-07 15:37:00,0.03815199,08:10 - 16:10,51,1
2023-01-07 15:38:00,0.03815199,08:10 - 16:10,51,1
2023-01-07 15:39:00,0.03815199,08:10 - 16:10,51,1
2023-01-07 15:40:00,0.03815199,08:10 - 16:10,51,1
2023-01-07 15:41:00,0.03815199,08:10 - 16:10,51,1
2023-01-07 15:42:00,0.03815199,08:10 - 16:10,51,1
2023-01-07 15:43:00,0.03815199,08:10 - 16:10,51,1
2023-01-07 15:44:00,0.03815199,08:10 - 16:10,51,1
2023-01-07 15:45:00,0.03815199,08:10 - 16:10,51,1
2023-01-07 15:46:00,0.03815199,08:10 - 16:10,51,1
2023-01-07 15:47:00,0.03815199,08:10 - 16:10,51,1
2023-01-07 15:48:00,0.03815199,08:10 - 16:10,51,1
2023-01-07 15:49:00,0.03815199,08:10 - 16:10,51,1
2023-01-07 15:50:00,0.03815199,08:10 - 16:10,51,1
2023-01-07 15:51:00,0.03815199,08:10 - 16:10,51,1
2023-01-07 15:52:00,0.03815199,08:10 - 16:10,51,1
2023-01-07 15:53:00,0.03815199,08:10 - 16:10,51,1
2023-01-07 15:54:00,0.03815199,08:10 - 16:10,51,1
2023-01-07 15:55:00,0.03815199,08:10 - 16:10,51,1
2023-01-07 15:56:00,0.03815199,08:10 - 16:10,51,1
2023-01-07 15:57:00,0.03815199,08:10 - 16:10,51,1
2023-01-07 15:58:00,0.03815199,08:10 - 16:10,51,1
2023-01-07 15:59:00,0.03814666,08:10 - 16:10,51,1
2023-01-07 16:00:00,0.03455511,08:10 - 16:10,51,1
2023-01-07 16:01:00,0.03340053,08:10 - 16:10,51,1
2023-01-07 16:02:00,0.03340053,08:10 - 16:10,51,1
2023-01-07 16:03:00,0.03340053,08:10 - 16:10,51,1
2023-01-07 16:04:00,0.03340053,08:10 - 16:10,51,1
2023-01-07 16:05:00,0.03340003,08:10 - 16:10,51,1
2023-01-07 16:06:00,0.03339803,08:10 - 16:10,51,1
2023-01-07 16:07:00,0.03339569,08:10 - 16:10,51,1
2023-01-07 16:08:00,0.03339219,08:10 - 16:10,51,1
2023-01-07 16:09:00,0.03338919,08:10 - 16:10,51,1
2023-01-07 16:10:00,0.03338619,16:10 - 00:10,52,2
2023-01-07 16:11:00,0.03338386,16:10 - 00:10,52,2
2023-01-07 16:12:00,0.03338386,16:10 - 00:10,52,2
2023-01-07 16:13:00,0.03338386,16:10 - 00:10,52,2
2023-01-07 16:14:00,0.03338386,16:10 - 00:10,52,2
2023-01-07 16:15:00,0.03338386,16:10 - 00:10,52,2
2023-01-07 16:16:00,0.03338386,16:10 - 00:10,52,2
2023-01-07 16:17:00,0.03338386,16:10 - 00:10,52,2
2023-01-07 16:18:00,0.03338386,16:10 - 00:10,52,2
2023-01-07 16:19:00,0.03338386,16:10 - 00:10,52,2
2023-01-07 16:20:00,0.03338386,16:10 - 00:10,52,2
2023-01-07 16:21:00,0.03338386,16:10 - 00:10,52,2
2023-01-07 16:22:00,0.03338386,16:10 - 00:10,52,2
2023-01-07 16:23:00,0.03338386,16:10 - 00:10,52,2
2023-01-07 16:24:00,0.03338386,16:10 - 00:10,52,2
2023-01-07 16:25:00,0.03338386,16:10 - 00:10,52,2
2023-01-07 16:26:00,0.03338386,16:10 - 00:10,52,2
2023-01-07 16:27:00,0.03338386,16:10 - 00:10,52,2
2023-01-07 16:28:00,0.03338386,16:10 - 00:10,52,2
2023-01-07 16:29:00,0.03338386,16:10 - 00:10,52,2
2023-01-07 16:30:00,0.03338386,16:10 - 00:10,52,2
2023-01-07 16:31:00,0.03338386,16:10 - 00:10,52,2
2023-01-07 16:32:00,0.03338386,16:10 - 00:10,52,2
2023-01-07 16:33:00,0.03338386,16:10 - 00:10,52,2
2023-01-07 16:34:00,0.03338386,16:10 - 00:10,52,2
2023-01-07 16:35:00,0.03338386,16:10 - 00:10,52,2
2023-01-07 16:36:00,0.03338386,16:10 - 00:10,52,2
2023-01-07 16:37:00,0.03338386,16:10 - 00:10,52,2
2023-01-07 16:38:00,0.03338386,16:10 - 00:10,52,2
2023-01-07 16:39:00,0.03338386,16:10 - 00:10,52,2
2023-01-07 16:40:00,0.03338386,16:10 - 00:10,52,2
2023-01-07 16:41:00,0.03338386,16:10 - 00:10,52,2
2023-01-07 16:42:00,0.03338386,16:10 - 00:10,52,2
2023-01-07 16:43:00,0.03338386,16:10 - 00:10,52,2
2023-01-07 16:44:00,0.03338153,16:10 - 00:10,52,2
2023-01-07 16:45:00,0.03337436,16:10 - 00:10,52,2
2023-01-07 16:46:00,0.03337103,16:10 - 00:10,52,2
2023-01-07 16:47:00,0.03337103,16:10 - 00:10,52,2
2023-01-07 16:48:00,0.03337369,16:10 - 00:10,52,2
2023-01-07 16:49:00,0.03337119,16:10 - 00:10,52,2
2023-01-07 16:50:00,0.03337019,16:10 - 00:10,52,2
2023-01-07 16:51:00,0.03337469,16:10 - 00:10,52,2
2023-01-07 16:52:00,0.03337469,16:10 - 00:10,52,2
2023-01-07 16:53:00,0.03337469,16:10 - 00:10,52,2
2023-01-07 16:54:00,0.03337686,16:10 - 00:10,52,2
2023-01-07 16:55:00,0.03337819,16:10 - 00:10,52,2
2023-01-07 16:56:00,0.03337953,16:10 - 00:10,52,2
2023-01-07 16:57:00,0.03338069,16:10 - 00:10,52,2
2023-01-07 16:58:00,0.03338069,16:10 - 00:10,52,2
2023-01-07 16:59:00,0.03338386,16:10 - 00:10,52,2
2023-01-07 17:00:00,0.03338386,16:10 - 00:10,52,2
2023-01-07 17:01:00,0.03338386,16:10 - 00:10,52,2
2023-01-07 17:02:00,0.03338386,16:10 - 00:10,52,2
2023-01-07 17:03:00,0.03338386,16:10 - 00:10,52,2
2023-01-07 17:04:00,0.03338386,16:10 - 00:10,52,2
2023-01-07 17:05:00,0.03338386,16:10 - 00:10,52,2
2023-01-07 17:06:00,0.03338386,16:10 - 00:10,52,2
2023-01-07 17:07:00,0.03338386,16:10 - 00:10,52,2
2023-01-07 17:08:00,0.03338386,16:10 - 00:10,52,2
2023-01-07 17:09:00,0.03338386,16:10 - 00:10,52,2
2023-01-07 17:10:00,0.03338386,16:10 - 00:10,52,2
2023-01-07 17:11:00,0.03338386,16:10 - 00:10,52,2
2023-01-07 17:12:00,0.03338386,16:10 - 00:10,52,2
2023-01-07 17:13:00,0.03338386,16:10 - 00:10,52,2
2023-01-07 17:14:00,0.03338386,16:10 - 00:10,52,2
2023-01-07 17:15:00,0.03338386,16:10 - 00:10,52,2
2023-01-07 17:16:00,0.03338386,16:10 - 00:10,52,2
2023-01-07 17:17:00,0.03338386,16:10 - 00:10,52,2
2023-01-07 17:18:00,0.03338386,16:10 - 00:10,52,2
2023-01-07 17:19:00,0.03338386,16:10 - 00:10,52,2
2023-01-07 17:20:00,0.03338203,16:10 - 00:10,52,2
2023-01-07 17:21:00,0.03338203,16:10 - 00:10,52,2
2023-01-07 17:22:00,0.03337803,16:10 - 00:10,52,2
2023-01-07 17:23:00,0.03337386,16:10 - 00:10,52,2
2023-01-07 17:24:00,0.03337186,16:10 - 00:10,52,2
2023-01-07 17:25:00,0.03337336,16:10 - 00:10,52,2
2023-01-07 17:26:00,0.03337253,16:10 - 00:10,52,2
2023-01-07 17:27:00,0.03337253,16:10 - 00:10,52,2
2023-01-07 17:28:00,0.03337353,16:10 - 00:10,52,2
2023-01-07 17:29:00,0.03337186,16:10 - 00:10,52,2
2023-01-07 17:30:00,0.03336853,16:10 - 00:10,52,2
2023-01-07 17:31:00,0.03336869,16:10 - 00:10,52,2
2023-01-07 17:32:00,0.03336869,16:10 - 00:10,52,2
2023-01-07 17:33:00,0.03336486,16:10 - 00:10,52,2
2023-01-07 17:34:00,0.03335803,16:10 - 00:10,52,2
2023-01-07 17:35:00,0.03335153,16:10 - 00:10,52,2
2023-01-07 17:36:00,0.03334603,16:10 - 00:10,52,2
2023-01-07 17:37:00,0.03334369,16:10 - 00:10,52,2
2023-01-07 17:38:00,0.03334369,16:10 - 00:10,52,2
2023-01-07 17:39:00,0.03334703,16:10 - 00:10,52,2
2023-01-07 17:40:00,0.03335386,16:10 - 00:10,52,2
2023-01-07 17:41:00,0.03336419,16:10 - 00:10,52,2
2023-01-07 17:42:00,0.03336953,16:10 - 00:10,52,2
2023-01-07 17:43:00,0.03337669,16:10 - 00:10,52,2
2023-01-07 17:44:00,0.03337669,16:10 - 00:10,52,2
2023-01-07 17:45:00,0.03337903,16:10 - 00:10,52,2
2023-01-07 17:46:00,0.03337936,16:10 - 00:10,52,2
2023-01-07 17:47:00,0.03338386,16:10 - 00:10,52,2
2023-01-07 17:48:00,0.03338386,16:10 - 00:10,52,2
2023-01-07 17:49:00,0.03338386,16:10 - 00:10,52,2
2023-01-07 17:50:00,0.03338386,16:10 - 00:10,52,2
2023-01-07 17:51:00,0.03338386,16:10 - 00:10,52,2
2023-01-07 17:52:00,0.03338386,16:10 - 00:10,52,2
2023-01-07 17:53:00,0.03338386,16:10 - 00:10,52,2
2023-01-07 17:54:00,0.03338386,16:10 - 00:10,52,2
2023-01-07 17:55:00,0.03338386,16:10 - 00:10,52,2
2023-01-07 17:56:00,0.03338386,16:10 - 00:10,52,2
2023-01-07 17:57:00,0.03338386,16:10 - 00:10,52,2
2023-01-07 17:58:00,0.03338386,16:10 - 00:10,52,2
2023-01-07 17:59:00,0.03338386,16:10 - 00:10,52,2
2023-01-07 18:00:00,0.03338386,16:10 - 00:10,52,2
2023-01-07 18:01:00,0.03338386,16:10 - 00:10,52,2
2023-01-07 18:02:00,0.03338386,16:10 - 00:10,52,2
2023-01-07 18:03:00,0.03338386,16:10 - 00:10,52,2
2023-01-07 18:04:00,0.03338386,16:10 - 00:10,52,2
2023-01-07 18:05:00,0.03338386,16:10 - 00:10,52,2
2023-01-07 18:06:00,0.03338386,16:10 - 00:10,52,2
2023-01-07 18:07:00,0.03338386,16:10 - 00:10,52,2
2023-01-07 18:08:00,0.03338386,16:10 - 00:10,52,2
2023-01-07 18:09:00,0.03338386,16:10 - 00:10,52,2
2023-01-07 18:10:00,0.03338386,16:10 - 00:10,52,2
2023-01-07 18:11:00,0.03338386,16:10 - 00:10,52,2
2023-01-07 18:12:00,0.03338386,16:10 - 00:10,52,2
2023-01-07 18:13:00,0.03338386,16:10 - 00:10,52,2
2023-01-07 18:14:00,0.03338386,16:10 - 00:10,52,2
2023-01-07 18:15:00,0.03338386,16:10 - 00:10,52,2
2023-01-07 18:16:00,0.03338386,16:10 - 00:10,52,2
2023-01-07 18:17:00,0.03338386,16:10 - 00:10,52,2
2023-01-07 18:18:00,0.03338386,16:10 - 00:10,52,2
2023-01-07 18:19:00,0.03338353,16:10 - 00:10,52,2
2023-01-07 18:20:00,0.03338386,16:10 - 00:10,52,2
2023-01-07 18:21:00,0.03338386,16:10 - 00:10,52,2
2023-01-07 18:22:00,0.03338386,16:10 - 00:10,52,2
2023-01-07 18:23:00,0.03338386,16:10 - 00:10,52,2
2023-01-07 18:24:00,0.03338386,16:10 - 00:10,52,2
2023-01-07 18:25:00,0.03338386,16:10 - 00:10,52,2
2023-01-07 18:26:00,0.03338386,16:10 - 00:10,52,2
2023-01-07 18:27:00,0.03338386,16:10 - 00:10,52,2
2023-01-07 18:28:00,0.03338386,16:10 - 00:10,52,2
2023-01-07 18:29:00,0.03338386,16:10 - 00:10,52,2
2023-01-07 18:30:00,0.03338386,16:10 - 00:10,52,2
2023-01-07 18:31:00,0.03338386,16:10 - 00:10,52,2
2023-01-07 18:32:00,0.03338386,16:10 - 00:10,52,2
2023-01-07 18:33:00,0.03338269,16:10 - 00:10,52,2
2023-01-07 18:34:00,0.03338319,16:10 - 00:10,52,2
2023-01-07 18:35:00,0.03338319,16:10 - 00:10,52,2
2023-01-07 18:36:00,0.03338386,16:10 - 00:10,52,2
2023-01-07 18:37:00,0.03338386,16:10 - 00:10,52,2
2023-01-07 18:38:00,0.03338086,16:10 - 00:10,52,2
2023-01-07 18:39:00,0.03337569,16:10 - 00:10,52,2
2023-01-07 18:40:00,0.03336969,16:10 - 00:10,52,2
2023-01-07 18:41:00,0.03336969,16:10 - 00:10,52,2
2023-01-07 18:42:00,0.03336753,16:10 - 00:10,52,2
2023-01-07 18:43:00,0.03337069,16:10 - 00:10,52,2
2023-01-07 18:44:00,0.03337619,16:10 - 00:10,52,2
2023-01-07 18:45:00,0.03337969,16:10 - 00:10,52,2
2023-01-07 18:46:00,0.03338386,16:10 - 00:10,52,2
2023-01-07 18:47:00,0.03338386,16:10 - 00:10,52,2
2023-01-07 18:48:00,0.03338319,16:10 - 00:10,52,2
2023-01-07 18:49:00,0.03337936,16:10 - 00:10,52,2
2023-01-07 18:50:00,0.03337936,16:10 - 00:10,52,2
2023-01-07 18:51:00,0.03337269,16:10 - 00:10,52,2
2023-01-07 18:52:00,0.03336953,16:10 - 00:10,52,2
2023-01-07 18:53:00,0.03336953,16:10 - 00:10,52,2
2023-01-07 18:54:00,0.03336953,16:10 - 00:10,52,2
2023-01-07 18:55:00,0.03337736,16:10 - 00:10,52,2
2023-01-07 18:56:00,0.03338319,16:10 - 00:10,52,2
2023-01-07 18:57:00,0.03338386,16:10 - 00:10,52,2
2023-01-07 18:58:00,0.03338386,16:10 - 00:10,52,2
2023-01-07 18:59:00,0.03338386,16:10 - 00:10,52,2
2023-01-07 19:00:00,0.03338386,16:10 - 00:10,52,2
2023-01-07 19:01:00,0.03338386,16:10 - 00:10,52,2
2023-01-07 19:02:00,0.03338386,16:10 - 00:10,52,2
2023-01-07 19:03:00,0.03338386,16:10 - 00:10,52,2
2023-01-07 19:04:00,0.03338386,16:10 - 00:10,52,2
2023-01-07 19:05:00,0.03338386,16:10 - 00:10,52,2
2023-01-07 19:06:00,0.03338386,16:10 - 00:10,52,2
2023-01-07 19:07:00,0.03338386,16:10 - 00:10,52,2
2023-01-07 19:08:00,0.03338386,16:10 - 00:10,52,2
2023-01-07 19:09:00,0.03338386,16:10 - 00:10,52,2
2023-01-07 19:10:00,0.03338386,16:10 - 00:10,52,2
2023-01-07 19:11:00,0.03338386,16:10 - 00:10,52,2
2023-01-07 19:12:00,0.03338386,16:10 - 00:10,52,2
2023-01-07 19:13:00,0.03338386,16:10 - 00:10,52,2
2023-01-07 19:14:00,0.03338386,16:10 - 00:10,52,2
2023-01-07 19:15:00,0.03338386,16:10 - 00:10,52,2
2023-01-07 19:16:00,0.03338386,16:10 - 00:10,52,2
2023-01-07 19:17:00,0.03338386,16:10 - 00:10,52,2
2023-01-07 19:18:00,0.03338386,16:10 - 00:10,52,2
2023-01-07 19:19:00,0.03338386,16:10 - 00:10,52,2
2023-01-07 19:20:00,0.03338386,16:10 - 00:10,52,2
2023-01-07 19:21:00,0.03338386,16:10 - 00:10,52,2
2023-01-07 19:22:00,0.03338386,16:10 - 00:10,52,2
2023-01-07 19:23:00,0.03338386,16:10 - 00:10,52,2
2023-01-07 19:24:00,0.03338386,16:10 - 00:10,52,2
2023-01-07 19:25:00,0.03338386,16:10 - 00:10,52,2
2023-01-07 19:26:00,0.03338569,16:10 - 00:10,52,2
2023-01-07 19:27:00,0.03338786,16:10 - 00:10,52,2
2023-01-07 19:28:00,0.03338786,16:10 - 00:10,52,2
2023-01-07 19:29:00,0.03338803,16:10 - 00:10,52,2
2023-01-07 19:30:00,0.03338803,16:10 - 00:10,52,2
2023-01-07 19:31:00,0.03338803,16:10 - 00:10,52,2
2023-01-07 19:32:00,0.03338803,16:10 - 00:10,52,2
2023-01-07 19:33:00,0.03338803,16:10 - 00:10,52,2
2023-01-07 19:34:00,0.03338803,16:10 - 00:10,52,2
2023-01-07 19:35:00,0.03338803,16:10 - 00:10,52,2
2023-01-07 19:36:00,0.03338803,16:10 - 00:10,52,2
2023-01-07 19:37:00,0.03338803,16:10 - 00:10,52,2
2023-01-07 19:38:00,0.03338803,16:10 - 00:10,52,2
2023-01-07 19:39:00,0.03338803,16:10 - 00:10,52,2
2023-01-07 19:40:00,0.03338803,16:10 - 00:10,52,2
2023-01-07 19:41:00,0.03338803,16:10 - 00:10,52,2
2023-01-07 19:42:00,0.03338803,16:10 - 00:10,52,2
2023-01-07 19:43:00,0.03338803,16:10 - 00:10,52,2
2023-01-07 19:44:00,0.03338803,16:10 - 00:10,52,2
2023-01-07 19:45:00,0.03338803,16:10 - 00:10,52,2
2023-01-07 19:46:00,0.03338803,16:10 - 00:10,52,2
2023-01-07 19:47:00,0.03338803,16:10 - 00:10,52,2
2023-01-07 19:48:00,0.03338803,16:10 - 00:10,52,2
2023-01-07 19:49:00,0.03338803,16:10 - 00:10,52,2
2023-01-07 19:50:00,0.03338803,16:10 - 00:10,52,2
2023-01-07 19:51:00,0.03338686,16:10 - 00:10,52,2
2023-01-07 19:52:00,0.03338419,16:10 - 00:10,52,2
2023-01-07 19:53:00,0.03338153,16:10 - 00:10,52,2
2023-01-07 19:54:00,0.03338003,16:10 - 00:10,52,2
2023-01-07 19:55:00,0.03338019,16:10 - 00:10,52,2
2023-01-07 19:56:00,0.03338019,16:10 - 00:10,52,2
2023-01-07 19:57:00,0.03337986,16:10 - 00:10,52,2
2023-01-07 19:58:00,0.03338269,16:10 - 00:10,52,2
2023-01-07 19:59:00,0.03338736,16:10 - 00:10,52,2
2023-01-07 20:00:00,0.03338803,16:10 - 00:10,52,2
2023-01-07 20:01:00,0.03338803,16:10 - 00:10,52,2
2023-01-07 20:02:00,0.03338803,16:10 - 00:10,52,2
2023-01-07 20:03:00,0.03338803,16:10 - 00:10,52,2
2023-01-07 20:04:00,0.03338803,16:10 - 00:10,52,2
2023-01-07 20:05:00,0.03338803,16:10 - 00:10,52,2
2023-01-07 20:06:00,0.03338803,16:10 - 00:10,52,2
2023-01-07 20:07:00,0.03338803,16:10 - 00:10,52,2
2023-01-07 20:08:00,0.03338803,16:10 - 00:10,52,2
2023-01-07 20:09:00,0.03338803,16:10 - 00:10,52,2
2023-01-07 20:10:00,0.03338803,16:10 - 00:10,52,2
2023-01-07 20:11:00,0.03338803,16:10 - 00:10,52,2
2023-01-07 20:12:00,0.03338803,16:10 - 00:10,52,2
2023-01-07 20:13:00,0.03338803,16:10 - 00:10,52,2
2023-01-07 20:14:00,0.03338803,16:10 - 00:10,52,2
2023-01-07 20:15:00,0.03338403,16:10 - 00:10,52,2
2023-01-07 20:16:00,0.03337803,16:10 - 00:10,52,2
2023-01-07 20:17:00,0.03337769,16:10 - 00:10,52,2
2023-01-07 20:18:00,0.03337769,16:10 - 00:10,52,2
2023-01-07 20:19:00,0.03337953,16:10 - 00:10,52,2
2023-01-07 20:20:00,0.03338103,16:10 - 00:10,52,2
2023-01-07 20:21:00,0.03338036,16:10 - 00:10,52,2
2023-01-07 20:22:00,0.03338019,16:10 - 00:10,52,2
2023-01-07 20:23:00,0.03338019,16:10 - 00:10,52,2
2023-01-07 20:24:00,0.03338036,16:10 - 00:10,52,2
2023-01-07 20:25:00,0.03337936,16:10 - 00:10,52,2
2023-01-07 20:26:00,0.03337553,16:10 - 00:10,52,2
2023-01-07 20:27:00,0.03336869,16:10 - 00:10,52,2
2023-01-07 20:28:00,0.03336119,16:10 - 00:10,52,2
2023-01-07 20:29:00,0.03335019,16:10 - 00:10,52,2
2023-01-07 20:30:00,0.03335019,16:10 - 00:10,52,2
2023-01-07 20:31:00,0.03334203,16:10 - 00:10,52,2
2023-01-07 20:32:00,0.03334336,16:10 - 00:10,52,2
2023-01-07 20:33:00,0.03334053,16:10 - 00:10,52,2
2023-01-07 20:34:00,0.03333536,16:10 - 00:10,52,2
2023-01-07 20:35:00,0.03332903,16:10 - 00:10,52,2
2023-01-07 20:36:00,0.03332919,16:10 - 00:10,52,2
2023-01-07 20:37:00,0.03332153,16:10 - 00:10,52,2
2023-01-07 20:38:00,0.03332203,16:10 - 00:10,52,2
2023-01-07 20:39:00,0.03328986,16:10 - 00:10,52,2
2023-01-07 20:40:00,0.03327269,16:10 - 00:10,52,2
2023-01-07 20:41:00,0.03327286,16:10 - 00:10,52,2
2023-01-07 20:42:00,0.03325736,16:10 - 00:10,52,2
2023-01-07 20:43:00,0.03324303,16:10 - 00:10,52,2
2023-01-07 20:44:00,0.03323753,16:10 - 00:10,52,2
2023-01-07 20:45:00,0.03323169,16:10 - 00:10,52,2
2023-01-07 20:46:00,0.03322553,16:10 - 00:10,52,2
2023-01-07 20:47:00,0.03322553,16:10 - 00:10,52,2
2023-01-07 20:48:00,0.03321436,16:10 - 00:10,52,2
2023-01-07 20:49:00,0.03320253,16:10 - 00:10,52,2
2023-01-07 20:50:00,0.03319036,16:10 - 00:10,52,2
2023-01-07 20:51:00,0.03317903,16:10 - 00:10,52,2
2023-01-07 20:52:00,0.03317903,16:10 - 00:10,52,2
2023-01-07 20:53:00,0.03316469,16:10 - 00:10,52,2
2023-01-07 20:54:00,0.03315319,16:10 - 00:10,52,2
2023-01-07 20:55:00,0.03314603,16:10 - 00:10,52,2
2023-01-07 20:56:00,0.03314753,16:10 - 00:10,52,2
2023-01-07 20:57:00,0.03314886,16:10 - 00:10,52,2
2023-01-07 20:58:00,0.03314886,16:10 - 00:10,52,2
2023-01-07 20:59:00,0.03315253,16:10 - 00:10,52,2
2023-01-07 21:00:00,0.03315103,16:10 - 00:10,52,2
2023-01-07 21:01:00,0.03315219,16:10 - 00:10,52,2
2023-01-07 21:02:00,0.03315569,16:10 - 00:10,52,2
2023-01-07 21:03:00,0.03315703,16:10 - 00:10,52,2
2023-01-07 21:04:00,0.03315936,16:10 - 00:10,52,2
2023-01-07 21:05:00,0.03315936,16:10 - 00:10,52,2
2023-01-07 21:06:00,0.03315753,16:10 - 00:10,52,2
2023-01-07 21:07:00,0.03315936,16:10 - 00:10,52,2
2023-01-07 21:08:00,0.03316103,16:10 - 00:10,52,2
2023-01-07 21:09:00,0.03316203,16:10 - 00:10,52,2
2023-01-07 21:10:00,0.03316203,16:10 - 00:10,52,2
2023-01-07 21:11:00,0.03316303,16:10 - 00:10,52,2
2023-01-07 21:12:00,0.03316486,16:10 - 00:10,52,2
2023-01-07 21:13:00,0.03316519,16:10 - 00:10,52,2
2023-01-07 21:14:00,0.03315903,16:10 - 00:10,52,2
2023-01-07 21:15:00,0.03315469,16:10 - 00:10,52,2
2023-01-07 21:16:00,0.03315469,16:10 - 00:10,52,2
2023-01-07 21:17:00,0.03315103,16:10 - 00:10,52,2
2023-01-07 21:18:00,0.03314419,16:10 - 00:10,52,2
2023-01-07 21:19:00,0.03313769,16:10 - 00:10,52,2
2023-01-07 21:20:00,0.03313086,16:10 - 00:10,52,2
2023-01-07 21:21:00,0.03312636,16:10 - 00:10,52,2
2023-01-07 21:22:00,0.03312636,16:10 - 00:10,52,2
2023-01-07 21:23:00,0.03311703,16:10 - 00:10,52,2
2023-01-07 21:24:00,0.03310919,16:10 - 00:10,52,2
2023-01-07 21:25:00,0.03310036,16:10 - 00:10,52,2
2023-01-07 21:26:00,0.03309036,16:10 - 00:10,52,2
2023-01-07 21:27:00,0.03309036,16:10 - 00:10,52,2
2023-01-07 21:28:00,0.03309036,16:10 - 00:10,52,2
2023-01-07 21:29:00,0.03306653,16:10 - 00:10,52,2
2023-01-07 21:30:00,0.03305686,16:10 - 00:10,52,2
2023-01-07 21:31:00,0.03304819,16:10 - 00:10,52,2
2023-01-07 21:32:00,0.03303786,16:10 - 00:10,52,2
2023-01-07 21:33:00,0.03303786,16:10 - 00:10,52,2
2023-01-07 21:34:00,0.03303186,16:10 - 00:10,52,2
2023-01-07 21:35:00,0.03302136,16:10 - 00:10,52,2
2023-01-07 21:36:00,0.03301003,16:10 - 00:10,52,2
2023-01-07 21:37:00,0.03300253,16:10 - 00:10,52,2
2023-01-07 21:38:00,0.03299519,16:10 - 00:10,52,2
2023-01-07 21:39:00,0.03299519,16:10 - 00:10,52,2
2023-01-07 21:40:00,0.03298486,16:10 - 00:10,52,2
2023-01-07 21:41:00,0.03297519,16:10 - 00:10,52,2
2023-01-07 21:42:00,0.03296753,16:10 - 00:10,52,2
2023-01-07 21:43:00,0.03296219,16:10 - 00:10,52,2
2023-01-07 21:44:00,0.03296219,16:10 - 00:10,52,2
2023-01-07 21:45:00,0.03295486,16:10 - 00:10,52,2
2023-01-07 21:46:00,0.03294936,16:10 - 00:10,52,2
2023-01-07 21:47:00,0.03294169,16:10 - 00:10,52,2
2023-01-07 21:48:00,0.03293136,16:10 - 00:10,52,2
2023-01-07 21:49:00,0.03293086,16:10 - 00:10,52,2
2023-01-07 21:50:00,0.03293086,16:10 - 00:10,52,2
2023-01-07 21:51:00,0.03292336,16:10 - 00:10,52,2
2023-01-07 21:52:00,0.03291803,16:10 - 00:10,52,2
2023-01-07 21:53:00,0.03291519,16:10 - 00:10,52,2
2023-01-07 21:54:00,0.03291169,16:10 - 00:10,52,2
2023-01-07 21:55:00,0.03290869,16:10 - 00:10,52,2
2023-01-07 21:56:00,0.03290869,16:10 - 00:10,52,2
2023-01-07 21:57:00,0.03290869,16:10 - 00:10,52,2
2023-01-07 21:58:00,0.03290619,16:10 - 00:10,52,2
2023-01-07 21:59:00,0.03290203,16:10 - 00:10,52,2
2023-01-07 22:00:00,0.03289319,16:10 - 00:10,52,2
2023-01-07 22:01:00,0.03289319,16:10 - 00:10,52,2
2023-01-07 22:02:00,0.03288236,16:10 - 00:10,52,2
2023-01-07 22:03:00,0.03287136,16:10 - 00:10,52,2
2023-01-07 22:04:00,0.03286453,16:10 - 00:10,52,2
2023-01-07 22:05:00,0.03286169,16:10 - 00:10,52,2
2023-01-07 22:06:00,0.03285619,16:10 - 00:10,52,2
2023-01-07 22:07:00,0.03285619,16:10 - 00:10,52,2
2023-01-07 22:08:00,0.03285169,16:10 - 00:10,52,2
2023-01-07 22:09:00,0.03285119,16:10 - 00:10,52,2
2023-01-07 22:10:00,0.03285119,16:10 - 00:10,52,2
2023-01-07 22:11:00,0.03285619,16:10 - 00:10,52,2
2023-01-07 22:12:00,0.03285336,16:10 - 00:10,52,2
2023-01-07 22:13:00,0.03285336,16:10 - 00:10,52,2
2023-01-07 22:14:00,0.03285436,16:10 - 00:10,52,2
2023-01-07 22:15:00,0.03285019,16:10 - 00:10,52,2
2023-01-07 22:16:00,0.03284653,16:10 - 00:10,52,2
2023-01-07 22:17:00,0.03284186,16:10 - 00:10,52,2
2023-01-07 22:18:00,0.03283853,16:10 - 00:10,52,2
2023-01-07 22:19:00,0.03283853,16:10 - 00:10,52,2
2023-01-07 22:20:00,0.03283636,16:10 - 00:10,52,2
2023-01-07 22:21:00,0.03282853,16:10 - 00:10,52,2
2023-01-07 22:22:00,0.03282036,16:10 - 00:10,52,2
2023-01-07 22:23:00,0.03281169,16:10 - 00:10,52,2
2023-01-07 22:24:00,0.03281169,16:10 - 00:10,52,2
2023-01-07 22:25:00,0.03280353,16:10 - 00:10,52,2
2023-01-07 22:26:00,0.03280353,16:10 - 00:10,52,2
2023-01-07 22:27:00,0.03279569,16:10 - 00:10,52,2
2023-01-07 22:28:00,0.03278553,16:10 - 00:10,52,2
2023-01-07 22:29:00,0.03277336,16:10 - 00:10,52,2
2023-01-07 22:30:00,0.03277336,16:10 - 00:10,52,2
2023-01-07 22:31:00,0.03276969,16:10 - 00:10,52,2
2023-01-07 22:32:00,0.03276386,16:10 - 00:10,52,2
2023-01-07 22:33:00,0.03275686,16:10 - 00:10,52,2
2023-01-07 22:34:00,0.03274753,16:10 - 00:10,52,2
2023-01-07 22:35:00,0.03273836,16:10 - 00:10,52,2
2023-01-07 22:36:00,0.03273836,16:10 - 00:10,52,2
2023-01-07 22:37:00,0.03272953,16:10 - 00:10,52,2
2023-01-07 22:38:00,0.03272769,16:10 - 00:10,52,2
2023-01-07 22:39:00,0.03273169,16:10 - 00:10,52,2
2023-01-07 22:40:00,0.03273469,16:10 - 00:10,52,2
2023-01-07 22:41:00,0.03273469,16:10 - 00:10,52,2
2023-01-07 22:42:00,0.03273736,16:10 - 00:10,52,2
2023-01-07 22:43:00,0.03274086,16:10 - 00:10,52,2
2023-01-07 22:44:00,0.03274336,16:10 - 00:10,52,2
2023-01-07 22:45:00,0.03273869,16:10 - 00:10,52,2
2023-01-07 22:46:00,0.03273869,16:10 - 00:10,52,2
2023-01-07 22:47:00,0.03273336,16:10 - 00:10,52,2
2023-01-07 22:48:00,0.03273336,16:10 - 00:10,52,2
2023-01-07 22:49:00,0.03273703,16:10 - 00:10,52,2
2023-01-07 22:50:00,0.03274086,16:10 - 00:10,52,2
2023-01-07 22:51:00,0.03274603,16:10 - 00:10,52,2
2023-01-07 22:52:00,0.03274536,16:10 - 00:10,52,2
2023-01-07 22:53:00,0.03274536,16:10 - 00:10,52,2
2023-01-07 22:54:00,0.03274203,16:10 - 00:10,52,2
2023-01-07 22:55:00,0.03274103,16:10 - 00:10,52,2
2023-01-07 22:56:00,0.03273769,16:10 - 00:10,52,2
2023-01-07 22:57:00,0.03273536,16:10 - 00:10,52,2
2023-01-07 22:58:00,0.03273603,16:10 - 00:10,52,2
2023-01-07 22:59:00,0.03273603,16:10 - 00:10,52,2
2023-01-07 23:00:00,0.03273819,16:10 - 00:10,52,2
2023-01-07 23:01:00,0.03273903,16:10 - 00:10,52,2
2023-01-07 23:02:00,0.03273503,16:10 - 00:10,52,2
2023-01-07 23:03:00,0.03273169,16:10 - 00:10,52,2
2023-01-07 23:04:00,0.03273169,16:10 - 00:10,52,2
2023-01-07 23:05:00,0.03272436,16:10 - 00:10,52,2
2023-01-07 23:06:00,0.03271336,16:10 - 00:10,52,2
2023-01-07 23:07:00,0.03270686,16:10 - 00:10,52,2
2023-01-07 23:08:00,0.03270136,16:10 - 00:10,52,2
2023-01-07 23:09:00,0.03269619,16:10 - 00:10,52,2
2023-01-07 23:10:00,0.03269619,16:10 - 00:10,52,2
2023-01-07 23:11:00,0.03269069,16:10 - 00:10,52,2
2023-01-07 23:12:00,0.03268153,16:10 - 00:10,52,2
2023-01-07 23:13:00,0.03267619,16:10 - 00:10,52,2
2023-01-07 23:14:00,0.03267636,16:10 - 00:10,52,2
2023-01-07 23:15:00,0.03268036,16:10 - 00:10,52,2
2023-01-07 23:16:00,0.03268036,16:10 - 00:10,52,2
2023-01-07 23:17:00,0.03267953,16:10 - 00:10,52,2
2023-01-07 23:18:00,0.03267353,16:10 - 00:10,52,2
2023-01-07 23:19:00,0.03266869,16:10 - 00:10,52,2
2023-01-07 23:20:00,0.03266203,16:10 - 00:10,52,2
2023-01-07 23:21:00,0.03266203,16:10 - 00:10,52,2
2023-01-07 23:22:00,0.03265703,16:10 - 00:10,52,2
2023-01-07 23:23:00,0.03265386,16:10 - 00:10,52,2
2023-01-07 23:24:00,0.03265286,16:10 - 00:10,52,2
2023-01-07 23:25:00,0.03265219,16:10 - 00:10,52,2
2023-01-07 23:26:00,0.03265453,16:10 - 00:10,52,2
2023-01-07 23:27:00,0.03265453,16:10 - 00:10,52,2
2023-01-07 23:28:00,0.03265886,16:10 - 00:10,52,2
2023-01-07 23:29:00,0.03266203,16:10 - 00:10,52,2
2023-01-07 23:30:00,0.03266019,16:10 - 00:10,52,2
2023-01-07 23:31:00,0.03265753,16:10 - 00:10,52,2
2023-01-07 23:32:00,0.03266103,16:10 - 00:10,52,2
2023-01-07 23:33:00,0.03266103,16:10 - 00:10,52,2
2023-01-07 23:34:00,0.03266436,16:10 - 00:10,52,2
2023-01-07 23:35:00,0.03266786,16:10 - 00:10,52,2
2023-01-07 23:36:00,0.03267019,16:10 - 00:10,52,2
2023-01-07 23:37:00,0.03267269,16:10 - 00:10,52,2
2023-01-07 23:38:00,0.03267269,16:10 - 00:10,52,2
2023-01-07 23:39:00,0.03267419,16:10 - 00:10,52,2
2023-01-07 23:40:00,0.03267703,16:10 - 00:10,52,2
2023-01-07 23:41:00,0.03267936,16:10 - 00:10,52,2
2023-01-07 23:42:00,0.03267919,16:10 - 00:10,52,2
2023-01-07 23:43:00,0.03267836,16:10 - 00:10,52,2
2023-01-07 23:44:00,0.03267836,16:10 - 00:10,52,2
2023-01-07 23:45:00,0.03267419,16:10 - 00:10,52,2
2023-01-07 23:46:00,0.03267069,16:10 - 00:10,52,2
2023-01-07 23:47:00,0.03266703,16:10 - 00:10,52,2
2023-01-07 23:48:00,0.03266519,16:10 - 00:10,52,2
2023-01-07 23:49:00,0.03266386,16:10 - 00:10,52,2
2023-01-07 23:50:00,0.03266386,16:10 - 00:10,52,2
2023-01-07 23:51:00,0.03266569,16:10 - 00:10,52,2
2023-01-07 23:52:00,0.03266753,16:10 - 00:10,52,2
2023-01-07 23:53:00,0.03266853,16:10 - 00:10,52,2
2023-01-07 23:54:00,0.03267069,16:10 - 00:10,52,2
2023-01-07 23:55:00,0.03267069,16:10 - 00:10,52,2
2023-01-07 23:56:00,0.03266986,16:10 - 00:10,52,2
2023-01-07 23:57:00,0.03266586,16:10 - 00:10,52,2
2023-01-07 23:58:00,0.03266519,16:10 - 00:10,52,2
2023-01-07 23:59:00,0.03266569,16:10 - 00:10,52,2
2023-01-08 00:00:00,0.00537202,16:10 - 00:10,52,2
2023-01-08 00:01:00,0.00347202,16:10 - 00:10,52,2
2023-01-08 00:02:00,0.00374685,16:10 - 00:10,52,2
2023-01-08 00:03:00,0.00383719,16:10 - 00:10,52,2
2023-01-08 00:04:00,0.00429885,16:10 - 00:10,52,2
2023-01-08 00:05:00,0.00444252,16:10 - 00:10,52,2
2023-01-08 00:06:00,0.00446269,16:10 - 00:10,52,2
2023-01-08 00:07:00,0.00414602,16:10 - 00:10,52,2
2023-01-08 00:08:00,0.00390102,16:10 - 00:10,52,2
2023-01-08 00:09:00,0.00375102,16:10 - 00:10,52,2
2023-01-08 00:10:00,0.00369969,00:10 - 08:10,53,0
2023-01-08 00:11:00,0.00389985,00:10 - 08:10,53,0
2023-01-08 00:12:00,0.00419352,00:10 - 08:10,53,0
2023-01-08 00:13:00,0.00442685,00:10 - 08:10,53,0
2023-01-08 00:14:00,0.00472135,00:10 - 08:10,53,0
2023-01-08 00:15:00,0.00501719,00:10 - 08:10,53,0
2023-01-08 00:16:00,0.00508102,00:10 - 08:10,53,0
2023-01-08 00:17:00,0.00521002,00:10 - 08:10,53,0
2023-01-08 00:18:00,0.00537669,00:10 - 08:10,53,0
2023-01-08 00:19:00,0.00540652,00:10 - 08:10,53,0
2023-01-08 00:20:00,0.00540369,00:10 - 08:10,53,0
2023-01-08 00:21:00,0.00539902,00:10 - 08:10,53,0
2023-01-08 00:22:00,0.00538835,00:10 - 08:10,53,0
2023-01-08 00:23:00,0.00537852,00:10 - 08:10,53,0
2023-01-08 00:24:00,0.00537852,00:10 - 08:10,53,0
2023-01-08 00:25:00,0.00537052,00:10 - 08:10,53,0
2023-01-08 00:26:00,0.00536202,00:10 - 08:10,53,0
2023-01-08 00:27:00,0.00535419,00:10 - 08:10,53,0
2023-01-08 00:28:00,0.00535002,00:10 - 08:10,53,0
2023-01-08 00:29:00,0.00534485,00:10 - 08:10,53,0
2023-01-08 00:30:00,0.00534485,00:10 - 08:10,53,0
2023-01-08 00:31:00,0.00533352,00:10 - 08:10,53,0
2023-01-08 00:32:00,0.00532419,00:10 - 08:10,53,0
2023-01-08 00:33:00,0.00531669,00:10 - 08:10,53,0
2023-01-08 00:34:00,0.00531102,00:10 - 08:10,53,0
2023-01-08 00:35:00,0.00531102,00:10 - 08:10,53,0
2023-01-08 00:36:00,0.00530385,00:10 - 08:10,53,0
2023-01-08 00:37:00,0.00529569,00:10 - 08:10,53,0
2023-01-08 00:38:00,0.00528402,00:10 - 08:10,53,0
2023-01-08 00:39:00,0.00527519,00:10 - 08:10,53,0
2023-01-08 00:40:00,0.00527069,00:10 - 08:10,53,0
2023-01-08 00:41:00,0.00527069,00:10 - 08:10,53,0
2023-01-08 00:42:00,0.00526885,00:10 - 08:10,53,0
2023-01-08 00:43:00,0.00526802,00:10 - 08:10,53,0
2023-01-08 00:44:00,0.00526685,00:10 - 08:10,53,0
2023-01-08 00:45:00,0.00526335,00:10 - 08:10,53,0
2023-01-08 00:46:00,0.00525852,00:10 - 08:10,53,0
2023-01-08 00:47:00,0.00525852,00:10 - 08:10,53,0
2023-01-08 00:48:00,0.00525769,00:10 - 08:10,53,0
2023-01-08 00:49:00,0.00526035,00:10 - 08:10,53,0
2023-01-08 00:50:00,0.00526035,00:10 - 08:10,53,0
2023-01-08 00:51:00,0.00526252,00:10 - 08:10,53,0
2023-01-08 00:52:00,0.00526235,00:10 - 08:10,53,0
2023-01-08 00:53:00,0.00526185,00:10 - 08:10,53,0
2023-01-08 00:54:00,0.00526052,00:10 - 08:10,53,0
2023-01-08 00:55:00,0.00525685,00:10 - 08:10,53,0
2023-01-08 00:56:00,0.00525352,00:10 - 08:10,53,0
2023-01-08 00:57:00,0.00525019,00:10 - 08:10,53,0
2023-01-08 00:58:00,0.00525019,00:10 - 08:10,53,0
2023-01-08 00:59:00,0.00524435,00:10 - 08:10,53,0
2023-01-08 01:00:00,0.00524235,00:10 - 08:10,53,0
2023-01-08 01:01:00,0.00524235,00:10 - 08:10,53,0
2023-01-08 01:02:00,0.00523469,00:10 - 08:10,53,0
2023-01-08 01:03:00,0.00523469,00:10 - 08:10,53,0
2023-01-08 01:04:00,0.00522885,00:10 - 08:10,53,0
2023-01-08 01:05:00,0.00522219,00:10 - 08:10,53,0
2023-01-08 01:06:00,0.00522469,00:10 - 08:10,53,0
2023-01-08 01:07:00,0.00523185,00:10 - 08:10,53,0
2023-01-08 01:08:00,0.00523535,00:10 - 08:10,53,0
2023-01-08 01:09:00,0.00523535,00:10 - 08:10,53,0
2023-01-08 01:10:00,0.00523385,00:10 - 08:10,53,0
2023-01-08 01:11:00,0.00523169,00:10 - 08:10,53,0
2023-01-08 01:12:00,0.00523369,00:10 - 08:10,53,0
2023-01-08 01:13:00,0.00523652,00:10 - 08:10,53,0
2023-01-08 01:14:00,0.00523585,00:10 - 08:10,53,0
2023-01-08 01:15:00,0.00523585,00:10 - 08:10,53,0
2023-01-08 01:16:00,0.00523585,00:10 - 08:10,53,0
2023-01-08 01:17:00,0.00523485,00:10 - 08:10,53,0
2023-01-08 01:18:00,0.00523485,00:10 - 08:10,53,0
2023-01-08 01:19:00,0.00524652,00:10 - 08:10,53,0
2023-01-08 01:20:00,0.00524635,00:10 - 08:10,53,0
2023-01-08 01:21:00,0.00524635,00:10 - 08:10,53,0
2023-01-08 01:22:00,0.00524602,00:10 - 08:10,53,0
2023-01-08 01:23:00,0.00524569,00:10 - 08:10,53,0
2023-01-08 01:24:00,0.00524652,00:10 - 08:10,53,0
2023-01-08 01:25:00,0.00525219,00:10 - 08:10,53,0
2023-01-08 01:26:00,0.00525219,00:10 - 08:10,53,0
2023-01-08 01:27:00,0.00525719,00:10 - 08:10,53,0
2023-01-08 01:28:00,0.00525985,00:10 - 08:10,53,0
2023-01-08 01:29:00,0.00526702,00:10 - 08:10,53,0
2023-01-08 01:30:00,0.00527619,00:10 - 08:10,53,0
2023-01-08 01:31:00,0.00527985,00:10 - 08:10,53,0
2023-01-08 01:32:00,0.00527985,00:10 - 08:10,53,0
2023-01-08 01:33:00,0.00528052,00:10 - 08:10,53,0
2023-01-08 01:34:00,0.00528019,00:10 - 08:10,53,0
2023-01-08 01:35:00,0.00527735,00:10 - 08:10,53,0
2023-01-08 01:36:00,0.00527219,00:10 - 08:10,53,0
2023-01-08 01:37:00,0.00527219,00:10 - 08:10,53,0
2023-01-08 01:38:00,0.00526102,00:10 - 08:10,53,0
2023-01-08 01:39:00,0.00525185,00:10 - 08:10,53,0
2023-01-08 01:40:00,0.00524219,00:10 - 08:10,53,0
2023-01-08 01:41:00,0.00523085,00:10 - 08:10,53,0
2023-01-08 01:42:00,0.00521952,00:10 - 08:10,53,0
2023-01-08 01:43:00,0.00521952,00:10 - 08:10,53,0
2023-01-08 01:44:00,0.00520885,00:10 - 08:10,53,0
2023-01-08 01:45:00,0.00519302,00:10 - 08:10,53,0
2023-01-08 01:46:00,0.00517885,00:10 - 08:10,53,0
2023-01-08 01:47:00,0.00517535,00:10 - 08:10,53,0
2023-01-08 01:48:00,0.00517569,00:10 - 08:10,53,0
2023-01-08 01:49:00,0.00517569,00:10 - 08:10,53,0
2023-01-08 01:50:00,0.00518402,00:10 - 08:10,53,0
2023-01-08 01:51:00,0.00518969,00:10 - 08:10,53,0
2023-01-08 01:52:00,0.00519335,00:10 - 08:10,53,0
2023-01-08 01:53:00,0.00519669,00:10 - 08:10,53,0
2023-01-08 01:54:00,0.00520019,00:10 - 08:10,53,0
2023-01-08 01:55:00,0.00520019,00:10 - 08:10,53,0
2023-01-08 01:56:00,0.00520019,00:10 - 08:10,53,0
2023-01-08 01:57:00,0.00521019,00:10 - 08:10,53,0
2023-01-08 01:58:00,0.00521919,00:10 - 08:10,53,0
2023-01-08 01:59:00,0.00522919,00:10 - 08:10,53,0
2023-01-08 02:00:00,0.00522919,00:10 - 08:10,53,0
2023-01-08 02:01:00,0.00524252,00:10 - 08:10,53,0
2023-01-08 02:02:00,0.00525385,00:10 - 08:10,53,0
2023-01-08 02:03:00,0.00526402,00:10 - 08:10,53,0
2023-01-08 02:04:00,0.00527402,00:10 - 08:10,53,0
2023-01-08 02:05:00,0.00528419,00:10 - 08:10,53,0
2023-01-08 02:06:00,0.00528419,00:10 - 08:10,53,0
2023-01-08 02:07:00,0.00529419,00:10 - 08:10,53,0
2023-01-08 02:08:00,0.00530502,00:10 - 08:10,53,0
2023-01-08 02:09:00,0.00530502,00:10 - 08:10,53,0
2023-01-08 02:10:00,0.00532435,00:10 - 08:10,53,0
2023-01-08 02:11:00,0.00533469,00:10 - 08:10,53,0
2023-01-08 02:12:00,0.00533469,00:10 - 08:10,53,0
2023-01-08 02:13:00,0.00534169,00:10 - 08:10,53,0
2023-01-08 02:14:00,0.00534802,00:10 - 08:10,53,0
2023-01-08 02:15:00,0.00535252,00:10 - 08:10,53,0
2023-01-08 02:16:00,0.00535635,00:10 - 08:10,53,0
2023-01-08 02:17:00,0.00535635,00:10 - 08:10,53,0
2023-01-08 02:18:00,0.00535635,00:10 - 08:10,53,0
2023-01-08 02:19:00,0.00536019,00:10 - 08:10,53,0
2023-01-08 02:20:00,0.00535802,00:10 - 08:10,53,0
2023-01-08 02:21:00,0.00535802,00:10 - 08:10,53,0
2023-01-08 02:22:00,0.00535269,00:10 - 08:10,53,0
2023-01-08 02:23:00,0.00535269,00:10 - 08:10,53,0
2023-01-08 02:24:00,0.00535269,00:10 - 08:10,53,0
2023-01-08 02:25:00,0.00534352,00:10 - 08:10,53,0
2023-01-08 02:26:00,0.00533869,00:10 - 08:10,53,0
2023-01-08 02:27:00,0.00533385,00:10 - 08:10,53,0
2023-01-08 02:28:00,0.00533085,00:10 - 08:10,53,0
2023-01-08 02:29:00,0.00533085,00:10 - 08:10,53,0
2023-01-08 02:30:00,0.00533002,00:10 - 08:10,53,0
2023-01-08 02:31:00,0.00532652,00:10 - 08:10,53,0
2023-01-08 02:32:00,0.00532652,00:10 - 08:10,53,0
2023-01-08 02:33:00,0.00531835,00:10 - 08:10,53,0
2023-01-08 02:34:00,0.00531835,00:10 - 08:10,53,0
2023-01-08 02:35:00,0.00531852,00:10 - 08:10,53,0
2023-01-08 02:36:00,0.00531452,00:10 - 08:10,53,0
2023-01-08 02:37:00,0.00530919,00:10 - 08:10,53,0
2023-01-08 02:38:00,0.00530135,00:10 - 08:10,53,0
2023-01-08 02:39:00,0.00529235,00:10 - 08:10,53,0
2023-01-08 02:40:00,0.00529235,00:10 - 08:10,53,0
2023-01-08 02:41:00,0.00528135,00:10 - 08:10,53,0
2023-01-08 02:42:00,0.00528169,00:10 - 08:10,53,0
2023-01-08 02:43:00,0.00528352,00:10 - 08:10,53,0
2023-01-08 02:44:00,0.00528385,00:10 - 08:10,53,0
2023-01-08 02:45:00,0.00528402,00:10 - 08:10,53,0
2023-01-08 02:46:00,0.00528402,00:10 - 08:10,53,0
2023-01-08 02:47:00,0.00528402,00:10 - 08:10,53,0
2023-01-08 02:48:00,0.00529802,00:10 - 08:10,53,0
2023-01-08 02:49:00,0.00530219,00:10 - 08:10,53,0
2023-01-08 02:50:00,0.00530652,00:10 - 08:10,53,0
2023-01-08 02:51:00,0.00530652,00:10 - 08:10,53,0
2023-01-08 02:52:00,0.00531535,00:10 - 08:10,53,0
2023-01-08 02:53:00,0.00532352,00:10 - 08:10,53,0
2023-01-08 02:54:00,0.00532752,00:10 - 08:10,53,0
2023-01-08 02:55:00,0.00533035,00:10 - 08:10,53,0
2023-01-08 02:56:00,0.00533335,00:10 - 08:10,53,0
2023-01-08 02:57:00,0.00533335,00:10 - 08:10,53,0
2023-01-08 02:58:00,0.00533752,00:10 - 08:10,53,0
2023-01-08 02:59:00,0.00534352,00:10 - 08:10,53,0
2023-01-08 03:00:00,0.00534969,00:10 - 08:10,53,0
2023-01-08 03:01:00,0.00535719,00:10 - 08:10,53,0
2023-01-08 03:02:00,0.00535719,00:10 - 08:10,53,0
2023-01-08 03:03:00,0.00536502,00:10 - 08:10,53,0
2023-01-08 03:04:00,0.00536502,00:10 - 08:10,53,0
2023-01-08 03:05:00,0.00538069,00:10 - 08:10,53,0
2023-01-08 03:06:00,0.00538069,00:10 - 08:10,53,0
2023-01-08 03:07:00,0.00539002,00:10 - 08:10,53,0
2023-01-08 03:08:00,0.00539985,00:10 - 08:10,53,0
2023-01-08 03:09:00,0.00541235,00:10 - 08:10,53,0
2023-01-08 03:10:00,0.00542219,00:10 - 08:10,53,0
2023-01-08 03:11:00,0.00542785,00:10 - 08:10,53,0
2023-01-08 03:12:00,0.00543152,00:10 - 08:10,53,0
2023-01-08 03:13:00,0.00543335,00:10 - 08:10,53,0
2023-01-08 03:14:00,0.00543335,00:10 - 08:10,53,0
2023-01-08 03:15:00,0.00543469,00:10 - 08:10,53,0
2023-01-08 03:16:00,0.00543635,00:10 - 08:10,53,0
2023-01-08 03:17:00,0.00544152,00:10 - 08:10,53,0
2023-01-08 03:18:00,0.00544352,00:10 - 08:10,53,0
2023-01-08 03:19:00,0.00544535,00:10 - 08:10,53,0
2023-01-08 03:20:00,0.00544535,00:10 - 08:10,53,0
2023-01-08 03:21:00,0.00544702,00:10 - 08:10,53,0
2023-01-08 03:22:00,0.00544952,00:10 - 08:10,53,0
2023-01-08 03:23:00,0.00545419,00:10 - 08:10,53,0
2023-01-08 03:24:00,0.00545685,00:10 - 08:10,53,0
2023-01-08 03:25:00,0.00545519,00:10 - 08:10,53,0
2023-01-08 03:26:00,0.00545302,00:10 - 08:10,53,0
2023-01-08 03:27:00,0.00545635,00:10 - 08:10,53,0
2023-01-08 03:28:00,0.00545852,00:10 - 08:10,53,0
2023-01-08 03:29:00,0.00546269,00:10 - 08:10,53,0
2023-01-08 03:30:00,0.00547052,00:10 - 08:10,53,0
2023-01-08 03:31:00,0.00547052,00:10 - 08:10,53,0
2023-01-08 03:32:00,0.00548019,00:10 - 08:10,53,0
2023-01-08 03:33:00,0.00549019,00:10 - 08:10,53,0
2023-01-08 03:34:00,0.00549019,00:10 - 08:10,53,0
2023-01-08 03:35:00,0.00551085,00:10 - 08:10,53,0
2023-01-08 03:36:00,0.00552169,00:10 - 08:10,53,0
2023-01-08 03:37:00,0.00552169,00:10 - 08:10,53,0
2023-01-08 03:38:00,0.00553535,00:10 - 08:10,53,0
2023-01-08 03:39:00,0.00555002,00:10 - 08:10,53,0
2023-01-08 03:40:00,0.00556202,00:10 - 08:10,53,0
2023-01-08 03:41:00,0.00556985,00:10 - 08:10,53,0
2023-01-08 03:42:00,0.00557852,00:10 - 08:10,53,0
2023-01-08 03:43:00,0.00557852,00:10 - 08:10,53,0
2023-01-08 03:44:00,0.00558902,00:10 - 08:10,53,0
2023-01-08 03:45:00,0.00560202,00:10 - 08:10,53,0
2023-01-08 03:46:00,0.00561119,00:10 - 08:10,53,0
2023-01-08 03:47:00,0.00561719,00:10 - 08:10,53,0
2023-01-08 03:48:00,0.00561719,00:10 - 08:10,53,0
2023-01-08 03:49:00,0.00563169,00:10 - 08:10,53,0
2023-01-08 03:50:00,0.00564452,00:10 - 08:10,53,0
2023-01-08 03:51:00,0.00565552,00:10 - 08:10,53,0
2023-01-08 03:52:00,0.00566119,00:10 - 08:10,53,0
2023-01-08 03:53:00,0.00567052,00:10 - 08:10,53,0
2023-01-08 03:54:00,0.00567052,00:10 - 08:10,53,0
2023-01-08 03:55:00,0.00567802,00:10 - 08:10,53,0
2023-01-08 03:56:00,0.00566852,00:10 - 08:10,53,0
2023-01-08 03:57:00,0.00566302,00:10 - 08:10,53,0
2023-01-08 03:58:00,0.00565802,00:10 - 08:10,53,0
2023-01-08 03:59:00,0.00565352,00:10 - 08:10,53,0
2023-01-08 04:00:00,0.00563685,00:10 - 08:10,53,0
2023-01-08 04:01:00,0.00562019,00:10 - 08:10,53,0
2023-01-08 04:02:00,0.00563019,00:10 - 08:10,53,0
2023-01-08 04:03:00,0.00563519,00:10 - 08:10,53,0
2023-01-08 04:04:00,0.00563602,00:10 - 08:10,53,0
2023-01-08 04:05:00,0.00563552,00:10 - 08:10,53,0
2023-01-08 04:06:00,0.00563552,00:10 - 08:10,53,0
2023-01-08 04:07:00,0.00563002,00:10 - 08:10,53,0
2023-01-08 04:08:00,0.00562135,00:10 - 08:10,53,0
2023-01-08 04:09:00,0.00563352,00:10 - 08:10,53,0
2023-01-08 04:10:00,0.00564202,00:10 - 08:10,53,0
2023-01-08 04:11:00,0.00562885,00:10 - 08:10,53,0
2023-01-08 04:12:00,0.00562885,00:10 - 08:10,53,0
2023-01-08 04:13:00,0.00561219,00:10 - 08:10,53,0
2023-01-08 04:14:00,0.00560269,00:10 - 08:10,53,0
2023-01-08 04:15:00,0.00560752,00:10 - 08:10,53,0
2023-01-08 04:16:00,0.00561569,00:10 - 08:10,53,0
2023-01-08 04:17:00,0.00561569,00:10 - 08:10,53,0
2023-01-08 04:18:00,0.00561819,00:10 - 08:10,53,0
2023-01-08 04:19:00,0.00560552,00:10 - 08:10,53,0
2023-01-08 04:20:00,0.00560419,00:10 - 08:10,53,0
2023-01-08 04:21:00,0.00560235,00:10 - 08:10,53,0
2023-01-08 04:22:00,0.00560352,00:10 - 08:10,53,0
2023-01-08 04:23:00,0.00558685,00:10 - 08:10,53,0
2023-01-08 04:24:00,0.00558869,00:10 - 08:10,53,0
2023-01-08 04:25:00,0.00559002,00:10 - 08:10,53,0
2023-01-08 04:26:00,0.00557652,00:10 - 08:10,53,0
2023-01-08 04:27:00,0.00558369,00:10 - 08:10,53,0
2023-01-08 04:28:00,0.00556919,00:10 - 08:10,53,0
2023-01-08 04:29:00,0.00556919,00:10 - 08:10,53,0
2023-01-08 04:30:00,0.00557119,00:10 - 08:10,53,0
2023-01-08 04:31:00,0.00555585,00:10 - 08:10,53,0
2023-01-08 04:32:00,0.00556069,00:10 - 08:10,53,0
2023-01-08 04:33:00,0.00556985,00:10 - 08:10,53,0
2023-01-08 04:34:00,0.00555952,00:10 - 08:10,53,0
2023-01-08 04:35:00,0.00555952,00:10 - 08:10,53,0
2023-01-08 04:36:00,0.00557135,00:10 - 08:10,53,0
2023-01-08 04:37:00,0.00556585,00:10 - 08:10,53,0
2023-01-08 04:38:00,0.00557635,00:10 - 08:10,53,0
2023-01-08 04:39:00,0.00557052,00:10 - 08:10,53,0
2023-01-08 04:40:00,0.00557035,00:10 - 08:10,53,0
2023-01-08 04:41:00,0.00558352,00:10 - 08:10,53,0
2023-01-08 04:42:00,0.00559652,00:10 - 08:10,53,0
2023-01-08 04:43:00,0.00560885,00:10 - 08:10,53,0
2023-01-08 04:44:00,0.00560885,00:10 - 08:10,53,0
2023-01-08 04:45:00,0.00562469,00:10 - 08:10,53,0
2023-01-08 04:46:00,0.00560802,00:10 - 08:10,53,0
2023-01-08 04:47:00,0.00561135,00:10 - 08:10,53,0
2023-01-08 04:48:00,0.00561135,00:10 - 08:10,53,0
2023-01-08 04:49:00,0.00561869,00:10 - 08:10,53,0
2023-01-08 04:50:00,0.00562085,00:10 - 08:10,53,0
2023-01-08 04:51:00,0.00562602,00:10 - 08:10,53,0
2023-01-08 04:52:00,0.00560935,00:10 - 08:10,53,0
2023-01-08 04:53:00,0.00561585,00:10 - 08:10,53,0
2023-01-08 04:54:00,0.00562269,00:10 - 08:10,53,0
2023-01-08 04:55:00,0.00563269,00:10 - 08:10,53,0
2023-01-08 04:56:00,0.00564552,00:10 - 08:10,53,0
2023-01-08 04:57:00,0.00564552,00:10 - 08:10,53,0
2023-01-08 04:58:00,0.00565985,00:10 - 08:10,53,0
2023-01-08 04:59:00,0.00566769,00:10 - 08:10,53,0
2023-01-08 05:00:00,0.00566769,00:10 - 08:10,53,0
2023-01-08 05:01:00,0.00566769,00:10 - 08:10,53,0
2023-01-08 05:02:00,0.00566769,00:10 - 08:10,53,0
2023-01-08 05:03:00,0.00566769,00:10 - 08:10,53,0
2023-01-08 05:04:00,0.00566769,00:10 - 08:10,53,0
2023-01-08 05:05:00,0.00566769,00:10 - 08:10,53,0
2023-01-08 05:06:00,0.00566769,00:10 - 08:10,53,0
2023-01-08 05:07:00,0.00566769,00:10 - 08:10,53,0
2023-01-08 05:08:00,0.00565102,00:10 - 08:10,53,0
2023-01-08 05:09:00,0.00565102,00:10 - 08:10,53,0
2023-01-08 05:10:00,0.00563435,00:10 - 08:10,53,0
2023-01-08 05:11:00,0.00563435,00:10 - 08:10,53,0
2023-01-08 05:12:00,0.00563435,00:10 - 08:10,53,0
2023-01-08 05:13:00,0.00563435,00:10 - 08:10,53,0
2023-01-08 05:14:00,0.00561769,00:10 - 08:10,53,0
2023-01-08 05:15:00,0.00561769,00:10 - 08:10,53,0
2023-01-08 05:16:00,0.00561769,00:10 - 08:10,53,0
2023-01-08 05:17:00,0.00561769,00:10 - 08:10,53,0
2023-01-08 05:18:00,0.00560102,00:10 - 08:10,53,0
2023-01-08 05:19:00,0.00560102,00:10 - 08:10,53,0
2023-01-08 05:20:00,0.00560102,00:10 - 08:10,53,0
2023-01-08 05:21:00,0.00558435,00:10 - 08:10,53,0
2023-01-08 05:22:00,0.00558419,00:10 - 08:10,53,0
2023-01-08 05:23:00,0.00558419,00:10 - 08:10,53,0
2023-01-08 05:24:00,0.00556752,00:10 - 08:10,53,0
2023-01-08 05:25:00,0.00555085,00:10 - 08:10,53,0
2023-01-08 05:26:00,0.00555085,00:10 - 08:10,53,0
2023-01-08 05:27:00,0.00555085,00:10 - 08:10,53,0
2023-01-08 05:28:00,0.00553419,00:10 - 08:10,53,0
2023-01-08 05:29:00,0.00553419,00:10 - 08:10,53,0
2023-01-08 05:30:00,0.00551752,00:10 - 08:10,53,0
2023-01-08 05:31:00,0.00551752,00:10 - 08:10,53,0
2023-01-08 05:32:00,0.00551752,00:10 - 08:10,53,0
2023-01-08 05:33:00,0.00550085,00:10 - 08:10,53,0
2023-01-08 05:34:00,0.00550085,00:10 - 08:10,53,0
2023-01-08 05:35:00,0.00550085,00:10 - 08:10,53,0
2023-01-08 05:36:00,0.00550085,00:10 - 08:10,53,0
2023-01-08 05:37:00,0.00548419,00:10 - 08:10,53,0
2023-01-08 05:38:00,0.00548419,00:10 - 08:10,53,0
2023-01-08 05:39:00,0.00546752,00:10 - 08:10,53,0
2023-01-08 05:40:00,0.00546752,00:10 - 08:10,53,0
2023-01-08 05:41:00,0.00545085,00:10 - 08:10,53,0
2023-01-08 05:42:00,0.00545085,00:10 - 08:10,53,0
2023-01-08 05:43:00,0.00543419,00:10 - 08:10,53,0
2023-01-08 05:44:00,0.00541752,00:10 - 08:10,53,0
2023-01-08 05:45:00,0.00541752,00:10 - 08:10,53,0
2023-01-08 05:46:00,0.00540085,00:10 - 08:10,53,0
2023-01-08 05:47:00,0.00540085,00:10 - 08:10,53,0
2023-01-08 05:48:00,0.00538419,00:10 - 08:10,53,0
2023-01-08 05:49:00,0.00536752,00:10 - 08:10,53,0
2023-01-08 05:50:00,0.00535085,00:10 - 08:10,53,0
2023-01-08 05:51:00,0.00535085,00:10 - 08:10,53,0
2023-01-08 05:52:00,0.00533419,00:10 - 08:10,53,0
2023-01-08 05:53:00,0.00531752,00:10 - 08:10,53,0
2023-01-08 05:54:00,0.00530085,00:10 - 08:10,53,0
2023-01-08 05:55:00,0.00528419,00:10 - 08:10,53,0
2023-01-08 05:56:00,0.00526752,00:10 - 08:10,53,0
2023-01-08 05:57:00,0.00525085,00:10 - 08:10,53,0
2023-01-08 05:58:00,0.00525085,00:10 - 08:10,53,0
2023-01-08 05:59:00,0.00523419,00:10 - 08:10,53,0
2023-01-08 06:00:00,0.00521752,00:10 - 08:10,53,0
2023-01-08 06:01:00,0.00520085,00:10 - 08:10,53,0
2023-01-08 06:02:00,0.00518419,00:10 - 08:10,53,0
2023-01-08 06:03:00,0.00516752,00:10 - 08:10,53,0
2023-01-08 06:04:00,0.00516752,00:10 - 08:10,53,0
2023-01-08 06:05:00,0.00515085,00:10 - 08:10,53,0
2023-01-08 06:06:00,0.00515085,00:10 - 08:10,53,0
2023-01-08 06:07:00,0.00513419,00:10 - 08:10,53,0
2023-01-08 06:08:00,0.00513419,00:10 - 08:10,53,0
2023-01-08 06:09:00,0.00511752,00:10 - 08:10,53,0
2023-01-08 06:10:00,0.00510085,00:10 - 08:10,53,0
2023-01-08 06:11:00,0.00510085,00:10 - 08:10,53,0
2023-01-08 06:12:00,0.00510085,00:10 - 08:10,53,0
2023-01-08 06:13:00,0.00508419,00:10 - 08:10,53,0
2023-01-08 06:14:00,0.00508419,00:10 - 08:10,53,0
2023-01-08 06:15:00,0.00506752,00:10 - 08:10,53,0
2023-01-08 06:16:00,0.00506752,00:10 - 08:10,53,0
2023-01-08 06:17:00,0.00506752,00:10 - 08:10,53,0
2023-01-08 06:18:00,0.00506752,00:10 - 08:10,53,0
2023-01-08 06:19:00,0.00505085,00:10 - 08:10,53,0
2023-01-08 06:20:00,0.00505085,00:10 - 08:10,53,0
2023-01-08 06:21:00,0.00505085,00:10 - 08:10,53,0
2023-01-08 06:22:00,0.00505085,00:10 - 08:10,53,0
2023-01-08 06:23:00,0.00505085,00:10 - 08:10,53,0
2023-01-08 06:24:00,0.00503419,00:10 - 08:10,53,0
2023-01-08 06:25:00,0.00503419,00:10 - 08:10,53,0
2023-01-08 06:26:00,0.00501752,00:10 - 08:10,53,0
2023-01-08 06:27:00,0.00501752,00:10 - 08:10,53,0
2023-01-08 06:28:00,0.00501752,00:10 - 08:10,53,0
2023-01-08 06:29:00,0.00500085,00:10 - 08:10,53,0
2023-01-08 06:30:00,0.00500085,00:10 - 08:10,53,0
2023-01-08 06:31:00,0.00501752,00:10 - 08:10,53,0
2023-01-08 06:32:00,0.00501752,00:10 - 08:10,53,0
2023-01-08 06:33:00,0.00500085,00:10 - 08:10,53,0
2023-01-08 06:34:00,0.00500085,00:10 - 08:10,53,0
2023-01-08 06:35:00,0.00500085,00:10 - 08:10,53,0
2023-01-08 06:36:00,0.00498419,00:10 - 08:10,53,0
2023-01-08 06:37:00,0.00498419,00:10 - 08:10,53,0
2023-01-08 06:38:00,0.00496752,00:10 - 08:10,53,0
2023-01-08 06:39:00,0.00496752,00:10 - 08:10,53,0
2023-01-08 06:40:00,0.00495085,00:10 - 08:10,53,0
2023-01-08 06:41:00,0.00495085,00:10 - 08:10,53,0
2023-01-08 06:42:00,0.00495085,00:10 - 08:10,53,0
2023-01-08 06:43:00,0.00495085,00:10 - 08:10,53,0
2023-01-08 06:44:00,0.00493419,00:10 - 08:10,53,0
2023-01-08 06:45:00,0.00493419,00:10 - 08:10,53,0
2023-01-08 06:46:00,0.00491752,00:10 - 08:10,53,0
2023-01-08 06:47:00,0.00491752,00:10 - 08:10,53,0
2023-01-08 06:48:00,0.00491752,00:10 - 08:10,53,0
2023-01-08 06:49:00,0.00491752,00:10 - 08:10,53,0
2023-01-08 06:50:00,0.00491752,00:10 - 08:10,53,0
2023-01-08 06:51:00,0.00491752,00:10 - 08:10,53,0
2023-01-08 06:52:00,0.00490085,00:10 - 08:10,53,0
2023-01-08 06:53:00,0.00490085,00:10 - 08:10,53,0
2023-01-08 06:54:00,0.00490085,00:10 - 08:10,53,0
2023-01-08 06:55:00,0.00490085,00:10 - 08:10,53,0
2023-01-08 06:56:00,0.00488419,00:10 - 08:10,53,0
2023-01-08 06:57:00,0.00488419,00:10 - 08:10,53,0
2023-01-08 06:58:00,0.00488419,00:10 - 08:10,53,0
2023-01-08 06:59:00,0.00488419,00:10 - 08:10,53,0
2023-01-08 07:00:00,0.00486752,00:10 - 08:10,53,0
2023-01-08 07:01:00,0.00486752,00:10 - 08:10,53,0
2023-01-08 07:02:00,0.00486752,00:10 - 08:10,53,0
2023-01-08 07:03:00,0.00486752,00:10 - 08:10,53,0
2023-01-08 07:04:00,0.00485085,00:10 - 08:10,53,0
2023-01-08 07:05:00,0.00485085,00:10 - 08:10,53,0
2023-01-08 07:06:00,0.00485085,00:10 - 08:10,53,0
2023-01-08 07:07:00,0.00485085,00:10 - 08:10,53,0
2023-01-08 07:08:00,0.00485085,00:10 - 08:10,53,0
2023-01-08 07:09:00,0.00485085,00:10 - 08:10,53,0
2023-01-08 07:10:00,0.00485085,00:10 - 08:10,53,0
2023-01-08 07:11:00,0.00486752,00:10 - 08:10,53,0
2023-01-08 07:12:00,0.00486752,00:10 - 08:10,53,0
2023-01-08 07:13:00,0.00486752,00:10 - 08:10,53,0
2023-01-08 07:14:00,0.00488419,00:10 - 08:10,53,0
2023-01-08 07:15:00,0.00488419,00:10 - 08:10,53,0
2023-01-08 07:16:00,0.00488419,00:10 - 08:10,53,0
2023-01-08 07:17:00,0.00488419,00:10 - 08:10,53,0
2023-01-08 07:18:00,0.00490085,00:10 - 08:10,53,0
2023-01-08 07:19:00,0.00490085,00:10 - 08:10,53,0
2023-01-08 07:20:00,0.00490085,00:10 - 08:10,53,0
2023-01-08 07:21:00,0.00490085,00:10 - 08:10,53,0
2023-01-08 07:22:00,0.00490085,00:10 - 08:10,53,0
2023-01-08 07:23:00,0.00491752,00:10 - 08:10,53,0
2023-01-08 07:24:00,0.00491752,00:10 - 08:10,53,0
2023-01-08 07:25:00,0.00491752,00:10 - 08:10,53,0
2023-01-08 07:26:00,0.00491752,00:10 - 08:10,53,0
2023-01-08 07:27:00,0.00491752,00:10 - 08:10,53,0
2023-01-08 07:28:00,0.00491752,00:10 - 08:10,53,0
2023-01-08 07:29:00,0.00491752,00:10 - 08:10,53,0
2023-01-08 07:30:00,0.00491752,00:10 - 08:10,53,0
2023-01-08 07:31:00,0.00490085,00:10 - 08:10,53,0
2023-01-08 07:32:00,0.00490085,00:10 - 08:10,53,0
2023-01-08 07:33:00,0.00490085,00:10 - 08:10,53,0
2023-01-08 07:34:00,0.00490085,00:10 - 08:10,53,0
2023-01-08 07:35:00,0.00490085,00:10 - 08:10,53,0
2023-01-08 07:36:00,0.00490085,00:10 - 08:10,53,0
2023-01-08 07:37:00,0.00490085,00:10 - 08:10,53,0
2023-01-08 07:38:00,0.00490085,00:10 - 08:10,53,0
2023-01-08 07:39:00,0.00490085,00:10 - 08:10,53,0
2023-01-08 07:40:00,0.00488419,00:10 - 08:10,53,0
2023-01-08 07:41:00,0.00488485,00:10 - 08:10,53,0
2023-01-08 07:42:00,0.00488652,00:10 - 08:10,53,0
2023-01-08 07:43:00,0.00488869,00:10 - 08:10,53,0
2023-01-08 07:44:00,0.00489119,00:10 - 08:10,53,0
2023-01-08 07:45:00,0.00489469,00:10 - 08:10,53,0
2023-01-08 07:46:00,0.00489802,00:10 - 08:10,53,0
2023-01-08 07:47:00,0.00490135,00:10 - 08:10,53,0
2023-01-08 07:48:00,0.00490502,00:10 - 08:10,53,0
2023-01-08 07:49:00,0.00492519,00:10 - 08:10,53,0
2023-01-08 07:50:00,0.00492852,00:10 - 08:10,53,0
2023-01-08 07:51:00,0.00493319,00:10 - 08:10,53,0
2023-01-08 07:52:00,0.00493785,00:10 - 08:10,53,0
2023-01-08 07:53:00,0.00494269,00:10 - 08:10,53,0
2023-01-08 07:54:00,0.00493102,00:10 - 08:10,53,0
2023-01-08 07:55:00,0.00493585,00:10 - 08:10,53,0
2023-01-08 07:56:00,0.00494152,00:10 - 08:10,53,0
2023-01-08 07:57:00,0.00494685,00:10 - 08:10,53,0
2023-01-08 07:58:00,0.00495152,00:10 - 08:10,53,0
2023-01-08 07:59:00,0.00495619,00:10 - 08:10,53,0
2023-01-08 08:00:00,0.00668152,00:10 - 08:10,53,0
2023-01-08 08:01:00,0.00401902,00:10 - 08:10,53,0
2023-01-08 08:02:00,0.00414019,00:10 - 08:10,53,0
2023-01-08 08:03:00,0.00477753,00:10 - 08:10,53,0
2023-01-08 08:04:00,0.00508136,00:10 - 08:10,53,0
2023-01-08 08:05:00,0.00530219,00:10 - 08:10,53,0
2023-01-08 08:06:00,0.00548969,00:10 - 08:10,53,0
2023-01-08 08:07:00,0.00567719,00:10 - 08:10,53,0
2023-01-08 08:08:00,0.00574736,00:10 - 08:10,53,0
2023-01-08 08:09:00,0.00588419,00:10 - 08:10,53,0
2023-01-08 08:10:00,0.00603719,08:10 - 16:10,54,4
2023-01-08 08:11:00,0.00620653,08:10 - 16:10,54,4
2023-01-08 08:12:00,0.00632602,08:10 - 16:10,54,4
2023-01-08 08:13:00,0.00654836,08:10 - 16:10,54,4
2023-01-08 08:14:00,0.00673736,08:10 - 16:10,54,4
2023-01-08 08:15:00,0.00674386,08:10 - 16:10,54,4
2023-01-08 08:16:00,0.00675086,08:10 - 16:10,54,4
2023-01-08 08:17:00,0.00675752,08:10 - 16:10,54,4
2023-01-08 08:18:00,0.00676352,08:10 - 16:10,54,4
2023-01-08 08:19:00,0.00676986,08:10 - 16:10,54,4
2023-01-08 08:20:00,0.00677702,08:10 - 16:10,54,4
2023-01-08 08:21:00,0.00678452,08:10 - 16:10,54,4
2023-01-08 08:22:00,0.00679186,08:10 - 16:10,54,4
2023-01-08 08:23:00,0.00679969,08:10 - 16:10,54,4
2023-01-08 08:24:00,0.00680752,08:10 - 16:10,54,4
2023-01-08 08:25:00,0.00681436,08:10 - 16:10,54,4
2023-01-08 08:26:00,0.00682102,08:10 - 16:10,54,4
2023-01-08 08:27:00,0.00682486,08:10 - 16:10,54,4
2023-01-08 08:28:00,0.00682552,08:10 - 16:10,54,4
2023-01-08 08:29:00,0.00682552,08:10 - 16:10,54,4
2023-01-08 08:30:00,0.00682552,08:10 - 16:10,54,4
2023-01-08 08:31:00,0.00682552,08:10 - 16:10,54,4
2023-01-08 08:32:00,0.00682552,08:10 - 16:10,54,4
2023-01-08 08:33:00,0.00682536,08:10 - 16:10,54,4
2023-01-08 08:34:00,0.00682536,08:10 - 16:10,54,4
2023-01-08 08:35:00,0.00682536,08:10 - 16:10,54,4
2023-01-08 08:36:00,0.00682536,08:10 - 16:10,54,4
2023-01-08 08:37:00,0.00682536,08:10 - 16:10,54,4
2023-01-08 08:38:00,0.00682536,08:10 - 16:10,54,4
2023-01-08 08:39:00,0.00682519,08:10 - 16:10,54,4
2023-01-08 08:40:00,0.00682519,08:10 - 16:10,54,4
2023-01-08 08:41:00,0.00682519,08:10 - 16:10,54,4
2023-01-08 08:42:00,0.00682519,08:10 - 16:10,54,4
2023-01-08 08:43:00,0.00682519,08:10 - 16:10,54,4
2023-01-08 08:44:00,0.00682519,08:10 - 16:10,54,4
2023-01-08 08:45:00,0.00682519,08:10 - 16:10,54,4
2023-01-08 08:46:00,0.00682519,08:10 - 16:10,54,4
2023-01-08 08:47:00,0.00682536,08:10 - 16:10,54,4
2023-01-08 08:48:00,0.00682536,08:10 - 16:10,54,4
2023-01-08 08:49:00,0.00682536,08:10 - 16:10,54,4
2023-01-08 08:50:00,0.00682536,08:10 - 16:10,54,4
2023-01-08 08:51:00,0.00682536,08:10 - 16:10,54,4
2023-01-08 08:52:00,0.00682536,08:10 - 16:10,54,4
2023-01-08 08:53:00,0.00682536,08:10 - 16:10,54,4
2023-01-08 08:54:00,0.00682536,08:10 - 16:10,54,4
2023-01-08 08:55:00,0.00682536,08:10 - 16:10,54,4
2023-01-08 08:56:00,0.00682536,08:10 - 16:10,54,4
2023-01-08 08:57:00,0.00682536,08:10 - 16:10,54,4
2023-01-08 08:58:00,0.00682536,08:10 - 16:10,54,4
2023-01-08 08:59:00,0.00682536,08:10 - 16:10,54,4
2023-01-08 09:00:00,0.00682536,08:10 - 16:10,54,4
2023-01-08 09:01:00,0.00682536,08:10 - 16:10,54,4
2023-01-08 09:02:00,0.00682519,08:10 - 16:10,54,4
2023-01-08 09:03:00,0.00682519,08:10 - 16:10,54,4
2023-01-08 09:04:00,0.00682536,08:10 - 16:10,54,4
2023-01-08 09:05:00,0.00682536,08:10 - 16:10,54,4
2023-01-08 09:06:00,0.00682536,08:10 - 16:10,54,4
2023-01-08 09:07:00,0.00682536,08:10 - 16:10,54,4
2023-01-08 09:08:00,0.00682536,08:10 - 16:10,54,4
2023-01-08 09:09:00,0.00682536,08:10 - 16:10,54,4
2023-01-08 09:10:00,0.00682536,08:10 - 16:10,54,4
2023-01-08 09:11:00,0.00682536,08:10 - 16:10,54,4
2023-01-08 09:12:00,0.00682536,08:10 - 16:10,54,4
2023-01-08 09:13:00,0.00682536,08:10 - 16:10,54,4
2023-01-08 09:14:00,0.00682536,08:10 - 16:10,54,4
2023-01-08 09:15:00,0.00682536,08:10 - 16:10,54,4
2023-01-08 09:16:00,0.00682536,08:10 - 16:10,54,4
2023-01-08 09:17:00,0.00682536,08:10 - 16:10,54,4
2023-01-08 09:18:00,0.00682536,08:10 - 16:10,54,4
2023-01-08 09:19:00,0.00682536,08:10 - 16:10,54,4
2023-01-08 09:20:00,0.00682536,08:10 - 16:10,54,4
2023-01-08 09:21:00,0.00682536,08:10 - 16:10,54,4
2023-01-08 09:22:00,0.00682536,08:10 - 16:10,54,4
2023-01-08 09:23:00,0.00682536,08:10 - 16:10,54,4
2023-01-08 09:24:00,0.00682536,08:10 - 16:10,54,4
2023-01-08 09:25:00,0.00682536,08:10 - 16:10,54,4
2023-01-08 09:26:00,0.00682536,08:10 - 16:10,54,4
2023-01-08 09:27:00,0.00682536,08:10 - 16:10,54,4
2023-01-08 09:28:00,0.00682536,08:10 - 16:10,54,4
2023-01-08 09:29:00,0.00682536,08:10 - 16:10,54,4
2023-01-08 09:30:00,0.00681036,08:10 - 16:10,54,4
2023-01-08 09:31:00,0.00676602,08:10 - 16:10,54,4
2023-01-08 09:32:00,0.00672202,08:10 - 16:10,54,4
2023-01-08 09:33:00,0.00672852,08:10 - 16:10,54,4
2023-01-08 09:34:00,0.00672036,08:10 - 16:10,54,4
2023-01-08 09:35:00,0.00674669,08:10 - 16:10,54,4
2023-01-08 09:36:00,0.00677286,08:10 - 16:10,54,4
2023-01-08 09:37:00,0.00679952,08:10 - 16:10,54,4
2023-01-08 09:38:00,0.00684302,08:10 - 16:10,54,4
2023-01-08 09:39:00,0.00689936,08:10 - 16:10,54,4
2023-01-08 09:40:00,0.00690219,08:10 - 16:10,54,4
2023-01-08 09:41:00,0.00690403,08:10 - 16:10,54,4
2023-01-08 09:42:00,0.00690386,08:10 - 16:10,54,4
2023-01-08 09:43:00,0.00690386,08:10 - 16:10,54,4
2023-01-08 09:44:00,0.00690536,08:10 - 16:10,54,4
2023-01-08 09:45:00,0.00690569,08:10 - 16:10,54,4
2023-01-08 09:46:00,0.00690552,08:10 - 16:10,54,4
2023-01-08 09:47:00,0.00690619,08:10 - 16:10,54,4
2023-01-08 09:48:00,0.00690653,08:10 - 16:10,54,4
2023-01-08 09:49:00,0.00690653,08:10 - 16:10,54,4
2023-01-08 09:50:00,0.00690653,08:10 - 16:10,54,4
2023-01-08 09:51:00,0.00690653,08:10 - 16:10,54,4
2023-01-08 09:52:00,0.00690653,08:10 - 16:10,54,4
2023-01-08 09:53:00,0.00690653,08:10 - 16:10,54,4
2023-01-08 09:54:00,0.00690653,08:10 - 16:10,54,4
2023-01-08 09:55:00,0.00690653,08:10 - 16:10,54,4
2023-01-08 09:56:00,0.00690653,08:10 - 16:10,54,4
2023-01-08 09:57:00,0.00690653,08:10 - 16:10,54,4
2023-01-08 09:58:00,0.00690653,08:10 - 16:10,54,4
2023-01-08 09:59:00,0.00690653,08:10 - 16:10,54,4
2023-01-08 10:00:00,0.00690653,08:10 - 16:10,54,4
2023-01-08 10:01:00,0.00690653,08:10 - 16:10,54,4
2023-01-08 10:02:00,0.00690653,08:10 - 16:10,54,4
2023-01-08 10:03:00,0.00690653,08:10 - 16:10,54,4
2023-01-08 10:04:00,0.00690653,08:10 - 16:10,54,4
2023-01-08 10:05:00,0.00690653,08:10 - 16:10,54,4
2023-01-08 10:06:00,0.00690653,08:10 - 16:10,54,4
2023-01-08 10:07:00,0.00690653,08:10 - 16:10,54,4
2023-01-08 10:08:00,0.00690653,08:10 - 16:10,54,4
2023-01-08 10:09:00,0.00690653,08:10 - 16:10,54,4
2023-01-08 10:10:00,0.00690653,08:10 - 16:10,54,4
2023-01-08 10:11:00,0.00690653,08:10 - 16:10,54,4
2023-01-08 10:12:00,0.00690653,08:10 - 16:10,54,4
2023-01-08 10:13:00,0.00690469,08:10 - 16:10,54,4
2023-01-08 10:14:00,0.00689652,08:10 - 16:10,54,4
2023-01-08 10:15:00,0.00688953,08:10 - 16:10,54,4
2023-01-08 10:16:00,0.00688953,08:10 - 16:10,54,4
2023-01-08 10:17:00,0.00688402,08:10 - 16:10,54,4
2023-01-08 10:18:00,0.00687369,08:10 - 16:10,54,4
2023-01-08 10:19:00,0.00686669,08:10 - 16:10,54,4
2023-01-08 10:20:00,0.00685952,08:10 - 16:10,54,4
2023-01-08 10:21:00,0.00685586,08:10 - 16:10,54,4
2023-01-08 10:22:00,0.00685586,08:10 - 16:10,54,4
2023-01-08 10:23:00,0.00685236,08:10 - 16:10,54,4
2023-01-08 10:24:00,0.00683136,08:10 - 16:10,54,4
2023-01-08 10:25:00,0.00680886,08:10 - 16:10,54,4
2023-01-08 10:26:00,0.00678653,08:10 - 16:10,54,4
2023-01-08 10:27:00,0.00676986,08:10 - 16:10,54,4
2023-01-08 10:28:00,0.00674436,08:10 - 16:10,54,4
2023-01-08 10:29:00,0.00672003,08:10 - 16:10,54,4
2023-01-08 10:30:00,0.00669836,08:10 - 16:10,54,4
2023-01-08 10:31:00,0.00669286,08:10 - 16:10,54,4
2023-01-08 10:32:00,0.00666786,08:10 - 16:10,54,4
2023-01-08 10:33:00,0.00665119,08:10 - 16:10,54,4
2023-01-08 10:34:00,0.00665119,08:10 - 16:10,54,4
2023-01-08 10:35:00,0.00659636,08:10 - 16:10,54,4
2023-01-08 10:36:00,0.00657269,08:10 - 16:10,54,4
2023-01-08 10:37:00,0.00655553,08:10 - 16:10,54,4
2023-01-08 10:38:00,0.00655119,08:10 - 16:10,54,4
2023-01-08 10:39:00,0.00655119,08:10 - 16:10,54,4
2023-01-08 10:40:00,0.00654703,08:10 - 16:10,54,4
2023-01-08 10:41:00,0.00654353,08:10 - 16:10,54,4
2023-01-08 10:42:00,0.00653686,08:10 - 16:10,54,4
2023-01-08 10:43:00,0.00652869,08:10 - 16:10,54,4
2023-01-08 10:44:00,0.00651219,08:10 - 16:10,54,4
2023-01-08 10:45:00,0.00650469,08:10 - 16:10,54,4
2023-01-08 10:46:00,0.00649786,08:10 - 16:10,54,4
2023-01-08 10:47:00,0.00647369,08:10 - 16:10,54,4
2023-01-08 10:48:00,0.00645969,08:10 - 16:10,54,4
2023-01-08 10:49:00,0.00644453,08:10 - 16:10,54,4
2023-01-08 10:50:00,0.00642769,08:10 - 16:10,54,4
2023-01-08 10:51:00,0.00640936,08:10 - 16:10,54,4
2023-01-08 10:52:00,0.00637952,08:10 - 16:10,54,4
2023-01-08 10:53:00,0.00635786,08:10 - 16:10,54,4
2023-01-08 10:54:00,0.00634052,08:10 - 16:10,54,4
2023-01-08 10:55:00,0.00632236,08:10 - 16:10,54,4
2023-01-08 10:56:00,0.00630569,08:10 - 16:10,54,4
2023-01-08 10:57:00,0.00628569,08:10 - 16:10,54,4
2023-01-08 10:58:00,0.00626653,08:10 - 16:10,54,4
2023-01-08 10:59:00,0.00626386,08:10 - 16:10,54,4
2023-01-08 11:00:00,0.00624486,08:10 - 16:10,54,4
2023-01-08 11:01:00,0.00622819,08:10 - 16:10,54,4
2023-01-08 11:02:00,0.00621136,08:10 - 16:10,54,4
2023-01-08 11:03:00,0.00619319,08:10 - 16:10,54,4
2023-01-08 11:04:00,0.00619119,08:10 - 16:10,54,4
2023-01-08 11:05:00,0.00617669,08:10 - 16:10,54,4
2023-01-08 11:06:00,0.00616002,08:10 - 16:10,54,4
2023-01-08 11:07:00,0.00616153,08:10 - 16:10,54,4
2023-01-08 11:08:00,0.00614486,08:10 - 16:10,54,4
2023-01-08 11:09:00,0.00612819,08:10 - 16:10,54,4
2023-01-08 11:10:00,0.00611019,08:10 - 16:10,54,4
2023-01-08 11:11:00,0.00610586,08:10 - 16:10,54,4
2023-01-08 11:12:00,0.00608936,08:10 - 16:10,54,4
2023-01-08 11:13:00,0.00607269,08:10 - 16:10,54,4
2023-01-08 11:14:00,0.00607202,08:10 - 16:10,54,4
2023-01-08 11:15:00,0.00605119,08:10 - 16:10,54,4
2023-01-08 11:16:00,0.00601786,08:10 - 16:10,54,4
2023-01-08 11:17:00,0.00599803,08:10 - 16:10,54,4
2023-01-08 11:18:00,0.00599803,08:10 - 16:10,54,4
2023-01-08 11:19:00,0.00597952,08:10 - 16:10,54,4
2023-01-08 11:20:00,0.00596286,08:10 - 16:10,54,4
2023-01-08 11:21:00,0.00593919,08:10 - 16:10,54,4
2023-01-08 11:22:00,0.00593619,08:10 - 16:10,54,4
2023-01-08 11:23:00,0.00591886,08:10 - 16:10,54,4
2023-01-08 11:24:00,0.00591436,08:10 - 16:10,54,4
2023-01-08 11:25:00,0.00589769,08:10 - 16:10,54,4
2023-01-08 11:26:00,0.00589402,08:10 - 16:10,54,4
2023-01-08 11:27:00,0.00588952,08:10 - 16:10,54,4
2023-01-08 11:28:00,0.00586336,08:10 - 16:10,54,4
2023-01-08 11:29:00,0.00585136,08:10 - 16:10,54,4
2023-01-08 11:30:00,0.00585136,08:10 - 16:10,54,4
2023-01-08 11:31:00,0.00582286,08:10 - 16:10,54,4
2023-01-08 11:32:00,0.00581119,08:10 - 16:10,54,4
2023-01-08 11:33:00,0.00578652,08:10 - 16:10,54,4
2023-01-08 11:34:00,0.00578419,08:10 - 16:10,54,4
2023-01-08 11:35:00,0.00576586,08:10 - 16:10,54,4
2023-01-08 11:36:00,0.00576586,08:10 - 16:10,54,4
2023-01-08 11:37:00,0.00574552,08:10 - 16:10,54,4
2023-01-08 11:38:00,0.00572519,08:10 - 16:10,54,4
2023-01-08 11:39:00,0.00571769,08:10 - 16:10,54,4
2023-01-08 11:40:00,0.00569336,08:10 - 16:10,54,4
2023-01-08 11:41:00,0.00566919,08:10 - 16:10,54,4
2023-01-08 11:42:00,0.00566919,08:10 - 16:10,54,4
2023-01-08 11:43:00,0.00564686,08:10 - 16:10,54,4
2023-01-08 11:44:00,0.00562019,08:10 - 16:10,54,4
2023-01-08 11:45:00,0.00560952,08:10 - 16:10,54,4
2023-01-08 11:46:00,0.00558386,08:10 - 16:10,54,4
2023-01-08 11:47:00,0.00556719,08:10 - 16:10,54,4
2023-01-08 11:48:00,0.00554386,08:10 - 16:10,54,4
2023-01-08 11:49:00,0.00552719,08:10 - 16:10,54,4
2023-01-08 11:50:00,0.00549053,08:10 - 16:10,54,4
2023-01-08 11:51:00,0.00548486,08:10 - 16:10,54,4
2023-01-08 11:52:00,0.00547703,08:10 - 16:10,54,4
2023-01-08 11:53:00,0.00547703,08:10 - 16:10,54,4
2023-01-08 11:54:00,0.00546503,08:10 - 16:10,54,4
2023-01-08 11:55:00,0.00544836,08:10 - 16:10,54,4
2023-01-08 11:56:00,0.00542686,08:10 - 16:10,54,4
2023-01-08 11:57:00,0.00541469,08:10 - 16:10,54,4
2023-01-08 11:58:00,0.00543136,08:10 - 16:10,54,4
2023-01-08 11:59:00,0.00541936,08:10 - 16:10,54,4
2023-01-08 12:00:00,0.00540686,08:10 - 16:10,54,4
2023-01-08 12:01:00,0.00539419,08:10 - 16:10,54,4
2023-01-08 12:02:00,0.00538336,08:10 - 16:10,54,4
2023-01-08 12:03:00,0.00537103,08:10 - 16:10,54,4
2023-01-08 12:04:00,0.00535436,08:10 - 16:10,54,4
2023-01-08 12:05:00,0.00534669,08:10 - 16:10,54,4
2023-01-08 12:06:00,0.00533753,08:10 - 16:10,54,4
2023-01-08 12:07:00,0.00533753,08:10 - 16:10,54,4
2023-01-08 12:08:00,0.00532819,08:10 - 16:10,54,4
2023-01-08 12:09:00,0.00532436,08:10 - 16:10,54,4
2023-01-08 12:10:00,0.00534103,08:10 - 16:10,54,4
2023-01-08 12:11:00,0.00533353,08:10 - 16:10,54,4
2023-01-08 12:12:00,0.00532553,08:10 - 16:10,54,4
2023-01-08 12:13:00,0.00530969,08:10 - 16:10,54,4
2023-01-08 12:14:00,0.00531219,08:10 - 16:10,54,4
2023-01-08 12:15:00,0.00529969,08:10 - 16:10,54,4
2023-01-08 12:16:00,0.00531636,08:10 - 16:10,54,4
2023-01-08 12:17:00,0.00531602,08:10 - 16:10,54,4
2023-01-08 12:18:00,0.00532519,08:10 - 16:10,54,4
2023-01-08 12:19:00,0.00532519,08:10 - 16:10,54,4
2023-01-08 12:20:00,0.00533352,08:10 - 16:10,54,4
2023-01-08 12:21:00,0.00535019,08:10 - 16:10,54,4
2023-01-08 12:22:00,0.00536686,08:10 - 16:10,54,4
2023-01-08 12:23:00,0.00535919,08:10 - 16:10,54,4
2023-01-08 12:24:00,0.00536636,08:10 - 16:10,54,4
2023-01-08 12:25:00,0.00537386,08:10 - 16:10,54,4
2023-01-08 12:26:00,0.00538669,08:10 - 16:10,54,4
2023-01-08 12:27:00,0.00540336,08:10 - 16:10,54,4
2023-01-08 12:28:00,0.00541653,08:10 - 16:10,54,4
2023-01-08 12:29:00,0.00543086,08:10 - 16:10,54,4
2023-01-08 12:30:00,0.00544452,08:10 - 16:10,54,4
2023-01-08 12:31:00,0.00545419,08:10 - 16:10,54,4
2023-01-08 12:32:00,0.00546652,08:10 - 16:10,54,4
2023-01-08 12:33:00,0.00546652,08:10 - 16:10,54,4
2023-01-08 12:34:00,0.00547836,08:10 - 16:10,54,4
2023-01-08 12:35:00,0.00549336,08:10 - 16:10,54,4
2023-01-08 12:36:00,0.00549319,08:10 - 16:10,54,4
2023-01-08 12:37:00,0.00550919,08:10 - 16:10,54,4
2023-01-08 12:38:00,0.00552586,08:10 - 16:10,54,4
2023-01-08 12:39:00,0.00554252,08:10 - 16:10,54,4
2023-01-08 12:40:00,0.00557036,08:10 - 16:10,54,4
2023-01-08 12:41:00,0.00558702,08:10 - 16:10,54,4
2023-01-08 12:42:00,0.00558869,08:10 - 16:10,54,4
2023-01-08 12:43:00,0.00561569,08:10 - 16:10,54,4
2023-01-08 12:44:00,0.00563236,08:10 - 16:10,54,4
2023-01-08 12:45:00,0.00564902,08:10 - 16:10,54,4
2023-01-08 12:46:00,0.00565602,08:10 - 16:10,54,4
2023-01-08 12:47:00,0.00565702,08:10 - 16:10,54,4
2023-01-08 12:48:00,0.00567369,08:10 - 16:10,54,4
2023-01-08 12:49:00,0.00567336,08:10 - 16:10,54,4
2023-01-08 12:50:00,0.00569003,08:10 - 16:10,54,4
2023-01-08 12:51:00,0.00569836,08:10 - 16:10,54,4
2023-01-08 12:52:00,0.00570703,08:10 - 16:10,54,4
2023-01-08 12:53:00,0.00573619,08:10 - 16:10,54,4
2023-01-08 12:54:00,0.00574919,08:10 - 16:10,54,4
2023-01-08 12:55:00,0.00576186,08:10 - 16:10,54,4
2023-01-08 12:56:00,0.00579519,08:10 - 16:10,54,4
2023-01-08 12:57:00,0.00580686,08:10 - 16:10,54,4
2023-01-08 12:58:00,0.00581919,08:10 - 16:10,54,4
2023-01-08 12:59:00,0.00585252,08:10 - 16:10,54,4
2023-01-08 13:00:00,0.00585202,08:10 - 16:10,54,4
2023-01-08 13:01:00,0.00588536,08:10 - 16:10,54,4
2023-01-08 13:02:00,0.00590202,08:10 - 16:10,54,4
2023-01-08 13:03:00,0.00591369,08:10 - 16:10,54,4
2023-01-08 13:04:00,0.00592086,08:10 - 16:10,54,4
2023-01-08 13:05:00,0.00593486,08:10 - 16:10,54,4
2023-01-08 13:06:00,0.00596303,08:10 - 16:10,54,4
2023-01-08 13:07:00,0.00597969,08:10 - 16:10,54,4
2023-01-08 13:08:00,0.00599086,08:10 - 16:10,54,4
2023-01-08 13:09:00,0.00600369,08:10 - 16:10,54,4
2023-01-08 13:10:00,0.00600136,08:10 - 16:10,54,4
2023-01-08 13:11:00,0.00599986,08:10 - 16:10,54,4
2023-01-08 13:12:00,0.00599769,08:10 - 16:10,54,4
2023-01-08 13:13:00,0.00599769,08:10 - 16:10,54,4
2023-01-08 13:14:00,0.00599886,08:10 - 16:10,54,4
2023-01-08 13:15:00,0.00599886,08:10 - 16:10,54,4
2023-01-08 13:16:00,0.00600252,08:10 - 16:10,54,4
2023-01-08 13:17:00,0.00600352,08:10 - 16:10,54,4
2023-01-08 13:18:00,0.00600252,08:10 - 16:10,54,4
2023-01-08 13:19:00,0.00600252,08:10 - 16:10,54,4
2023-01-08 13:20:00,0.00600136,08:10 - 16:10,54,4
2023-01-08 13:21:00,0.00600036,08:10 - 16:10,54,4
2023-01-08 13:22:00,0.00600036,08:10 - 16:10,54,4
2023-01-08 13:23:00,0.00600852,08:10 - 16:10,54,4
2023-01-08 13:24:00,0.00601269,08:10 - 16:10,54,4
2023-01-08 13:25:00,0.00601269,08:10 - 16:10,54,4
2023-01-08 13:26:00,0.00601019,08:10 - 16:10,54,4
2023-01-08 13:27:00,0.00601019,08:10 - 16:10,54,4
2023-01-08 13:28:00,0.00601052,08:10 - 16:10,54,4
2023-01-08 13:29:00,0.00601202,08:10 - 16:10,54,4
2023-01-08 13:30:00,0.00601202,08:10 - 16:10,54,4
2023-01-08 13:31:00,0.00600952,08:10 - 16:10,54,4
2023-01-08 13:32:00,0.00600852,08:10 - 16:10,54,4
2023-01-08 13:33:00,0.00600752,08:10 - 16:10,54,4
2023-01-08 13:34:00,0.00601052,08:10 - 16:10,54,4
2023-01-08 13:35:00,0.00601052,08:10 - 16:10,54,4
2023-01-08 13:36:00,0.00601202,08:10 - 16:10,54,4
2023-01-08 13:37:00,0.00601286,08:10 - 16:10,54,4
2023-01-08 13:38:00,0.00601236,08:10 - 16:10,54,4
2023-01-08 13:39:00,0.00601302,08:10 - 16:10,54,4
2023-01-08 13:40:00,0.00601186,08:10 - 16:10,54,4
2023-01-08 13:41:00,0.00600902,08:10 - 16:10,54,4
2023-01-08 13:42:00,0.00600902,08:10 - 16:10,54,4
2023-01-08 13:43:00,0.00600902,08:10 - 16:10,54,4
2023-01-08 13:44:00,0.00600086,08:10 - 16:10,54,4
2023-01-08 13:45:00,0.00599836,08:10 - 16:10,54,4
2023-01-08 13:46:00,0.00599652,08:10 - 16:10,54,4
2023-01-08 13:47:00,0.00599519,08:10 - 16:10,54,4
2023-01-08 13:48:00,0.00599519,08:10 - 16:10,54,4
2023-01-08 13:49:00,0.00599302,08:10 - 16:10,54,4
2023-01-08 13:50:00,0.00599202,08:10 - 16:10,54,4
2023-01-08 13:51:00,0.00599202,08:10 - 16:10,54,4
2023-01-08 13:52:00,0.00598852,08:10 - 16:10,54,4
2023-01-08 13:53:00,0.00598852,08:10 - 16:10,54,4
2023-01-08 13:54:00,0.00598602,08:10 - 16:10,54,4
2023-01-08 13:55:00,0.00597936,08:10 - 16:10,54,4
2023-01-08 13:56:00,0.00597152,08:10 - 16:10,54,4
2023-01-08 13:57:00,0.00596352,08:10 - 16:10,54,4
2023-01-08 13:58:00,0.00595569,08:10 - 16:10,54,4
2023-01-08 13:59:00,0.00595569,08:10 - 16:10,54,4
2023-01-08 14:00:00,0.00594852,08:10 - 16:10,54,4
2023-01-08 14:01:00,0.00594336,08:10 - 16:10,54,4
2023-01-08 14:02:00,0.00593652,08:10 - 16:10,54,4
2023-01-08 14:03:00,0.00593819,08:10 - 16:10,54,4
2023-01-08 14:04:00,0.00594202,08:10 - 16:10,54,4
2023-01-08 14:05:00,0.00594202,08:10 - 16:10,54,4
2023-01-08 14:06:00,0.00594419,08:10 - 16:10,54,4
2023-01-08 14:07:00,0.00594719,08:10 - 16:10,54,4
2023-01-08 14:08:00,0.00594902,08:10 - 16:10,54,4
2023-01-08 14:09:00,0.00594886,08:10 - 16:10,54,4
2023-01-08 14:10:00,0.00594886,08:10 - 16:10,54,4
2023-01-08 14:11:00,0.00594602,08:10 - 16:10,54,4
2023-01-08 14:12:00,0.00594469,08:10 - 16:10,54,4
2023-01-08 14:13:00,0.00594369,08:10 - 16:10,54,4
2023-01-08 14:14:00,0.00594502,08:10 - 16:10,54,4
2023-01-08 14:15:00,0.00594436,08:10 - 16:10,54,4
2023-01-08 14:16:00,0.00594436,08:10 - 16:10,54,4
2023-01-08 14:17:00,0.00594769,08:10 - 16:10,54,4
2023-01-08 14:18:00,0.00595269,08:10 - 16:10,54,4
2023-01-08 14:19:00,0.00595269,08:10 - 16:10,54,4
2023-01-08 14:20:00,0.00596786,08:10 - 16:10,54,4
2023-01-08 14:21:00,0.00596786,08:10 - 16:10,54,4
2023-01-08 14:22:00,0.00597869,08:10 - 16:10,54,4
2023-01-08 14:23:00,0.00598769,08:10 - 16:10,54,4
2023-01-08 14:24:00,0.00600302,08:10 - 16:10,54,4
2023-01-08 14:25:00,0.00601236,08:10 - 16:10,54,4
2023-01-08 14:26:00,0.00601236,08:10 - 16:10,54,4
2023-01-08 14:27:00,0.00602086,08:10 - 16:10,54,4
2023-01-08 14:28:00,0.00602336,08:10 - 16:10,54,4
2023-01-08 14:29:00,0.00602319,08:10 - 16:10,54,4
2023-01-08 14:30:00,0.00603169,08:10 - 16:10,54,4
2023-01-08 14:31:00,0.00604219,08:10 - 16:10,54,4
2023-01-08 14:32:00,0.00605202,08:10 - 16:10,54,4
2023-01-08 14:33:00,0.00605202,08:10 - 16:10,54,4
2023-01-08 14:34:00,0.00605919,08:10 - 16:10,54,4
2023-01-08 14:35:00,0.00606802,08:10 - 16:10,54,4
2023-01-08 14:36:00,0.00608036,08:10 - 16:10,54,4
2023-01-08 14:37:00,0.00609002,08:10 - 16:10,54,4
2023-01-08 14:38:00,0.00610252,08:10 - 16:10,54,4
2023-01-08 14:39:00,0.00610252,08:10 - 16:10,54,4
2023-01-08 14:40:00,0.00611686,08:10 - 16:10,54,4
2023-01-08 14:41:00,0.00613252,08:10 - 16:10,54,4
2023-01-08 14:42:00,0.00614352,08:10 - 16:10,54,4
2023-01-08 14:43:00,0.00615269,08:10 - 16:10,54,4
2023-01-08 14:44:00,0.00615269,08:10 - 16:10,54,4
2023-01-08 14:45:00,0.00616019,08:10 - 16:10,54,4
2023-01-08 14:46:00,0.00616019,08:10 - 16:10,54,4
2023-01-08 14:47:00,0.00616802,08:10 - 16:10,54,4
2023-01-08 14:48:00,0.00617969,08:10 - 16:10,54,4
2023-01-08 14:49:00,0.00619019,08:10 - 16:10,54,4
2023-01-08 14:50:00,0.00619019,08:10 - 16:10,54,4
2023-01-08 14:51:00,0.00620252,08:10 - 16:10,54,4
2023-01-08 14:52:00,0.00621202,08:10 - 16:10,54,4
2023-01-08 14:53:00,0.00621952,08:10 - 16:10,54,4
2023-01-08 14:54:00,0.00622486,08:10 - 16:10,54,4
2023-01-08 14:55:00,0.00623086,08:10 - 16:10,54,4
2023-01-08 14:56:00,0.00623086,08:10 - 16:10,54,4
2023-01-08 14:57:00,0.00623086,08:10 - 16:10,54,4
2023-01-08 14:58:00,0.00623336,08:10 - 16:10,54,4
2023-01-08 14:59:00,0.00623252,08:10 - 16:10,54,4
2023-01-08 15:00:00,0.00623336,08:10 - 16:10,54,4
2023-01-08 15:01:00,0.00623336,08:10 - 16:10,54,4
2023-01-08 15:02:00,0.00623586,08:10 - 16:10,54,4
2023-01-08 15:03:00,0.00623402,08:10 - 16:10,54,4
2023-01-08 15:04:00,0.00623352,08:10 - 16:10,54,4
2023-01-08 15:05:00,0.00623352,08:10 - 16:10,54,4
2023-01-08 15:06:00,0.00623519,08:10 - 16:10,54,4
2023-01-08 15:07:00,0.00623519,08:10 - 16:10,54,4
2023-01-08 15:08:00,0.00623719,08:10 - 16:10,54,4
2023-01-08 15:09:00,0.00623569,08:10 - 16:10,54,4
2023-01-08 15:10:00,0.00623152,08:10 - 16:10,54,4
2023-01-08 15:11:00,0.00623152,08:10 - 16:10,54,4
2023-01-08 15:12:00,0.00623152,08:10 - 16:10,54,4
2023-01-08 15:13:00,0.00623152,08:10 - 16:10,54,4
2023-01-08 15:14:00,0.00623336,08:10 - 16:10,54,4
2023-01-08 15:15:00,0.00624119,08:10 - 16:10,54,4
2023-01-08 15:16:00,0.00624469,08:10 - 16:10,54,4
2023-01-08 15:17:00,0.00624469,08:10 - 16:10,54,4
2023-01-08 15:18:00,0.00624569,08:10 - 16:10,54,4
2023-01-08 15:19:00,0.00624569,08:10 - 16:10,54,4
2023-01-08 15:20:00,0.00624502,08:10 - 16:10,54,4
2023-01-08 15:21:00,0.00624502,08:10 - 16:10,54,4
2023-01-08 15:22:00,0.00624936,08:10 - 16:10,54,4
2023-01-08 15:23:00,0.00625702,08:10 - 16:10,54,4
2023-01-08 15:24:00,0.00625702,08:10 - 16:10,54,4
2023-01-08 15:25:00,0.00626886,08:10 - 16:10,54,4
2023-01-08 15:26:00,0.00627919,08:10 - 16:10,54,4
2023-01-08 15:27:00,0.00628652,08:10 - 16:10,54,4
2023-01-08 15:28:00,0.00628802,08:10 - 16:10,54,4
2023-01-08 15:29:00,0.00628802,08:10 - 16:10,54,4
2023-01-08 15:30:00,0.00629586,08:10 - 16:10,54,4
2023-01-08 15:31:00,0.00630502,08:10 - 16:10,54,4
2023-01-08 15:32:00,0.00631452,08:10 - 16:10,54,4
2023-01-08 15:33:00,0.00632619,08:10 - 16:10,54,4
2023-01-08 15:34:00,0.00633352,08:10 - 16:10,54,4
2023-01-08 15:35:00,0.00633586,08:10 - 16:10,54,4
2023-01-08 15:36:00,0.00633586,08:10 - 16:10,54,4
2023-01-08 15:37:00,0.00633886,08:10 - 16:10,54,4
2023-01-08 15:38:00,0.00634302,08:10 - 16:10,54,4
2023-01-08 15:39:00,0.00635019,08:10 - 16:10,54,4
2023-01-08 15:40:00,0.00635702,08:10 - 16:10,54,4
2023-01-08 15:41:00,0.00635552,08:10 - 16:10,54,4
2023-01-08 15:42:00,0.00636019,08:10 - 16:10,54,4
2023-01-08 15:43:00,0.00636336,08:10 - 16:10,54,4
2023-01-08 15:44:00,0.00636986,08:10 - 16:10,54,4
2023-01-08 15:45:00,0.00637752,08:10 - 16:10,54,4
2023-01-08 15:46:00,0.00638869,08:10 - 16:10,54,4
2023-01-08 15:47:00,0.00638502,08:10 - 16:10,54,4
2023-01-08 15:48:00,0.00638152,08:10 - 16:10,54,4
2023-01-08 15:49:00,0.00640852,08:10 - 16:10,54,4
2023-01-08 15:50:00,0.00641919,08:10 - 16:10,54,4
2023-01-08 15:51:00,0.00641452,08:10 - 16:10,54,4
2023-01-08 15:52:00,0.00641952,08:10 - 16:10,54,4
2023-01-08 15:53:00,0.00641936,08:10 - 16:10,54,4
2023-01-08 15:54:00,0.00641952,08:10 - 16:10,54,4
2023-01-08 15:55:00,0.00642019,08:10 - 16:10,54,4
2023-01-08 15:56:00,0.00641503,08:10 - 16:10,54,4
2023-01-08 15:57:00,0.00641136,08:10 - 16:10,54,4
2023-01-08 15:58:00,0.00640669,08:10 - 16:10,54,4
2023-01-08 15:59:00,0.00650236,08:10 - 16:10,54,4
2023-01-08 16:00:00,0.01701435,08:10 - 16:10,54,4
2023-01-08 16:01:00,0.01326085,08:10 - 16:10,54,4
2023-01-08 16:02:00,0.01452485,08:10 - 16:10,54,4
2023-01-08 16:03:00,0.01490069,08:10 - 16:10,54,4
2023-01-08 16:04:00,0.01524635,08:10 - 16:10,54,4
2023-01-08 16:05:00,0.01502018,08:10 - 16:10,54,4
2023-01-08 16:06:00,0.01509502,08:10 - 16:10,54,4
2023-01-08 16:07:00,0.01522618,08:10 - 16:10,54,4
2023-01-08 16:08:00,0.01517902,08:10 - 16:10,54,4
2023-01-08 16:09:00,0.01504269,08:10 - 16:10,54,4
2023-01-08 16:10:00,0.01550018,16:10 - 00:10,55,0
2023-01-08 16:11:00,0.01586335,16:10 - 00:10,55,0
2023-01-08 16:12:00,0.01585169,16:10 - 00:10,55,0
2023-01-08 16:13:00,0.01572868,16:10 - 00:10,55,0
2023-01-08 16:14:00,0.01585535,16:10 - 00:10,55,0
2023-01-08 16:15:00,0.01569835,16:10 - 00:10,55,0
2023-01-08 16:16:00,0.01585752,16:10 - 00:10,55,0
2023-01-08 16:17:00,0.01582585,16:10 - 00:10,55,0
2023-01-08 16:18:00,0.01566002,16:10 - 00:10,55,0
2023-01-08 16:19:00,0.01556868,16:10 - 00:10,55,0
2023-01-08 16:20:00,0.01551052,16:10 - 00:10,55,0
2023-01-08 16:21:00,0.01536968,16:10 - 00:10,55,0
2023-01-08 16:22:00,0.01534952,16:10 - 00:10,55,0
2023-01-08 16:23:00,0.01534902,16:10 - 00:10,55,0
2023-01-08 16:24:00,0.01530885,16:10 - 00:10,55,0
2023-01-08 16:25:00,0.01527018,16:10 - 00:10,55,0
2023-01-08 16:26:00,0.01519752,16:10 - 00:10,55,0
2023-01-08 16:27:00,0.01515968,16:10 - 00:10,55,0
2023-01-08 16:28:00,0.01499835,16:10 - 00:10,55,0
2023-01-08 16:29:00,0.01510852,16:10 - 00:10,55,0
2023-01-08 16:30:00,0.01511202,16:10 - 00:10,55,0
2023-01-08 16:31:00,0.01508235,16:10 - 00:10,55,0
2023-01-08 16:32:00,0.01504902,16:10 - 00:10,55,0
2023-01-08 16:33:00,0.01505018,16:10 - 00:10,55,0
2023-01-08 16:34:00,0.01508385,16:10 - 00:10,55,0
2023-01-08 16:35:00,0.01508002,16:10 - 00:10,55,0
2023-01-08 16:36:00,0.01508502,16:10 - 00:10,55,0
2023-01-08 16:37:00,0.01506652,16:10 - 00:10,55,0
2023-01-08 16:38:00,0.01506652,16:10 - 00:10,55,0
2023-01-08 16:39:00,0.01510352,16:10 - 00:10,55,0
2023-01-08 16:40:00,0.01514285,16:10 - 00:10,55,0
2023-01-08 16:41:00,0.01523519,16:10 - 00:10,55,0
2023-01-08 16:42:00,0.01532402,16:10 - 00:10,55,0
2023-01-08 16:43:00,0.01530735,16:10 - 00:10,55,0
2023-01-08 16:44:00,0.01531235,16:10 - 00:10,55,0
2023-01-08 16:45:00,0.01529952,16:10 - 00:10,55,0
2023-01-08 16:46:00,0.01535002,16:10 - 00:10,55,0
2023-01-08 16:47:00,0.01536902,16:10 - 00:10,55,0
2023-01-08 16:48:00,0.01537118,16:10 - 00:10,55,0
2023-01-08 16:49:00,0.01537118,16:10 - 00:10,55,0
2023-01-08 16:50:00,0.01536518,16:10 - 00:10,55,0
2023-01-08 16:51:00,0.01539219,16:10 - 00:10,55,0
2023-01-08 16:52:00,0.01538035,16:10 - 00:10,55,0
2023-01-08 16:53:00,0.01532152,16:10 - 00:10,55,0
2023-01-08 16:54:00,0.01528702,16:10 - 00:10,55,0
2023-01-08 16:55:00,0.01527035,16:10 - 00:10,55,0
2023-01-08 16:56:00,0.01525502,16:10 - 00:10,55,0
2023-01-08 16:57:00,0.01525468,16:10 - 00:10,55,0
2023-01-08 16:58:00,0.01523218,16:10 - 00:10,55,0
2023-01-08 16:59:00,0.01524885,16:10 - 00:10,55,0
2023-01-08 17:00:00,0.01524752,16:10 - 00:10,55,0
2023-01-08 17:01:00,0.01523935,16:10 - 00:10,55,0
2023-01-08 17:02:00,0.01522952,16:10 - 00:10,55,0
2023-01-08 17:03:00,0.01523952,16:10 - 00:10,55,0
2023-01-08 17:04:00,0.01523152,16:10 - 00:10,55,0
2023-01-08 17:05:00,0.01521285,16:10 - 00:10,55,0
2023-01-08 17:06:00,0.01516285,16:10 - 00:10,55,0
2023-01-08 17:07:00,0.01512952,16:10 - 00:10,55,0
2023-01-08 17:08:00,0.01512585,16:10 - 00:10,55,0
2023-01-08 17:09:00,0.01510769,16:10 - 00:10,55,0
2023-01-08 17:10:00,0.01509018,16:10 - 00:10,55,0
2023-01-08 17:11:00,0.01506952,16:10 - 00:10,55,0
2023-01-08 17:12:00,0.01501952,16:10 - 00:10,55,0
2023-01-08 17:13:00,0.01497785,16:10 - 00:10,55,0
2023-01-08 17:14:00,0.01494052,16:10 - 00:10,55,0
2023-01-08 17:15:00,0.01492135,16:10 - 00:10,55,0
2023-01-08 17:16:00,0.01492235,16:10 - 00:10,55,0
2023-01-08 17:17:00,0.01492335,16:10 - 00:10,55,0
2023-01-08 17:18:00,0.01494002,16:10 - 00:10,55,0
2023-01-08 17:19:00,0.01493818,16:10 - 00:10,55,0
2023-01-08 17:20:00,0.01493818,16:10 - 00:10,55,0
2023-01-08 17:21:00,0.01495368,16:10 - 00:10,55,0
2023-01-08 17:22:00,0.01497035,16:10 - 00:10,55,0
2023-01-08 17:23:00,0.01499352,16:10 - 00:10,55,0
2023-01-08 17:24:00,0.01499352,16:10 - 00:10,55,0
2023-01-08 17:25:00,0.01499352,16:10 - 00:10,55,0
2023-01-08 17:26:00,0.01499468,16:10 - 00:10,55,0
2023-01-08 17:27:00,0.01497252,16:10 - 00:10,55,0
2023-01-08 17:28:00,0.01497252,16:10 - 00:10,55,0
2023-01-08 17:29:00,0.01494585,16:10 - 00:10,55,0
2023-01-08 17:30:00,0.01491568,16:10 - 00:10,55,0
2023-01-08 17:31:00,0.01489035,16:10 - 00:10,55,0
2023-01-08 17:32:00,0.01490002,16:10 - 00:10,55,0
2023-01-08 17:33:00,0.01487352,16:10 - 00:10,55,0
2023-01-08 17:34:00,0.01485635,16:10 - 00:10,55,0
2023-01-08 17:35:00,0.01484685,16:10 - 00:10,55,0
2023-01-08 17:36:00,0.01483085,16:10 - 00:10,55,0
2023-01-08 17:37:00,0.01482068,16:10 - 00:10,55,0
2023-01-08 17:38:00,0.01479918,16:10 - 00:10,55,0
2023-01-08 17:39:00,0.01478302,16:10 - 00:10,55,0
2023-01-08 17:40:00,0.01475435,16:10 - 00:10,55,0
2023-01-08 17:41:00,0.01475435,16:10 - 00:10,55,0
2023-01-08 17:42:00,0.01475435,16:10 - 00:10,55,0
2023-01-08 17:43:00,0.01471552,16:10 - 00:10,55,0
2023-01-08 17:44:00,0.01469085,16:10 - 00:10,55,0
2023-01-08 17:45:00,0.01468219,16:10 - 00:10,55,0
2023-01-08 17:46:00,0.01469852,16:10 - 00:10,55,0
2023-01-08 17:47:00,0.01473418,16:10 - 00:10,55,0
2023-01-08 17:48:00,0.01473302,16:10 - 00:10,55,0
2023-01-08 17:49:00,0.01474952,16:10 - 00:10,55,0
2023-01-08 17:50:00,0.01476385,16:10 - 00:10,55,0
2023-01-08 17:51:00,0.01479785,16:10 - 00:10,55,0
2023-01-08 17:52:00,0.01486452,16:10 - 00:10,55,0
2023-01-08 17:53:00,0.01487052,16:10 - 00:10,55,0
2023-01-08 17:54:00,0.01491152,16:10 - 00:10,55,0
2023-01-08 17:55:00,0.01496152,16:10 - 00:10,55,0
2023-01-08 17:56:00,0.01499252,16:10 - 00:10,55,0
2023-01-08 17:57:00,0.01505918,16:10 - 00:10,55,0
2023-01-08 17:58:00,0.01506135,16:10 - 00:10,55,0
2023-01-08 17:59:00,0.01508652,16:10 - 00:10,55,0
2023-01-08 18:00:00,0.01510318,16:10 - 00:10,55,0
2023-01-08 18:01:00,0.01511535,16:10 - 00:10,55,0
2023-01-08 18:02:00,0.01512052,16:10 - 00:10,55,0
2023-01-08 18:03:00,0.01515385,16:10 - 00:10,55,0
2023-01-08 18:04:00,0.01516518,16:10 - 00:10,55,0
2023-01-08 18:05:00,0.01517535,16:10 - 00:10,55,0
2023-01-08 18:06:00,0.01520235,16:10 - 00:10,55,0
2023-01-08 18:07:00,0.01521968,16:10 - 00:10,55,0
2023-01-08 18:08:00,0.01522002,16:10 - 00:10,55,0
2023-01-08 18:09:00,0.01522002,16:10 - 00:10,55,0
2023-01-08 18:10:00,0.01522302,16:10 - 00:10,55,0
2023-01-08 18:11:00,0.01524285,16:10 - 00:10,55,0
2023-01-08 18:12:00,0.01526102,16:10 - 00:10,55,0
2023-01-08 18:13:00,0.01526002,16:10 - 00:10,55,0
2023-01-08 18:14:00,0.01526002,16:10 - 00:10,55,0
2023-01-08 18:15:00,0.01526002,16:10 - 00:10,55,0
2023-01-08 18:16:00,0.01526035,16:10 - 00:10,55,0
2023-01-08 18:17:00,0.01524752,16:10 - 00:10,55,0
2023-01-08 18:18:00,0.01524802,16:10 - 00:10,55,0
2023-01-08 18:19:00,0.01523135,16:10 - 00:10,55,0
2023-01-08 18:20:00,0.01521685,16:10 - 00:10,55,0
2023-01-08 18:21:00,0.01522102,16:10 - 00:10,55,0
2023-01-08 18:22:00,0.01522752,16:10 - 00:10,55,0
2023-01-08 18:23:00,0.01521985,16:10 - 00:10,55,0
2023-01-08 18:24:00,0.01521068,16:10 - 00:10,55,0
2023-01-08 18:25:00,0.01521835,16:10 - 00:10,55,0
2023-01-08 18:26:00,0.01521835,16:10 - 00:10,55,0
2023-01-08 18:27:00,0.01522185,16:10 - 00:10,55,0
2023-01-08 18:28:00,0.01523585,16:10 - 00:10,55,0
2023-01-08 18:29:00,0.01523368,16:10 - 00:10,55,0
2023-01-08 18:30:00,0.01524402,16:10 - 00:10,55,0
2023-01-08 18:31:00,0.01524052,16:10 - 00:10,55,0
2023-01-08 18:32:00,0.01524052,16:10 - 00:10,55,0
2023-01-08 18:33:00,0.01524052,16:10 - 00:10,55,0
2023-01-08 18:34:00,0.01523752,16:10 - 00:10,55,0
2023-01-08 18:35:00,0.01522618,16:10 - 00:10,55,0
2023-01-08 18:36:00,0.01521652,16:10 - 00:10,55,0
2023-01-08 18:37:00,0.01521652,16:10 - 00:10,55,0
2023-01-08 18:38:00,0.01522002,16:10 - 00:10,55,0
2023-01-08 18:39:00,0.01522385,16:10 - 00:10,55,0
2023-01-08 18:40:00,0.01522568,16:10 - 00:10,55,0
2023-01-08 18:41:00,0.01520568,16:10 - 00:10,55,0
2023-01-08 18:42:00,0.01520018,16:10 - 00:10,55,0
2023-01-08 18:43:00,0.01520018,16:10 - 00:10,55,0
2023-01-08 18:44:00,0.01520685,16:10 - 00:10,55,0
2023-01-08 18:45:00,0.01519085,16:10 - 00:10,55,0
2023-01-08 18:46:00,0.01518202,16:10 - 00:10,55,0
2023-01-08 18:47:00,0.01517385,16:10 - 00:10,55,0
2023-01-08 18:48:00,0.01515152,16:10 - 00:10,55,0
2023-01-08 18:49:00,0.01513485,16:10 - 00:10,55,0
2023-01-08 18:50:00,0.01511685,16:10 - 00:10,55,0
2023-01-08 18:51:00,0.01511702,16:10 - 00:10,55,0
2023-01-08 18:52:00,0.01510152,16:10 - 00:10,55,0
2023-01-08 18:53:00,0.01508685,16:10 - 00:10,55,0
2023-01-08 18:54:00,0.01508335,16:10 - 00:10,55,0
2023-01-08 18:55:00,0.01508335,16:10 - 00:10,55,0
2023-01-08 18:56:00,0.01507335,16:10 - 00:10,55,0
2023-01-08 18:57:00,0.01506502,16:10 - 00:10,55,0
2023-01-08 18:58:00,0.01504852,16:10 - 00:10,55,0
2023-01-08 18:59:00,0.01501435,16:10 - 00:10,55,0
2023-01-08 19:00:00,0.01499768,16:10 - 00:10,55,0
2023-01-08 19:01:00,0.01499368,16:10 - 00:10,55,0
2023-01-08 19:02:00,0.01498368,16:10 - 00:10,55,0
2023-01-08 19:03:00,0.01495585,16:10 - 00:10,55,0
2023-01-08 19:04:00,0.01495585,16:10 - 00:10,55,0
2023-01-08 19:05:00,0.01493918,16:10 - 00:10,55,0
2023-01-08 19:06:00,0.01493918,16:10 - 00:10,55,0
2023-01-08 19:07:00,0.01493185,16:10 - 00:10,55,0
2023-01-08 19:08:00,0.01491918,16:10 - 00:10,55,0
2023-01-08 19:09:00,0.01490935,16:10 - 00:10,55,0
2023-01-08 19:10:00,0.01489802,16:10 - 00:10,55,0
2023-01-08 19:11:00,0.01486735,16:10 - 00:10,55,0
2023-01-08 19:12:00,0.01486735,16:10 - 00:10,55,0
2023-01-08 19:13:00,0.01486735,16:10 - 00:10,55,0
2023-01-08 19:14:00,0.01482485,16:10 - 00:10,55,0
2023-01-08 19:15:00,0.01480102,16:10 - 00:10,55,0
2023-01-08 19:16:00,0.01477852,16:10 - 00:10,55,0
2023-01-08 19:17:00,0.01476185,16:10 - 00:10,55,0
2023-01-08 19:18:00,0.01473935,16:10 - 00:10,55,0
2023-01-08 19:19:00,0.01471818,16:10 - 00:10,55,0
2023-01-08 19:20:00,0.01468485,16:10 - 00:10,55,0
2023-01-08 19:21:00,0.01464968,16:10 - 00:10,55,0
2023-01-08 19:22:00,0.01462885,16:10 - 00:10,55,0
2023-01-08 19:23:00,0.01460952,16:10 - 00:10,55,0
2023-01-08 19:24:00,0.01459085,16:10 - 00:10,55,0
2023-01-08 19:25:00,0.01457002,16:10 - 00:10,55,0
2023-01-08 19:26:00,0.01454835,16:10 - 00:10,55,0
2023-01-08 19:27:00,0.01453169,16:10 - 00:10,55,0
2023-01-08 19:28:00,0.01450985,16:10 - 00:10,55,0
2023-01-08 19:29:00,0.01448468,16:10 - 00:10,55,0
2023-01-08 19:30:00,0.01446068,16:10 - 00:10,55,0
2023-01-08 19:31:00,0.01445735,16:10 - 00:10,55,0
2023-01-08 19:32:00,0.01445735,16:10 - 00:10,55,0
2023-01-08 19:33:00,0.01445418,16:10 - 00:10,55,0
2023-01-08 19:34:00,0.01445418,16:10 - 00:10,55,0
2023-01-08 19:35:00,0.01444785,16:10 - 00:10,55,0
2023-01-08 19:36:00,0.01442252,16:10 - 00:10,55,0
2023-01-08 19:37:00,0.01441435,16:10 - 00:10,55,0
2023-01-08 19:38:00,0.01439769,16:10 - 00:10,55,0
2023-01-08 19:39:00,0.01437102,16:10 - 00:10,55,0
2023-01-08 19:40:00,0.01435435,16:10 - 00:10,55,0
2023-01-08 19:41:00,0.01433368,16:10 - 00:10,55,0
2023-01-08 19:42:00,0.01431419,16:10 - 00:10,55,0
2023-01-08 19:43:00,0.01429752,16:10 - 00:10,55,0
2023-01-08 19:44:00,0.01427435,16:10 - 00:10,55,0
2023-01-08 19:45:00,0.01425885,16:10 - 00:10,55,0
2023-01-08 19:46:00,0.01425885,16:10 - 00:10,55,0
2023-01-08 19:47:00,0.01426585,16:10 - 00:10,55,0
2023-01-08 19:48:00,0.01428635,16:10 - 00:10,55,0
2023-01-08 19:49:00,0.01430769,16:10 - 00:10,55,0
2023-01-08 19:50:00,0.01430769,16:10 - 00:10,55,0
2023-01-08 19:51:00,0.01432935,16:10 - 00:10,55,0
2023-01-08 19:52:00,0.01434602,16:10 - 00:10,55,0
2023-01-08 19:53:00,0.01435918,16:10 - 00:10,55,0
2023-01-08 19:54:00,0.01437585,16:10 - 00:10,55,0
2023-01-08 19:55:00,0.01440035,16:10 - 00:10,55,0
2023-01-08 19:56:00,0.01441702,16:10 - 00:10,55,0
2023-01-08 19:57:00,0.01440952,16:10 - 00:10,55,0
2023-01-08 19:58:00,0.01440352,16:10 - 00:10,55,0
2023-01-08 19:59:00,0.01442152,16:10 - 00:10,55,0
2023-01-08 20:00:00,0.01443485,16:10 - 00:10,55,0
2023-01-08 20:01:00,0.01442519,16:10 - 00:10,55,0
2023-01-08 20:02:00,0.01443135,16:10 - 00:10,55,0
2023-01-08 20:03:00,0.01444802,16:10 - 00:10,55,0
2023-01-08 20:04:00,0.01443685,16:10 - 00:10,55,0
2023-01-08 20:05:00,0.01442718,16:10 - 00:10,55,0
2023-01-08 20:06:00,0.01442135,16:10 - 00:10,55,0
2023-01-08 20:07:00,0.01441768,16:10 - 00:10,55,0
2023-01-08 20:08:00,0.01441768,16:10 - 00:10,55,0
2023-01-08 20:09:00,0.01441285,16:10 - 00:10,55,0
2023-01-08 20:10:00,0.01440452,16:10 - 00:10,55,0
2023-01-08 20:11:00,0.01440402,16:10 - 00:10,55,0
2023-01-08 20:12:00,0.01439918,16:10 - 00:10,55,0
2023-01-08 20:13:00,0.01439918,16:10 - 00:10,55,0
2023-01-08 20:14:00,0.01440585,16:10 - 00:10,55,0
2023-01-08 20:15:00,0.01440585,16:10 - 00:10,55,0
2023-01-08 20:16:00,0.01438802,16:10 - 00:10,55,0
2023-01-08 20:17:00,0.01439202,16:10 - 00:10,55,0
2023-01-08 20:18:00,0.01437652,16:10 - 00:10,55,0
2023-01-08 20:19:00,0.01436935,16:10 - 00:10,55,0
2023-01-08 20:20:00,0.01436935,16:10 - 00:10,55,0
2023-01-08 20:21:00,0.01435268,16:10 - 00:10,55,0
2023-01-08 20:22:00,0.01437252,16:10 - 00:10,55,0
2023-01-08 20:23:00,0.01437818,16:10 - 00:10,55,0
2023-01-08 20:24:00,0.01437768,16:10 - 00:10,55,0
2023-01-08 20:25:00,0.01438918,16:10 - 00:10,55,0
2023-01-08 20:26:00,0.01440585,16:10 - 00:10,55,0
2023-01-08 20:27:00,0.01440468,16:10 - 00:10,55,0
2023-01-08 20:28:00,0.01440602,16:10 - 00:10,55,0
2023-01-08 20:29:00,0.01440418,16:10 - 00:10,55,0
2023-01-08 20:30:00,0.01440285,16:10 - 00:10,55,0
2023-01-08 20:31:00,0.01440285,16:10 - 00:10,55,0
2023-01-08 20:32:00,0.01440218,16:10 - 00:10,55,0
2023-01-08 20:33:00,0.01441702,16:10 - 00:10,55,0
2023-01-08 20:34:00,0.01441268,16:10 - 00:10,55,0
2023-01-08 20:35:00,0.01441152,16:10 - 00:10,55,0
2023-01-08 20:36:00,0.01440802,16:10 - 00:10,55,0
2023-01-08 20:37:00,0.01439135,16:10 - 00:10,55,0
2023-01-08 20:38:00,0.01439135,16:10 - 00:10,55,0
2023-01-08 20:39:00,0.01437585,16:10 - 00:10,55,0
2023-01-08 20:40:00,0.01438402,16:10 - 00:10,55,0
2023-01-08 20:41:00,0.01438918,16:10 - 00:10,55,0
2023-01-08 20:42:00,0.01438918,16:10 - 00:10,55,0
2023-01-08 20:43:00,0.01439152,16:10 - 00:10,55,0
2023-01-08 20:44:00,0.01440935,16:10 - 00:10,55,0
2023-01-08 20:45:00,0.01439268,16:10 - 00:10,55,0
2023-01-08 20:46:00,0.01439868,16:10 - 00:10,55,0
2023-01-08 20:47:00,0.01440052,16:10 - 00:10,55,0
2023-01-08 20:48:00,0.01437852,16:10 - 00:10,55,0
2023-01-08 20:49:00,0.01437852,16:10 - 00:10,55,0
2023-01-08 20:50:00,0.01437635,16:10 - 00:10,55,0
2023-01-08 20:51:00,0.01437718,16:10 - 00:10,55,0
2023-01-08 20:52:00,0.01438052,16:10 - 00:10,55,0
2023-01-08 20:53:00,0.01438068,16:10 - 00:10,55,0
2023-01-08 20:54:00,0.01438068,16:10 - 00:10,55,0
2023-01-08 20:55:00,0.01437618,16:10 - 00:10,55,0
2023-01-08 20:56:00,0.01436868,16:10 - 00:10,55,0
2023-01-08 20:57:00,0.01435935,16:10 - 00:10,55,0
2023-01-08 20:58:00,0.01435318,16:10 - 00:10,55,0
2023-01-08 20:59:00,0.01433335,16:10 - 00:10,55,0
2023-01-08 21:00:00,0.01433335,16:10 - 00:10,55,0
2023-01-08 21:01:00,0.01432852,16:10 - 00:10,55,0
2023-01-08 21:02:00,0.01432819,16:10 - 00:10,55,0
2023-01-08 21:03:00,0.01431152,16:10 - 00:10,55,0
2023-01-08 21:04:00,0.01430335,16:10 - 00:10,55,0
2023-01-08 21:05:00,0.01429585,16:10 - 00:10,55,0
2023-01-08 21:06:00,0.01427918,16:10 - 00:10,55,0
2023-01-08 21:07:00,0.01425352,16:10 - 00:10,55,0
2023-01-08 21:08:00,0.01423702,16:10 - 00:10,55,0
2023-01-08 21:09:00,0.01422285,16:10 - 00:10,55,0
2023-01-08 21:10:00,0.01421969,16:10 - 00:10,55,0
2023-01-08 21:11:00,0.01419669,16:10 - 00:10,55,0
2023-01-08 21:12:00,0.01419669,16:10 - 00:10,55,0
2023-01-08 21:13:00,0.01418885,16:10 - 00:10,55,0
2023-01-08 21:14:00,0.01417035,16:10 - 00:10,55,0
2023-01-08 21:15:00,0.01415252,16:10 - 00:10,55,0
2023-01-08 21:16:00,0.01414518,16:10 - 00:10,55,0
2023-01-08 21:17:00,0.01414518,16:10 - 00:10,55,0
2023-01-08 21:18:00,0.01412252,16:10 - 00:10,55,0
2023-01-08 21:19:00,0.01411869,16:10 - 00:10,55,0
2023-01-08 21:20:00,0.01409452,16:10 - 00:10,55,0
2023-01-08 21:21:00,0.01409452,16:10 - 00:10,55,0
2023-01-08 21:22:00,0.01407618,16:10 - 00:10,55,0
2023-01-08 21:23:00,0.01407618,16:10 - 00:10,55,0
2023-01-08 21:24:00,0.01406852,16:10 - 00:10,55,0
2023-01-08 21:25:00,0.01404552,16:10 - 00:10,55,0
2023-01-08 21:26:00,0.01403702,16:10 - 00:10,55,0
2023-01-08 21:27:00,0.01400369,16:10 - 00:10,55,0
2023-01-08 21:28:00,0.01397152,16:10 - 00:10,55,0
2023-01-08 21:29:00,0.01395485,16:10 - 00:10,55,0
2023-01-08 21:30:00,0.01393768,16:10 - 00:10,55,0
2023-01-08 21:31:00,0.01391835,16:10 - 00:10,55,0
2023-01-08 21:32:00,0.01389168,16:10 - 00:10,55,0
2023-01-08 21:33:00,0.01386235,16:10 - 00:10,55,0
2023-01-08 21:34:00,0.01384568,16:10 - 00:10,55,0
2023-01-08 21:35:00,0.01380735,16:10 - 00:10,55,0
2023-01-08 21:36:00,0.01379118,16:10 - 00:10,55,0
2023-01-08 21:37:00,0.01377702,16:10 - 00:10,55,0
2023-01-08 21:38:00,0.01376402,16:10 - 00:10,55,0
2023-01-08 21:39:00,0.01376552,16:10 - 00:10,55,0
2023-01-08 21:40:00,0.01374885,16:10 - 00:10,55,0
2023-01-08 21:41:00,0.01373102,16:10 - 00:10,55,0
2023-01-08 21:42:00,0.01372152,16:10 - 00:10,55,0
2023-01-08 21:43:00,0.01371269,16:10 - 00:10,55,0
2023-01-08 21:44:00,0.01370502,16:10 - 00:10,55,0
2023-01-08 21:45:00,0.01369735,16:10 - 00:10,55,0
2023-01-08 21:46:00,0.01368068,16:10 - 00:10,55,0
2023-01-08 21:47:00,0.01369135,16:10 - 00:10,55,0
2023-01-08 21:48:00,0.01367335,16:10 - 00:10,55,0
2023-01-08 21:49:00,0.01367352,16:10 - 00:10,55,0
2023-01-08 21:50:00,0.01365285,16:10 - 00:10,55,0
2023-01-08 21:51:00,0.01365119,16:10 - 00:10,55,0
2023-01-08 21:52:00,0.01365119,16:10 - 00:10,55,0
2023-01-08 21:53:00,0.01363768,16:10 - 00:10,55,0
2023-01-08 21:54:00,0.01364018,16:10 - 00:10,55,0
2023-01-08 21:55:00,0.01362952,16:10 - 00:10,55,0
2023-01-08 21:56:00,0.01362652,16:10 - 00:10,55,0
2023-01-08 21:57:00,0.01360985,16:10 - 00:10,55,0
2023-01-08 21:58:00,0.01359485,16:10 - 00:10,55,0
2023-01-08 21:59:00,0.01357802,16:10 - 00:10,55,0
2023-01-08 22:00:00,0.01355752,16:10 - 00:10,55,0
2023-01-08 22:01:00,0.01353835,16:10 - 00:10,55,0
2023-01-08 22:02:00,0.01352318,16:10 - 00:10,55,0
2023-01-08 22:03:00,0.01352318,16:10 - 00:10,55,0
2023-01-08 22:04:00,0.01350385,16:10 - 00:10,55,0
2023-01-08 22:05:00,0.01348718,16:10 - 00:10,55,0
2023-01-08 22:06:00,0.01347385,16:10 - 00:10,55,0
2023-01-08 22:07:00,0.01346085,16:10 - 00:10,55,0
2023-01-08 22:08:00,0.01344585,16:10 - 00:10,55,0
2023-01-08 22:09:00,0.01344585,16:10 - 00:10,55,0
2023-01-08 22:10:00,0.01343002,16:10 - 00:10,55,0
2023-01-08 22:11:00,0.01341368,16:10 - 00:10,55,0
2023-01-08 22:12:00,0.01341352,16:10 - 00:10,55,0
2023-01-08 22:13:00,0.01339702,16:10 - 00:10,55,0
2023-01-08 22:14:00,0.01338035,16:10 - 00:10,55,0
2023-01-08 22:15:00,0.01339918,16:10 - 00:10,55,0
2023-01-08 22:16:00,0.01339918,16:10 - 00:10,55,0
2023-01-08 22:17:00,0.01341585,16:10 - 00:10,55,0
2023-01-08 22:18:00,0.01341668,16:10 - 00:10,55,0
2023-01-08 22:19:00,0.01341402,16:10 - 00:10,55,0
2023-01-08 22:20:00,0.01343068,16:10 - 00:10,55,0
2023-01-08 22:21:00,0.01342869,16:10 - 00:10,55,0
2023-01-08 22:22:00,0.01343369,16:10 - 00:10,55,0
2023-01-08 22:23:00,0.01344668,16:10 - 00:10,55,0
2023-01-08 22:24:00,0.01346035,16:10 - 00:10,55,0
2023-01-08 22:25:00,0.01347852,16:10 - 00:10,55,0
2023-01-08 22:26:00,0.01347852,16:10 - 00:10,55,0
2023-01-08 22:27:00,0.01349702,16:10 - 00:10,55,0
2023-01-08 22:28:00,0.01350052,16:10 - 00:10,55,0
2023-01-08 22:29:00,0.01350052,16:10 - 00:10,55,0
2023-01-08 22:30:00,0.01353135,16:10 - 00:10,55,0
2023-01-08 22:31:00,0.01353135,16:10 - 00:10,55,0
2023-01-08 22:32:00,0.01353852,16:10 - 00:10,55,0
2023-01-08 22:33:00,0.01356402,16:10 - 00:10,55,0
2023-01-08 22:34:00,0.01357535,16:10 - 00:10,55,0
2023-01-08 22:35:00,0.01357668,16:10 - 00:10,55,0
2023-01-08 22:36:00,0.01359585,16:10 - 00:10,55,0
2023-01-08 22:37:00,0.01359585,16:10 - 00:10,55,0
2023-01-08 22:38:00,0.01360169,16:10 - 00:10,55,0
2023-01-08 22:39:00,0.01360568,16:10 - 00:10,55,0
2023-01-08 22:40:00,0.01360735,16:10 - 00:10,55,0
2023-01-08 22:41:00,0.01361268,16:10 - 00:10,55,0
2023-01-08 22:42:00,0.01362102,16:10 - 00:10,55,0
2023-01-08 22:43:00,0.01362102,16:10 - 00:10,55,0
2023-01-08 22:44:00,0.01361835,16:10 - 00:10,55,0
2023-01-08 22:45:00,0.01363502,16:10 - 00:10,55,0
2023-01-08 22:46:00,0.01364618,16:10 - 00:10,55,0
2023-01-08 22:47:00,0.01367852,16:10 - 00:10,55,0
2023-01-08 22:48:00,0.01367768,16:10 - 00:10,55,0
2023-01-08 22:49:00,0.01369435,16:10 - 00:10,55,0
2023-01-08 22:50:00,0.01371485,16:10 - 00:10,55,0
2023-01-08 22:51:00,0.01372035,16:10 - 00:10,55,0
2023-01-08 22:52:00,0.01372702,16:10 - 00:10,55,0
2023-01-08 22:53:00,0.01374368,16:10 - 00:10,55,0
2023-01-08 22:54:00,0.01376635,16:10 - 00:10,55,0
2023-01-08 22:55:00,0.01378302,16:10 - 00:10,55,0
2023-01-08 22:56:00,0.01379335,16:10 - 00:10,55,0
2023-01-08 22:57:00,0.01380702,16:10 - 00:10,55,0
2023-01-08 22:58:00,0.01381935,16:10 - 00:10,55,0
2023-01-08 22:59:00,0.01382452,16:10 - 00:10,55,0
2023-01-08 23:00:00,0.01384118,16:10 - 00:10,55,0
2023-01-08 23:01:00,0.01383102,16:10 - 00:10,55,0
2023-01-08 23:02:00,0.01383385,16:10 - 00:10,55,0
2023-01-08 23:03:00,0.01383635,16:10 - 00:10,55,0
2023-01-08 23:04:00,0.01383852,16:10 - 00:10,55,0
2023-01-08 23:05:00,0.01384018,16:10 - 00:10,55,0
2023-01-08 23:06:00,0.01384018,16:10 - 00:10,55,0
2023-01-08 23:07:00,0.01384652,16:10 - 00:10,55,0
2023-01-08 23:08:00,0.01384652,16:10 - 00:10,55,0
2023-01-08 23:09:00,0.01389869,16:10 - 00:10,55,0
2023-01-08 23:10:00,0.01392502,16:10 - 00:10,55,0
2023-01-08 23:11:00,0.01392502,16:10 - 00:10,55,0
2023-01-08 23:12:00,0.01392502,16:10 - 00:10,55,0
2023-01-08 23:13:00,0.01393369,16:10 - 00:10,55,0
2023-01-08 23:14:00,0.01393918,16:10 - 00:10,55,0
2023-01-08 23:15:00,0.01395435,16:10 - 00:10,55,0
2023-01-08 23:16:00,0.01397252,16:10 - 00:10,55,0
2023-01-08 23:17:00,0.01398918,16:10 - 00:10,55,0
2023-01-08 23:18:00,0.01399985,16:10 - 00:10,55,0
2023-01-08 23:19:00,0.01401085,16:10 - 00:10,55,0
2023-01-08 23:20:00,0.01402818,16:10 - 00:10,55,0
2023-01-08 23:21:00,0.01402835,16:10 - 00:10,55,0
2023-01-08 23:22:00,0.01405468,16:10 - 00:10,55,0
2023-01-08 23:23:00,0.01405468,16:10 - 00:10,55,0
2023-01-08 23:24:00,0.01405752,16:10 - 00:10,55,0
2023-01-08 23:25:00,0.01405368,16:10 - 00:10,55,0
2023-01-08 23:26:00,0.01407252,16:10 - 00:10,55,0
2023-01-08 23:27:00,0.01407985,16:10 - 00:10,55,0
2023-01-08 23:28:00,0.01407985,16:10 - 00:10,55,0
2023-01-08 23:29:00,0.01410769,16:10 - 00:10,55,0
2023-01-08 23:30:00,0.01410502,16:10 - 00:10,55,0
2023-01-08 23:31:00,0.01412169,16:10 - 00:10,55,0
2023-01-08 23:32:00,0.01415885,16:10 - 00:10,55,0
2023-01-08 23:33:00,0.01415785,16:10 - 00:10,55,0
2023-01-08 23:34:00,0.01415785,16:10 - 00:10,55,0
2023-01-08 23:35:00,0.01417452,16:10 - 00:10,55,0
2023-01-08 23:36:00,0.01419518,16:10 - 00:10,55,0
2023-01-08 23:37:00,0.01420918,16:10 - 00:10,55,0
2023-01-08 23:38:00,0.01420885,16:10 - 00:10,55,0
2023-01-08 23:39:00,0.01421152,16:10 - 00:10,55,0
2023-01-08 23:40:00,0.01421152,16:10 - 00:10,55,0
2023-01-08 23:41:00,0.01421952,16:10 - 00:10,55,0
2023-01-08 23:42:00,0.01423635,16:10 - 00:10,55,0
2023-01-08 23:43:00,0.01423619,16:10 - 00:10,55,0
2023-01-08 23:44:00,0.01424235,16:10 - 00:10,55,0
2023-01-08 23:45:00,0.01426052,16:10 - 00:10,55,0
2023-01-08 23:46:00,0.01426052,16:10 - 00:10,55,0
2023-01-08 23:47:00,0.01427818,16:10 - 00:10,55,0
2023-01-08 23:48:00,0.01428085,16:10 - 00:10,55,0
2023-01-08 23:49:00,0.01430052,16:10 - 00:10,55,0
2023-01-08 23:50:00,0.01431602,16:10 - 00:10,55,0
2023-01-08 23:51:00,0.01431602,16:10 - 00:10,55,0
2023-01-08 23:52:00,0.01434085,16:10 - 00:10,55,0
2023-01-08 23:53:00,0.01436102,16:10 - 00:10,55,0
2023-01-08 23:54:00,0.01436718,16:10 - 00:10,55,0
2023-01-08 23:55:00,0.01439168,16:10 - 00:10,55,0
2023-01-08 23:56:00,0.01440385,16:10 - 00:10,55,0
2023-01-08 23:57:00,0.01442168,16:10 - 00:10,55,0
2023-01-08 23:58:00,0.01446869,16:10 - 00:10,55,0
2023-01-08 23:59:00,0.01448818,16:10 - 00:10,55,0
2023-01-09 00:00:00,0.00514825,16:10 - 00:10,55,0
2023-01-09 00:01:00,0.00473408,16:10 - 00:10,55,0
2023-01-09 00:02:00,0.00455075,16:10 - 00:10,55,0
2023-01-09 00:03:00,0.00436875,16:10 - 00:10,55,0
2023-01-09 00:04:00,0.00488541,16:10 - 00:10,55,0
2023-01-09 00:05:00,0.00473541,16:10 - 00:10,55,0
2023-01-09 00:06:00,0.00515525,16:10 - 00:10,55,0
2023-01-09 00:07:00,0.00501525,16:10 - 00:10,55,0
2023-01-09 00:08:00,0.00496525,16:10 - 00:10,55,0
2023-01-09 00:09:00,0.00487191,16:10 - 00:10,55,0
2023-01-09 00:10:00,0.00508808,00:10 - 08:10,56,0
2023-01-09 00:11:00,0.00517141,00:10 - 08:10,56,0
2023-01-09 00:12:00,0.00517275,00:10 - 08:10,56,0
2023-01-09 00:13:00,0.00518791,00:10 - 08:10,56,0
2023-01-09 00:14:00,0.00518808,00:10 - 08:10,56,0
2023-01-09 00:15:00,0.00518808,00:10 - 08:10,56,0
2023-01-09 00:16:00,0.00519558,00:10 - 08:10,56,0
2023-01-09 00:17:00,0.00518275,00:10 - 08:10,56,0
2023-01-09 00:18:00,0.00517241,00:10 - 08:10,56,0
2023-01-09 00:19:00,0.00517241,00:10 - 08:10,56,0
2023-01-09 00:20:00,0.00516925,00:10 - 08:10,56,0
2023-01-09 00:21:00,0.00516925,00:10 - 08:10,56,0
2023-01-09 00:22:00,0.00515991,00:10 - 08:10,56,0
2023-01-09 00:23:00,0.00515091,00:10 - 08:10,56,0
2023-01-09 00:24:00,0.00514741,00:10 - 08:10,56,0
2023-01-09 00:25:00,0.00514741,00:10 - 08:10,56,0
2023-01-09 00:26:00,0.00514075,00:10 - 08:10,56,0
2023-01-09 00:27:00,0.00513658,00:10 - 08:10,56,0
2023-01-09 00:28:00,0.00513508,00:10 - 08:10,56,0
2023-01-09 00:29:00,0.00512825,00:10 - 08:10,56,0
2023-01-09 00:30:00,0.00512575,00:10 - 08:10,56,0
2023-01-09 00:31:00,0.00512575,00:10 - 08:10,56,0
2023-01-09 00:32:00,0.00512941,00:10 - 08:10,56,0
2023-01-09 00:33:00,0.00512575,00:10 - 08:10,56,0
2023-01-09 00:34:00,0.00512791,00:10 - 08:10,56,0
2023-01-09 00:35:00,0.00512225,00:10 - 08:10,56,0
2023-01-09 00:36:00,0.00512091,00:10 - 08:10,56,0
2023-01-09 00:37:00,0.00512091,00:10 - 08:10,56,0
2023-01-09 00:38:00,0.00511991,00:10 - 08:10,56,0
2023-01-09 00:39:00,0.00511908,00:10 - 08:10,56,0
2023-01-09 00:40:00,0.00512258,00:10 - 08:10,56,0
2023-01-09 00:41:00,0.00512658,00:10 - 08:10,56,0
2023-01-09 00:42:00,0.00511925,00:10 - 08:10,56,0
2023-01-09 00:43:00,0.00511958,00:10 - 08:10,56,0
2023-01-09 00:44:00,0.00512491,00:10 - 08:10,56,0
2023-01-09 00:45:00,0.00512875,00:10 - 08:10,56,0
2023-01-09 00:46:00,0.00512925,00:10 - 08:10,56,0
2023-01-09 00:47:00,0.00514075,00:10 - 08:10,56,0
2023-01-09 00:48:00,0.00514075,00:10 - 08:10,56,0
2023-01-09 00:49:00,0.00515108,00:10 - 08:10,56,0
2023-01-09 00:50:00,0.00510425,00:10 - 08:10,56,0
2023-01-09 00:51:00,0.00501625,00:10 - 08:10,56,0
2023-01-09 00:52:00,0.00497541,00:10 - 08:10,56,0
2023-01-09 00:53:00,0.00493108,00:10 - 08:10,56,0
2023-01-09 00:54:00,0.00493108,00:10 - 08:10,56,0
2023-01-09 00:55:00,0.00492791,00:10 - 08:10,56,0
2023-01-09 00:56:00,0.00487791,00:10 - 08:10,56,0
2023-01-09 00:57:00,0.00484458,00:10 - 08:10,56,0
2023-01-09 00:58:00,0.00484458,00:10 - 08:10,56,0
2023-01-09 00:59:00,0.00484458,00:10 - 08:10,56,0
2023-01-09 01:00:00,0.00478608,00:10 - 08:10,56,0
2023-01-09 01:01:00,0.00481725,00:10 - 08:10,56,0
2023-01-09 01:02:00,0.00478991,00:10 - 08:10,56,0
2023-01-09 01:03:00,0.00480458,00:10 - 08:10,56,0
2023-01-09 01:04:00,0.00478791,00:10 - 08:10,56,0
2023-01-09 01:05:00,0.00475625,00:10 - 08:10,56,0
2023-01-09 01:06:00,0.00476658,00:10 - 08:10,56,0
2023-01-09 01:07:00,0.00475258,00:10 - 08:10,56,0
2023-01-09 01:08:00,0.00475108,00:10 - 08:10,56,0
2023-01-09 01:09:00,0.00471575,00:10 - 08:10,56,0
2023-01-09 01:10:00,0.00466691,00:10 - 08:10,56,0
2023-01-09 01:11:00,0.00460025,00:10 - 08:10,56,0
2023-01-09 01:12:00,0.00456791,00:10 - 08:10,56,0
2023-01-09 01:13:00,0.00455008,00:10 - 08:10,56,0
2023-01-09 01:14:00,0.00449625,00:10 - 08:10,56,0
2023-01-09 01:15:00,0.00448658,00:10 - 08:10,56,0
2023-01-09 01:16:00,0.00446991,00:10 - 08:10,56,0
2023-01-09 01:17:00,0.00446058,00:10 - 08:10,56,0
2023-01-09 01:18:00,0.00447725,00:10 - 08:10,56,0
2023-01-09 01:19:00,0.00443708,00:10 - 08:10,56,0
2023-01-09 01:20:00,0.00440158,00:10 - 08:10,56,0
2023-01-09 01:21:00,0.00433175,00:10 - 08:10,56,0
2023-01-09 01:22:00,0.00426508,00:10 - 08:10,56,0
2023-01-09 01:23:00,0.00424925,00:10 - 08:10,56,0
2023-01-09 01:24:00,0.00423341,00:10 - 08:10,56,0
2023-01-09 01:25:00,0.00423341,00:10 - 08:10,56,0
2023-01-09 01:26:00,0.00421308,00:10 - 08:10,56,0
2023-01-09 01:27:00,0.00420641,00:10 - 08:10,56,0
2023-01-09 01:28:00,0.00418975,00:10 - 08:10,56,0
2023-01-09 01:29:00,0.00420241,00:10 - 08:10,56,0
2023-01-09 01:30:00,0.00420941,00:10 - 08:10,56,0
2023-01-09 01:31:00,0.00419191,00:10 - 08:10,56,0
2023-01-09 01:32:00,0.00420591,00:10 - 08:10,56,0
2023-01-09 01:33:00,0.00422258,00:10 - 08:10,56,0
2023-01-09 01:34:00,0.00423275,00:10 - 08:10,56,0
2023-01-09 01:35:00,0.00423025,00:10 - 08:10,56,0
2023-01-09 01:36:00,0.00424291,00:10 - 08:10,56,0
2023-01-09 01:37:00,0.00424658,00:10 - 08:10,56,0
2023-01-09 01:38:00,0.00422991,00:10 - 08:10,56,0
2023-01-09 01:39:00,0.00423558,00:10 - 08:10,56,0
2023-01-09 01:40:00,0.00431508,00:10 - 08:10,56,0
2023-01-09 01:41:00,0.00432041,00:10 - 08:10,56,0
2023-01-09 01:42:00,0.00434175,00:10 - 08:10,56,0
2023-01-09 01:43:00,0.00434208,00:10 - 08:10,56,0
2023-01-09 01:44:00,0.00434058,00:10 - 08:10,56,0
2023-01-09 01:45:00,0.00434058,00:10 - 08:10,56,0
2023-01-09 01:46:00,0.00431758,00:10 - 08:10,56,0
2023-01-09 01:47:00,0.00434491,00:10 - 08:10,56,0
2023-01-09 01:48:00,0.00435758,00:10 - 08:10,56,0
2023-01-09 01:49:00,0.00439025,00:10 - 08:10,56,0
2023-01-09 01:50:00,0.00439025,00:10 - 08:10,56,0
2023-01-09 01:51:00,0.00439008,00:10 - 08:10,56,0
2023-01-09 01:52:00,0.00442341,00:10 - 08:10,56,0
2023-01-09 01:53:00,0.00440958,00:10 - 08:10,56,0
2023-01-09 01:54:00,0.00442141,00:10 - 08:10,56,0
2023-01-09 01:55:00,0.00442158,00:10 - 08:10,56,0
2023-01-09 01:56:00,0.00443825,00:10 - 08:10,56,0
2023-01-09 01:57:00,0.00445141,00:10 - 08:10,56,0
2023-01-09 01:58:00,0.00447875,00:10 - 08:10,56,0
2023-01-09 01:59:00,0.00447108,00:10 - 08:10,56,0
2023-01-09 02:00:00,0.00445441,00:10 - 08:10,56,0
2023-01-09 02:01:00,0.00446708,00:10 - 08:10,56,0
2023-01-09 02:02:00,0.00446325,00:10 - 08:10,56,0
2023-01-09 02:03:00,0.00445241,00:10 - 08:10,56,0
2023-01-09 02:04:00,0.00445758,00:10 - 08:10,56,0
2023-01-09 02:05:00,0.00447425,00:10 - 08:10,56,0
2023-01-09 02:06:00,0.00445825,00:10 - 08:10,56,0
2023-01-09 02:07:00,0.00445408,00:10 - 08:10,56,0
2023-01-09 02:08:00,0.00447075,00:10 - 08:10,56,0
2023-01-09 02:09:00,0.00448591,00:10 - 08:10,56,0
2023-01-09 02:10:00,0.00449908,00:10 - 08:10,56,0
2023-01-09 02:11:00,0.00454725,00:10 - 08:10,56,0
2023-01-09 02:12:00,0.00455991,00:10 - 08:10,56,0
2023-01-09 02:13:00,0.00460991,00:10 - 08:10,56,0
2023-01-09 02:14:00,0.00464175,00:10 - 08:10,56,0
2023-01-09 02:15:00,0.00467625,00:10 - 08:10,56,0
2023-01-09 02:16:00,0.00471025,00:10 - 08:10,56,0
2023-01-09 02:17:00,0.00471108,00:10 - 08:10,56,0
2023-01-09 02:18:00,0.00474208,00:10 - 08:10,56,0
2023-01-09 02:19:00,0.00474208,00:10 - 08:10,56,0
2023-01-09 02:20:00,0.00474408,00:10 - 08:10,56,0
2023-01-09 02:21:00,0.00474625,00:10 - 08:10,56,0
2023-01-09 02:22:00,0.00478058,00:10 - 08:10,56,0
2023-01-09 02:23:00,0.00478558,00:10 - 08:10,56,0
2023-01-09 02:24:00,0.00480241,00:10 - 08:10,56,0
2023-01-09 02:25:00,0.00481908,00:10 - 08:10,56,0
2023-01-09 02:26:00,0.00481708,00:10 - 08:10,56,0
2023-01-09 02:27:00,0.00483158,00:10 - 08:10,56,0
2023-01-09 02:28:00,0.00486158,00:10 - 08:10,56,0
2023-01-09 02:29:00,0.00486058,00:10 - 08:10,56,0
2023-01-09 02:30:00,0.00490575,00:10 - 08:10,56,0
2023-01-09 02:31:00,0.00492241,00:10 - 08:10,56,0
2023-01-09 02:32:00,0.00492241,00:10 - 08:10,56,0
2023-01-09 02:33:00,0.00492091,00:10 - 08:10,56,0
2023-01-09 02:34:00,0.00491758,00:10 - 08:10,56,0
2023-01-09 02:35:00,0.00489708,00:10 - 08:10,56,0
2023-01-09 02:36:00,0.00491375,00:10 - 08:10,56,0
2023-01-09 02:37:00,0.00490941,00:10 - 08:10,56,0
2023-01-09 02:38:00,0.00493208,00:10 - 08:10,56,0
2023-01-09 02:39:00,0.00494508,00:10 - 08:10,56,0
2023-01-09 02:40:00,0.00496175,00:10 - 08:10,56,0
2023-01-09 02:41:00,0.00495591,00:10 - 08:10,56,0
2023-01-09 02:42:00,0.00497258,00:10 - 08:10,56,0
2023-01-09 02:43:00,0.00498391,00:10 - 08:10,56,0
2023-01-09 02:44:00,0.00500058,00:10 - 08:10,56,0
2023-01-09 02:45:00,0.00500941,00:10 - 08:10,56,0
2023-01-09 02:46:00,0.00502758,00:10 - 08:10,56,0
2023-01-09 02:47:00,0.00504441,00:10 - 08:10,56,0
2023-01-09 02:48:00,0.00503908,00:10 - 08:10,56,0
2023-01-09 02:49:00,0.00502625,00:10 - 08:10,56,0
2023-01-09 02:50:00,0.00501525,00:10 - 08:10,56,0
2023-01-09 02:51:00,0.00501525,00:10 - 08:10,56,0
2023-01-09 02:52:00,0.00499875,00:10 - 08:10,56,0
2023-01-09 02:53:00,0.00499858,00:10 - 08:10,56,0
2023-01-09 02:54:00,0.00498458,00:10 - 08:10,56,0
2023-01-09 02:55:00,0.00498091,00:10 - 08:10,56,0
2023-01-09 02:56:00,0.00498091,00:10 - 08:10,56,0
2023-01-09 02:57:00,0.00497258,00:10 - 08:10,56,0
2023-01-09 02:58:00,0.00497258,00:10 - 08:10,56,0
2023-01-09 02:59:00,0.00496375,00:10 - 08:10,56,0
2023-01-09 03:00:00,0.00496358,00:10 - 08:10,56,0
2023-01-09 03:01:00,0.00495975,00:10 - 08:10,56,0
2023-01-09 03:02:00,0.00495825,00:10 - 08:10,56,0
2023-01-09 03:03:00,0.00495825,00:10 - 08:10,56,0
2023-01-09 03:04:00,0.00495558,00:10 - 08:10,56,0
2023-01-09 03:05:00,0.00492391,00:10 - 08:10,56,0
2023-01-09 03:06:00,0.00496525,00:10 - 08:10,56,0
2023-01-09 03:07:00,0.00496691,00:10 - 08:10,56,0
2023-01-09 03:08:00,0.00496008,00:10 - 08:10,56,0
2023-01-09 03:09:00,0.00495691,00:10 - 08:10,56,0
2023-01-09 03:10:00,0.00495691,00:10 - 08:10,56,0
2023-01-09 03:11:00,0.00495725,00:10 - 08:10,56,0
2023-01-09 03:12:00,0.00494758,00:10 - 08:10,56,0
2023-01-09 03:13:00,0.00494441,00:10 - 08:10,56,0
2023-01-09 03:14:00,0.00494658,00:10 - 08:10,56,0
2023-01-09 03:15:00,0.00494741,00:10 - 08:10,56,0
2023-01-09 03:16:00,0.00494691,00:10 - 08:10,56,0
2023-01-09 03:17:00,0.00495091,00:10 - 08:10,56,0
2023-01-09 03:18:00,0.00495475,00:10 - 08:10,56,0
2023-01-09 03:19:00,0.00495125,00:10 - 08:10,56,0
2023-01-09 03:20:00,0.00494675,00:10 - 08:10,56,0
2023-01-09 03:21:00,0.00494758,00:10 - 08:10,56,0
2023-01-09 03:22:00,0.00494241,00:10 - 08:10,56,0
2023-01-09 03:23:00,0.00493141,00:10 - 08:10,56,0
2023-01-09 03:24:00,0.00492375,00:10 - 08:10,56,0
2023-01-09 03:25:00,0.00491591,00:10 - 08:10,56,0
2023-01-09 03:26:00,0.00490658,00:10 - 08:10,56,0
2023-01-09 03:27:00,0.00490691,00:10 - 08:10,56,0
2023-01-09 03:28:00,0.00490158,00:10 - 08:10,56,0
2023-01-09 03:29:00,0.00489325,00:10 - 08:10,56,0
2023-01-09 03:30:00,0.00488975,00:10 - 08:10,56,0
2023-01-09 03:31:00,0.00488125,00:10 - 08:10,56,0
2023-01-09 03:32:00,0.00487725,00:10 - 08:10,56,0
2023-01-09 03:33:00,0.00487741,00:10 - 08:10,56,0
2023-01-09 03:34:00,0.00487575,00:10 - 08:10,56,0
2023-01-09 03:35:00,0.00487075,00:10 - 08:10,56,0
2023-01-09 03:36:00,0.00486691,00:10 - 08:10,56,0
2023-01-09 03:37:00,0.00486175,00:10 - 08:10,56,0
2023-01-09 03:38:00,0.00486175,00:10 - 08:10,56,0
2023-01-09 03:39:00,0.00485425,00:10 - 08:10,56,0
2023-01-09 03:40:00,0.00484808,00:10 - 08:10,56,0
2023-01-09 03:41:00,0.00483825,00:10 - 08:10,56,0
2023-01-09 03:42:00,0.00483341,00:10 - 08:10,56,0
2023-01-09 03:43:00,0.00483341,00:10 - 08:10,56,0
2023-01-09 03:44:00,0.00482541,00:10 - 08:10,56,0
2023-01-09 03:45:00,0.00481658,00:10 - 08:10,56,0
2023-01-09 03:46:00,0.00481175,00:10 - 08:10,56,0
2023-01-09 03:47:00,0.00480191,00:10 - 08:10,56,0
2023-01-09 03:48:00,0.00479125,00:10 - 08:10,56,0
2023-01-09 03:49:00,0.00477625,00:10 - 08:10,56,0
2023-01-09 03:50:00,0.00477625,00:10 - 08:10,56,0
2023-01-09 03:51:00,0.00476658,00:10 - 08:10,56,0
2023-01-09 03:52:00,0.00475591,00:10 - 08:10,56,0
2023-01-09 03:53:00,0.00474958,00:10 - 08:10,56,0
2023-01-09 03:54:00,0.00473975,00:10 - 08:10,56,0
2023-01-09 03:55:00,0.00473975,00:10 - 08:10,56,0
2023-01-09 03:56:00,0.00472875,00:10 - 08:10,56,0
2023-01-09 03:57:00,0.00471958,00:10 - 08:10,56,0
2023-01-09 03:58:00,0.00470991,00:10 - 08:10,56,0
2023-01-09 03:59:00,0.00470991,00:10 - 08:10,56,0
2023-01-09 04:00:00,0.00470208,00:10 - 08:10,56,0
2023-01-09 04:01:00,0.00470208,00:10 - 08:10,56,0
2023-01-09 04:02:00,0.00469291,00:10 - 08:10,56,0
2023-01-09 04:03:00,0.00469291,00:10 - 08:10,56,0
2023-01-09 04:04:00,0.00468341,00:10 - 08:10,56,0
2023-01-09 04:05:00,0.00467525,00:10 - 08:10,56,0
2023-01-09 04:06:00,0.00466491,00:10 - 08:10,56,0
2023-01-09 04:07:00,0.00465925,00:10 - 08:10,56,0
2023-01-09 04:08:00,0.00465225,00:10 - 08:10,56,0
2023-01-09 04:09:00,0.00465225,00:10 - 08:10,56,0
2023-01-09 04:10:00,0.00463075,00:10 - 08:10,56,0
2023-01-09 04:11:00,0.00463075,00:10 - 08:10,56,0
2023-01-09 04:12:00,0.00461291,00:10 - 08:10,56,0
2023-01-09 04:13:00,0.00459608,00:10 - 08:10,56,0
2023-01-09 04:14:00,0.00458625,00:10 - 08:10,56,0
2023-01-09 04:15:00,0.00458625,00:10 - 08:10,56,0
2023-01-09 04:16:00,0.00457475,00:10 - 08:10,56,0
2023-01-09 04:17:00,0.00455291,00:10 - 08:10,56,0
2023-01-09 04:18:00,0.00455291,00:10 - 08:10,56,0
2023-01-09 04:19:00,0.00454575,00:10 - 08:10,56,0
2023-01-09 04:20:00,0.00453408,00:10 - 08:10,56,0
2023-01-09 04:21:00,0.00452441,00:10 - 08:10,56,0
2023-01-09 04:22:00,0.00452025,00:10 - 08:10,56,0
2023-01-09 04:23:00,0.00451758,00:10 - 08:10,56,0
2023-01-09 04:24:00,0.00451758,00:10 - 08:10,56,0
2023-01-09 04:25:00,0.00451758,00:10 - 08:10,56,0
2023-01-09 04:26:00,0.00451375,00:10 - 08:10,56,0
2023-01-09 04:27:00,0.00451175,00:10 - 08:10,56,0
2023-01-09 04:28:00,0.00450908,00:10 - 08:10,56,0
2023-01-09 04:29:00,0.00451075,00:10 - 08:10,56,0
2023-01-09 04:30:00,0.00451075,00:10 - 08:10,56,0
2023-01-09 04:31:00,0.00450975,00:10 - 08:10,56,0
2023-01-09 04:32:00,0.00450758,00:10 - 08:10,56,0
2023-01-09 04:33:00,0.00450225,00:10 - 08:10,56,0
2023-01-09 04:34:00,0.00450191,00:10 - 08:10,56,0
2023-01-09 04:35:00,0.00450191,00:10 - 08:10,56,0
2023-01-09 04:36:00,0.00449691,00:10 - 08:10,56,0
2023-01-09 04:37:00,0.00448891,00:10 - 08:10,56,0
2023-01-09 04:38:00,0.00448425,00:10 - 08:10,56,0
2023-01-09 04:39:00,0.00448425,00:10 - 08:10,56,0
2023-01-09 04:40:00,0.00446991,00:10 - 08:10,56,0
2023-01-09 04:41:00,0.00446991,00:10 - 08:10,56,0
2023-01-09 04:42:00,0.00446258,00:10 - 08:10,56,0
2023-01-09 04:43:00,0.00445625,00:10 - 08:10,56,0
2023-01-09 04:44:00,0.00445358,00:10 - 08:10,56,0
2023-01-09 04:45:00,0.00445175,00:10 - 08:10,56,0
2023-01-09 04:46:00,0.00445175,00:10 - 08:10,56,0
2023-01-09 04:47:00,0.00445325,00:10 - 08:10,56,0
2023-01-09 04:48:00,0.00444425,00:10 - 08:10,56,0
2023-01-09 04:49:00,0.00444425,00:10 - 08:10,56,0
2023-01-09 04:50:00,0.00443125,00:10 - 08:10,56,0
2023-01-09 04:51:00,0.00443191,00:10 - 08:10,56,0
2023-01-09 04:52:00,0.00443191,00:10 - 08:10,56,0
2023-01-09 04:53:00,0.00442758,00:10 - 08:10,56,0
2023-01-09 04:54:00,0.00441541,00:10 - 08:10,56,0
2023-01-09 04:55:00,0.00440658,00:10 - 08:10,56,0
2023-01-09 04:56:00,0.00440325,00:10 - 08:10,56,0
2023-01-09 04:57:00,0.00440108,00:10 - 08:10,56,0
2023-01-09 04:58:00,0.00440108,00:10 - 08:10,56,0
2023-01-09 04:59:00,0.00440108,00:10 - 08:10,56,0
2023-01-09 05:00:00,0.00440141,00:10 - 08:10,56,0
2023-01-09 05:01:00,0.00439075,00:10 - 08:10,56,0
2023-01-09 05:02:00,0.00439041,00:10 - 08:10,56,0
2023-01-09 05:03:00,0.00439041,00:10 - 08:10,56,0
2023-01-09 05:04:00,0.00439041,00:10 - 08:10,56,0
2023-01-09 05:05:00,0.00437658,00:10 - 08:10,56,0
2023-01-09 05:06:00,0.00437258,00:10 - 08:10,56,0
2023-01-09 05:07:00,0.00437541,00:10 - 08:10,56,0
2023-01-09 05:08:00,0.00437708,00:10 - 08:10,56,0
2023-01-09 05:09:00,0.00437708,00:10 - 08:10,56,0
2023-01-09 05:10:00,0.00437708,00:10 - 08:10,56,0
2023-01-09 05:11:00,0.00437458,00:10 - 08:10,56,0
2023-01-09 05:12:00,0.00437041,00:10 - 08:10,56,0
2023-01-09 05:13:00,0.00436608,00:10 - 08:10,56,0
2023-01-09 05:14:00,0.00436608,00:10 - 08:10,56,0
2023-01-09 05:15:00,0.00435941,00:10 - 08:10,56,0
2023-01-09 05:16:00,0.00435575,00:10 - 08:10,56,0
2023-01-09 05:17:00,0.00435725,00:10 - 08:10,56,0
2023-01-09 05:18:00,0.00436308,00:10 - 08:10,56,0
2023-01-09 05:19:00,0.00436408,00:10 - 08:10,56,0
2023-01-09 05:20:00,0.00436408,00:10 - 08:10,56,0
2023-01-09 05:21:00,0.00437158,00:10 - 08:10,56,0
2023-01-09 05:22:00,0.00437158,00:10 - 08:10,56,0
2023-01-09 05:23:00,0.00437041,00:10 - 08:10,56,0
2023-01-09 05:24:00,0.00436758,00:10 - 08:10,56,0
2023-01-09 05:25:00,0.00436575,00:10 - 08:10,56,0
2023-01-09 05:26:00,0.00436575,00:10 - 08:10,56,0
2023-01-09 05:27:00,0.00436241,00:10 - 08:10,56,0
2023-01-09 05:28:00,0.00436241,00:10 - 08:10,56,0
2023-01-09 05:29:00,0.00435591,00:10 - 08:10,56,0
2023-01-09 05:30:00,0.00435108,00:10 - 08:10,56,0
2023-01-09 05:31:00,0.00435108,00:10 - 08:10,56,0
2023-01-09 05:32:00,0.00434575,00:10 - 08:10,56,0
2023-01-09 05:33:00,0.00434108,00:10 - 08:10,56,0
2023-01-09 05:34:00,0.00433341,00:10 - 08:10,56,0
2023-01-09 05:35:00,0.00432975,00:10 - 08:10,56,0
2023-01-09 05:36:00,0.00432225,00:10 - 08:10,56,0
2023-01-09 05:37:00,0.00432225,00:10 - 08:10,56,0
2023-01-09 05:38:00,0.00432225,00:10 - 08:10,56,0
2023-01-09 05:39:00,0.00429608,00:10 - 08:10,56,0
2023-01-09 05:40:00,0.00428708,00:10 - 08:10,56,0
2023-01-09 05:41:00,0.00427258,00:10 - 08:10,56,0
2023-01-09 05:42:00,0.00425991,00:10 - 08:10,56,0
2023-01-09 05:43:00,0.00425991,00:10 - 08:10,56,0
2023-01-09 05:44:00,0.00424575,00:10 - 08:10,56,0
2023-01-09 05:45:00,0.00423575,00:10 - 08:10,56,0
2023-01-09 05:46:00,0.00422791,00:10 - 08:10,56,0
2023-01-09 05:47:00,0.00421625,00:10 - 08:10,56,0
2023-01-09 05:48:00,0.00421208,00:10 - 08:10,56,0
2023-01-09 05:49:00,0.00421208,00:10 - 08:10,56,0
2023-01-09 05:50:00,0.00421241,00:10 - 08:10,56,0
2023-01-09 05:51:00,0.00421691,00:10 - 08:10,56,0
2023-01-09 05:52:00,0.00421691,00:10 - 08:10,56,0
2023-01-09 05:53:00,0.00422508,00:10 - 08:10,56,0
2023-01-09 05:54:00,0.00422508,00:10 - 08:10,56,0
2023-01-09 05:55:00,0.00422891,00:10 - 08:10,56,0
2023-01-09 05:56:00,0.00423058,00:10 - 08:10,56,0
2023-01-09 05:57:00,0.00422958,00:10 - 08:10,56,0
2023-01-09 05:58:00,0.00422458,00:10 - 08:10,56,0
2023-01-09 05:59:00,0.00422458,00:10 - 08:10,56,0
2023-01-09 06:00:00,0.00421825,00:10 - 08:10,56,0
2023-01-09 06:01:00,0.00421425,00:10 - 08:10,56,0
2023-01-09 06:02:00,0.00421558,00:10 - 08:10,56,0
2023-01-09 06:03:00,0.00420808,00:10 - 08:10,56,0
2023-01-09 06:04:00,0.00420008,00:10 - 08:10,56,0
2023-01-09 06:05:00,0.00419425,00:10 - 08:10,56,0
2023-01-09 06:06:00,0.00419425,00:10 - 08:10,56,0
2023-01-09 06:07:00,0.00418525,00:10 - 08:10,56,0
2023-01-09 06:08:00,0.00418541,00:10 - 08:10,56,0
2023-01-09 06:09:00,0.00417558,00:10 - 08:10,56,0
2023-01-09 06:10:00,0.00417441,00:10 - 08:10,56,0
2023-01-09 06:11:00,0.00417591,00:10 - 08:10,56,0
2023-01-09 06:12:00,0.00417341,00:10 - 08:10,56,0
2023-01-09 06:13:00,0.00417125,00:10 - 08:10,56,0
2023-01-09 06:14:00,0.00417125,00:10 - 08:10,56,0
2023-01-09 06:15:00,0.00416325,00:10 - 08:10,56,0
2023-01-09 06:16:00,0.00416325,00:10 - 08:10,56,0
2023-01-09 06:17:00,0.00416741,00:10 - 08:10,56,0
2023-01-09 06:18:00,0.00416741,00:10 - 08:10,56,0
2023-01-09 06:19:00,0.00417341,00:10 - 08:10,56,0
2023-01-09 06:20:00,0.00417341,00:10 - 08:10,56,0
2023-01-09 06:21:00,0.00417675,00:10 - 08:10,56,0
2023-01-09 06:22:00,0.00416975,00:10 - 08:10,56,0
2023-01-09 06:23:00,0.00416975,00:10 - 08:10,56,0
2023-01-09 06:24:00,0.00416975,00:10 - 08:10,56,0
2023-01-09 06:25:00,0.00416841,00:10 - 08:10,56,0
2023-01-09 06:26:00,0.00417208,00:10 - 08:10,56,0
2023-01-09 06:27:00,0.00417208,00:10 - 08:10,56,0
2023-01-09 06:28:00,0.00417991,00:10 - 08:10,56,0
2023-01-09 06:29:00,0.00417991,00:10 - 08:10,56,0
2023-01-09 06:30:00,0.00418091,00:10 - 08:10,56,0
2023-01-09 06:31:00,0.00418341,00:10 - 08:10,56,0
2023-01-09 06:32:00,0.00418191,00:10 - 08:10,56,0
2023-01-09 06:33:00,0.00418191,00:10 - 08:10,56,0
2023-01-09 06:34:00,0.00418575,00:10 - 08:10,56,0
2023-01-09 06:35:00,0.00418825,00:10 - 08:10,56,0
2023-01-09 06:36:00,0.00418841,00:10 - 08:10,56,0
2023-01-09 06:37:00,0.00417841,00:10 - 08:10,56,0
2023-01-09 06:38:00,0.00417758,00:10 - 08:10,56,0
2023-01-09 06:39:00,0.00417775,00:10 - 08:10,56,0
2023-01-09 06:40:00,0.00417775,00:10 - 08:10,56,0
2023-01-09 06:41:00,0.00417775,00:10 - 08:10,56,0
2023-01-09 06:42:00,0.00417825,00:10 - 08:10,56,0
2023-01-09 06:43:00,0.00418408,00:10 - 08:10,56,0
2023-01-09 06:44:00,0.00418291,00:10 - 08:10,56,0
2023-01-09 06:45:00,0.00417875,00:10 - 08:10,56,0
2023-01-09 06:46:00,0.00417875,00:10 - 08:10,56,0
2023-01-09 06:47:00,0.00417275,00:10 - 08:10,56,0
2023-01-09 06:48:00,0.00416741,00:10 - 08:10,56,0
2023-01-09 06:49:00,0.00416275,00:10 - 08:10,56,0
2023-01-09 06:50:00,0.00416275,00:10 - 08:10,56,0
2023-01-09 06:51:00,0.00416408,00:10 - 08:10,56,0
2023-01-09 06:52:00,0.00416408,00:10 - 08:10,56,0
2023-01-09 06:53:00,0.00416458,00:10 - 08:10,56,0
2023-01-09 06:54:00,0.00416175,00:10 - 08:10,56,0
2023-01-09 06:55:00,0.00415958,00:10 - 08:10,56,0
2023-01-09 06:56:00,0.00416375,00:10 - 08:10,56,0
2023-01-09 06:57:00,0.00416375,00:10 - 08:10,56,0
2023-01-09 06:58:00,0.00416341,00:10 - 08:10,56,0
2023-01-09 06:59:00,0.00416325,00:10 - 08:10,56,0
2023-01-09 07:00:00,0.00416125,00:10 - 08:10,56,0
2023-01-09 07:01:00,0.00416341,00:10 - 08:10,56,0
2023-01-09 07:02:00,0.00416525,00:10 - 08:10,56,0
2023-01-09 07:03:00,0.00416525,00:10 - 08:10,56,0
2023-01-09 07:04:00,0.00416775,00:10 - 08:10,56,0
2023-01-09 07:05:00,0.00417075,00:10 - 08:10,56,0
2023-01-09 07:06:00,0.00417091,00:10 - 08:10,56,0
2023-01-09 07:07:00,0.00418991,00:10 - 08:10,56,0
2023-01-09 07:08:00,0.00418958,00:10 - 08:10,56,0
2023-01-09 07:09:00,0.00418941,00:10 - 08:10,56,0
2023-01-09 07:10:00,0.00419258,00:10 - 08:10,56,0
2023-01-09 07:11:00,0.00419258,00:10 - 08:10,56,0
2023-01-09 07:12:00,0.00420225,00:10 - 08:10,56,0
2023-01-09 07:13:00,0.00420841,00:10 - 08:10,56,0
2023-01-09 07:14:00,0.00420858,00:10 - 08:10,56,0
2023-01-09 07:15:00,0.00421891,00:10 - 08:10,56,0
2023-01-09 07:16:00,0.00421891,00:10 - 08:10,56,0
2023-01-09 07:17:00,0.00423558,00:10 - 08:10,56,0
2023-01-09 07:18:00,0.00423958,00:10 - 08:10,56,0
2023-01-09 07:19:00,0.00424041,00:10 - 08:10,56,0
2023-01-09 07:20:00,0.00424041,00:10 - 08:10,56,0
2023-01-09 07:21:00,0.00424625,00:10 - 08:10,56,0
2023-01-09 07:22:00,0.00424875,00:10 - 08:10,56,0
2023-01-09 07:23:00,0.00424608,00:10 - 08:10,56,0
2023-01-09 07:24:00,0.00424425,00:10 - 08:10,56,0
2023-01-09 07:25:00,0.00424408,00:10 - 08:10,56,0
2023-01-09 07:26:00,0.00424558,00:10 - 08:10,56,0
2023-01-09 07:27:00,0.00424741,00:10 - 08:10,56,0
2023-01-09 07:28:00,0.00424841,00:10 - 08:10,56,0
2023-01-09 07:29:00,0.00424758,00:10 - 08:10,56,0
2023-01-09 07:30:00,0.00424675,00:10 - 08:10,56,0
2023-01-09 07:31:00,0.00424675,00:10 - 08:10,56,0
2023-01-09 07:32:00,0.00424375,00:10 - 08:10,56,0
2023-01-09 07:33:00,0.00423575,00:10 - 08:10,56,0
2023-01-09 07:34:00,0.00422891,00:10 - 08:10,56,0
2023-01-09 07:35:00,0.00421791,00:10 - 08:10,56,0
2023-01-09 07:36:00,0.00420308,00:10 - 08:10,56,0
2023-01-09 07:37:00,0.00420308,00:10 - 08:10,56,0
2023-01-09 07:38:00,0.00419291,00:10 - 08:10,56,0
2023-01-09 07:39:00,0.00417375,00:10 - 08:10,56,0
2023-01-09 07:40:00,0.00415908,00:10 - 08:10,56,0
2023-01-09 07:41:00,0.00415908,00:10 - 08:10,56,0
2023-01-09 07:42:00,0.00415641,00:10 - 08:10,56,0
2023-01-09 07:43:00,0.00419291,00:10 - 08:10,56,0
2023-01-09 07:44:00,0.00415775,00:10 - 08:10,56,0
2023-01-09 07:45:00,0.00415108,00:10 - 08:10,56,0
2023-01-09 07:46:00,0.00415025,00:10 - 08:10,56,0
2023-01-09 07:47:00,0.00415025,00:10 - 08:10,56,0
2023-01-09 07:48:00,0.00414875,00:10 - 08:10,56,0
2023-01-09 07:49:00,0.00414425,00:10 - 08:10,56,0
2023-01-09 07:50:00,0.00414341,00:10 - 08:10,56,0
2023-01-09 07:51:00,0.00414341,00:10 - 08:10,56,0
2023-01-09 07:52:00,0.00414341,00:10 - 08:10,56,0
2023-01-09 07:53:00,0.00413175,00:10 - 08:10,56,0
2023-01-09 07:54:00,0.00412075,00:10 - 08:10,56,0
2023-01-09 07:55:00,0.00411358,00:10 - 08:10,56,0
2023-01-09 07:56:00,0.00410891,00:10 - 08:10,56,0
2023-01-09 07:57:00,0.00410891,00:10 - 08:10,56,0
2023-01-09 07:58:00,0.00410291,00:10 - 08:10,56,0
2023-01-09 07:59:00,0.00410091,00:10 - 08:10,56,0
2023-01-09 08:00:00,0.00592304,00:10 - 08:10,56,0
2023-01-09 08:01:00,0.00592288,00:10 - 08:10,56,0
2023-01-09 08:02:00,0.00592288,00:10 - 08:10,56,0
2023-01-09 08:03:00,0.00592338,00:10 - 08:10,56,0
2023-01-09 08:04:00,0.00592254,00:10 - 08:10,56,0
2023-01-09 08:05:00,0.00592354,00:10 - 08:10,56,0
2023-01-09 08:06:00,0.00591854,00:10 - 08:10,56,0
2023-01-09 08:07:00,0.00591854,00:10 - 08:10,56,0
2023-01-09 08:08:00,0.00591354,00:10 - 08:10,56,0
2023-01-09 08:09:00,0.00590804,00:10 - 08:10,56,0
2023-01-09 08:10:00,0.00590171,08:10 - 16:10,57,0
2023-01-09 08:11:00,0.00589754,08:10 - 16:10,57,0
2023-01-09 08:12:00,0.00589638,08:10 - 16:10,57,0
2023-01-09 08:13:00,0.00589238,08:10 - 16:10,57,0
2023-01-09 08:14:00,0.00588988,08:10 - 16:10,57,0
2023-01-09 08:15:00,0.00588871,08:10 - 16:10,57,0
2023-01-09 08:16:00,0.00588154,08:10 - 16:10,57,0
2023-01-09 08:17:00,0.00588154,08:10 - 16:10,57,0
2023-01-09 08:18:00,0.00587088,08:10 - 16:10,57,0
2023-01-09 08:19:00,0.00573771,08:10 - 16:10,57,0
2023-01-09 08:20:00,0.00566971,08:10 - 16:10,57,0
2023-01-09 08:21:00,0.00548588,08:10 - 16:10,57,0
2023-01-09 08:22:00,0.00538588,08:10 - 16:10,57,0
2023-01-09 08:23:00,0.00529938,08:10 - 16:10,57,0
2023-01-09 08:24:00,0.00522838,08:10 - 16:10,57,0
2023-01-09 08:25:00,0.00518154,08:10 - 16:10,57,0
2023-01-09 08:26:00,0.00509271,08:10 - 16:10,57,0
2023-01-09 08:27:00,0.00499271,08:10 - 16:10,57,0
2023-01-09 08:28:00,0.00493671,08:10 - 16:10,57,0
2023-01-09 08:29:00,0.00489188,08:10 - 16:10,57,0
2023-01-09 08:30:00,0.00482604,08:10 - 16:10,57,0
2023-01-09 08:31:00,0.00486504,08:10 - 16:10,57,0
2023-01-09 08:32:00,0.00490938,08:10 - 16:10,57,0
2023-01-09 08:33:00,0.00494804,08:10 - 16:10,57,0
2023-01-09 08:34:00,0.00499171,08:10 - 16:10,57,0
2023-01-09 08:35:00,0.00505454,08:10 - 16:10,57,0
2023-01-09 08:36:00,0.00512538,08:10 - 16:10,57,0
2023-01-09 08:37:00,0.00515604,08:10 - 16:10,57,0
2023-01-09 08:38:00,0.00515588,08:10 - 16:10,57,0
2023-01-09 08:39:00,0.00515588,08:10 - 16:10,57,0
2023-01-09 08:40:00,0.00515804,08:10 - 16:10,57,0
2023-01-09 08:41:00,0.00512604,08:10 - 16:10,57,0
2023-01-09 08:42:00,0.00513721,08:10 - 16:10,57,0
2023-01-09 08:43:00,0.00510504,08:10 - 16:10,57,0
2023-01-09 08:44:00,0.00510354,08:10 - 16:10,57,0
2023-01-09 08:45:00,0.00510738,08:10 - 16:10,57,0
2023-01-09 08:46:00,0.00512721,08:10 - 16:10,57,0
2023-01-09 08:47:00,0.00514838,08:10 - 16:10,57,0
2023-01-09 08:48:00,0.00519838,08:10 - 16:10,57,0
2023-01-09 08:49:00,0.00520154,08:10 - 16:10,57,0
2023-01-09 08:50:00,0.00525321,08:10 - 16:10,57,0
2023-01-09 08:51:00,0.00528488,08:10 - 16:10,57,0
2023-01-09 08:52:00,0.00530154,08:10 - 16:10,57,0
2023-01-09 08:53:00,0.00543488,08:10 - 16:10,57,0
2023-01-09 08:54:00,0.00550788,08:10 - 16:10,57,0
2023-01-09 08:55:00,0.00549971,08:10 - 16:10,57,0
2023-01-09 08:56:00,0.00552104,08:10 - 16:10,57,0
2023-01-09 08:57:00,0.00556688,08:10 - 16:10,57,0
2023-01-09 08:58:00,0.00558354,08:10 - 16:10,57,0
2023-01-09 08:59:00,0.00562921,08:10 - 16:10,57,0
2023-01-09 09:00:00,0.00564004,08:10 - 16:10,57,0
2023-01-09 09:01:00,0.00559504,08:10 - 16:10,57,0
2023-01-09 09:02:00,0.00562054,08:10 - 16:10,57,0
2023-01-09 09:03:00,0.00560388,08:10 - 16:10,57,0
2023-01-09 09:04:00,0.00556838,08:10 - 16:10,57,0
2023-01-09 09:05:00,0.00551438,08:10 - 16:10,57,0
2023-01-09 09:06:00,0.00547504,08:10 - 16:10,57,0
2023-01-09 09:07:00,0.00543954,08:10 - 16:10,57,0
2023-01-09 09:08:00,0.00543954,08:10 - 16:10,57,0
2023-01-09 09:09:00,0.00540371,08:10 - 16:10,57,0
2023-01-09 09:10:00,0.00535104,08:10 - 16:10,57,0
2023-01-09 09:11:00,0.00527904,08:10 - 16:10,57,0
2023-01-09 09:12:00,0.00520888,08:10 - 16:10,57,0
2023-01-09 09:13:00,0.00512554,08:10 - 16:10,57,0
2023-01-09 09:14:00,0.00505871,08:10 - 16:10,57,0
2023-01-09 09:15:00,0.00501338,08:10 - 16:10,57,0
2023-01-09 09:16:00,0.00494988,08:10 - 16:10,57,0
2023-01-09 09:17:00,0.00490238,08:10 - 16:10,57,0
2023-01-09 09:18:00,0.00481904,08:10 - 16:10,57,0
2023-01-09 09:19:00,0.00475838,08:10 - 16:10,57,0
2023-01-09 09:20:00,0.00469554,08:10 - 16:10,57,0
2023-01-09 09:21:00,0.00462854,08:10 - 16:10,57,0
2023-01-09 09:22:00,0.00456621,08:10 - 16:10,57,0
2023-01-09 09:23:00,0.00449954,08:10 - 16:10,57,0
2023-01-09 09:24:00,0.00441604,08:10 - 16:10,57,0
2023-01-09 09:25:00,0.00435071,08:10 - 16:10,57,0
2023-01-09 09:26:00,0.00432288,08:10 - 16:10,57,0
2023-01-09 09:27:00,0.00429471,08:10 - 16:10,57,0
2023-01-09 09:28:00,0.00427804,08:10 - 16:10,57,0
2023-01-09 09:29:00,0.00424838,08:10 - 16:10,57,0
2023-01-09 09:30:00,0.00420621,08:10 - 16:10,57,0
2023-01-09 09:31:00,0.00417254,08:10 - 16:10,57,0
2023-01-09 09:32:00,0.00416404,08:10 - 16:10,57,0
2023-01-09 09:33:00,0.00416404,08:10 - 16:10,57,0
2023-01-09 09:34:00,0.00414371,08:10 - 16:10,57,0
2023-01-09 09:35:00,0.00412821,08:10 - 16:10,57,0
2023-01-09 09:36:00,0.00413038,08:10 - 16:10,57,0
2023-01-09 09:37:00,0.00410488,08:10 - 16:10,57,0
2023-01-09 09:38:00,0.00410504,08:10 - 16:10,57,0
2023-01-09 09:39:00,0.00406221,08:10 - 16:10,57,0
2023-01-09 09:40:00,0.00407121,08:10 - 16:10,57,0
2023-01-09 09:41:00,0.00402138,08:10 - 16:10,57,0
2023-01-09 09:42:00,0.00401038,08:10 - 16:10,57,0
2023-01-09 09:43:00,0.00399388,08:10 - 16:10,57,0
2023-01-09 09:44:00,0.00396604,08:10 - 16:10,57,0
2023-01-09 09:45:00,0.00395471,08:10 - 16:10,57,0
2023-01-09 09:46:00,0.00395288,08:10 - 16:10,57,0
2023-01-09 09:47:00,0.00397504,08:10 - 16:10,57,0
2023-01-09 09:48:00,0.00396054,08:10 - 16:10,57,0
2023-01-09 09:49:00,0.00396871,08:10 - 16:10,57,0
2023-01-09 09:50:00,0.00395688,08:10 - 16:10,57,0
2023-01-09 09:51:00,0.00394988,08:10 - 16:10,57,0
2023-01-09 09:52:00,0.00393288,08:10 - 16:10,57,0
2023-01-09 09:53:00,0.00391621,08:10 - 16:10,57,0
2023-01-09 09:54:00,0.00384604,08:10 - 16:10,57,0
2023-01-09 09:55:00,0.00378071,08:10 - 16:10,57,0
2023-01-09 09:56:00,0.00373488,08:10 - 16:10,57,0
2023-01-09 09:57:00,0.00371371,08:10 - 16:10,57,0
2023-01-09 09:58:00,0.00368038,08:10 - 16:10,57,0
2023-01-09 09:59:00,0.00364704,08:10 - 16:10,57,0
2023-01-09 10:00:00,0.00362371,08:10 - 16:10,57,0
2023-01-09 10:01:00,0.00357671,08:10 - 16:10,57,0
2023-01-09 10:02:00,0.00353854,08:10 - 16:10,57,0
2023-01-09 10:03:00,0.00352204,08:10 - 16:10,57,0
2023-01-09 10:04:00,0.00350138,08:10 - 16:10,57,0
2023-01-09 10:05:00,0.00350338,08:10 - 16:10,57,0
2023-01-09 10:06:00,0.00348888,08:10 - 16:10,57,0
2023-01-09 10:07:00,0.00347654,08:10 - 16:10,57,0
2023-01-09 10:08:00,0.00344454,08:10 - 16:10,57,0
2023-01-09 10:09:00,0.00345488,08:10 - 16:10,57,0
2023-01-09 10:10:00,0.00346338,08:10 - 16:10,57,0
2023-01-09 10:11:00,0.00345704,08:10 - 16:10,57,0
2023-01-09 10:12:00,0.00346104,08:10 - 16:10,57,0
2023-01-09 10:13:00,0.00346071,08:10 - 16:10,57,0
2023-01-09 10:14:00,0.00344138,08:10 - 16:10,57,0
2023-01-09 10:15:00,0.00344604,08:10 - 16:10,57,0
2023-01-09 10:16:00,0.00348704,08:10 - 16:10,57,0
2023-01-09 10:17:00,0.00351421,08:10 - 16:10,57,0
2023-01-09 10:18:00,0.00353088,08:10 - 16:10,57,0
2023-01-09 10:19:00,0.00354238,08:10 - 16:10,57,0
2023-01-09 10:20:00,0.00355221,08:10 - 16:10,57,0
2023-01-09 10:21:00,0.00356221,08:10 - 16:10,57,0
2023-01-09 10:22:00,0.00357038,08:10 - 16:10,57,0
2023-01-09 10:23:00,0.00358904,08:10 - 16:10,57,0
2023-01-09 10:24:00,0.00364388,08:10 - 16:10,57,0
2023-01-09 10:25:00,0.00366138,08:10 - 16:10,57,0
2023-01-09 10:26:00,0.00368238,08:10 - 16:10,57,0
2023-01-09 10:27:00,0.00370554,08:10 - 16:10,57,0
2023-01-09 10:28:00,0.00370571,08:10 - 16:10,57,0
2023-01-09 10:29:00,0.00372471,08:10 - 16:10,57,0
2023-01-09 10:30:00,0.00374088,08:10 - 16:10,57,0
2023-01-09 10:31:00,0.00377238,08:10 - 16:10,57,0
2023-01-09 10:32:00,0.00380254,08:10 - 16:10,57,0
2023-01-09 10:33:00,0.00381921,08:10 - 16:10,57,0
2023-01-09 10:34:00,0.00383171,08:10 - 16:10,57,0
2023-01-09 10:35:00,0.00383104,08:10 - 16:10,57,0
2023-01-09 10:36:00,0.00384938,08:10 - 16:10,57,0
2023-01-09 10:37:00,0.00385754,08:10 - 16:10,57,0
2023-01-09 10:38:00,0.00385754,08:10 - 16:10,57,0
2023-01-09 10:39:00,0.00384971,08:10 - 16:10,57,0
2023-01-09 10:40:00,0.00383571,08:10 - 16:10,57,0
2023-01-09 10:41:00,0.00382921,08:10 - 16:10,57,0
2023-01-09 10:42:00,0.00382904,08:10 - 16:10,57,0
2023-01-09 10:43:00,0.00382704,08:10 - 16:10,57,0
2023-01-09 10:44:00,0.00382704,08:10 - 16:10,57,0
2023-01-09 10:45:00,0.00382304,08:10 - 16:10,57,0
2023-01-09 10:46:00,0.00383721,08:10 - 16:10,57,0
2023-01-09 10:47:00,0.00384488,08:10 - 16:10,57,0
2023-01-09 10:48:00,0.00384488,08:10 - 16:10,57,0
2023-01-09 10:49:00,0.00388404,08:10 - 16:10,57,0
2023-01-09 10:50:00,0.00388904,08:10 - 16:10,57,0
2023-01-09 10:51:00,0.00390154,08:10 - 16:10,57,0
2023-01-09 10:52:00,0.00392671,08:10 - 16:10,57,0
2023-01-09 10:53:00,0.00396321,08:10 - 16:10,57,0
2023-01-09 10:54:00,0.00396188,08:10 - 16:10,57,0
2023-01-09 10:55:00,0.00395688,08:10 - 16:10,57,0
2023-01-09 10:56:00,0.00395504,08:10 - 16:10,57,0
2023-01-09 10:57:00,0.00395421,08:10 - 16:10,57,0
2023-01-09 10:58:00,0.00398771,08:10 - 16:10,57,0
2023-01-09 10:59:00,0.00396321,08:10 - 16:10,57,0
2023-01-09 11:00:00,0.00394538,08:10 - 16:10,57,0
2023-01-09 11:01:00,0.00394338,08:10 - 16:10,57,0
2023-01-09 11:02:00,0.00392938,08:10 - 16:10,57,0
2023-01-09 11:03:00,0.00391271,08:10 - 16:10,57,0
2023-01-09 11:04:00,0.00389921,08:10 - 16:10,57,0
2023-01-09 11:05:00,0.00387088,08:10 - 16:10,57,0
2023-01-09 11:06:00,0.00387488,08:10 - 16:10,57,0
2023-01-09 11:07:00,0.00387254,08:10 - 16:10,57,0
2023-01-09 11:08:00,0.00387254,08:10 - 16:10,57,0
2023-01-09 11:09:00,0.00385488,08:10 - 16:10,57,0
2023-01-09 11:10:00,0.00383321,08:10 - 16:10,57,0
2023-01-09 11:11:00,0.00384221,08:10 - 16:10,57,0
2023-01-09 11:12:00,0.00383504,08:10 - 16:10,57,0
2023-01-09 11:13:00,0.00381688,08:10 - 16:10,57,0
2023-01-09 11:14:00,0.00382604,08:10 - 16:10,57,0
2023-01-09 11:15:00,0.00383704,08:10 - 16:10,57,0
2023-01-09 11:16:00,0.00383288,08:10 - 16:10,57,0
2023-01-09 11:17:00,0.00386071,08:10 - 16:10,57,0
2023-01-09 11:18:00,0.00384388,08:10 - 16:10,57,0
2023-01-09 11:19:00,0.00385821,08:10 - 16:10,57,0
2023-01-09 11:20:00,0.00389004,08:10 - 16:10,57,0
2023-01-09 11:21:00,0.00391971,08:10 - 16:10,57,0
2023-01-09 11:22:00,0.00393821,08:10 - 16:10,57,0
2023-01-09 11:23:00,0.00395554,08:10 - 16:10,57,0
2023-01-09 11:24:00,0.00398404,08:10 - 16:10,57,0
2023-01-09 11:25:00,0.00401671,08:10 - 16:10,57,0
2023-01-09 11:26:00,0.00403921,08:10 - 16:10,57,0
2023-01-09 11:27:00,0.00406021,08:10 - 16:10,57,0
2023-01-09 11:28:00,0.00406004,08:10 - 16:10,57,0
2023-01-09 11:29:00,0.00408488,08:10 - 16:10,57,0
2023-01-09 11:30:00,0.00409721,08:10 - 16:10,57,0
2023-01-09 11:31:00,0.00410588,08:10 - 16:10,57,0
2023-01-09 11:32:00,0.00412888,08:10 - 16:10,57,0
2023-01-09 11:33:00,0.00413638,08:10 - 16:10,57,0
2023-01-09 11:34:00,0.00416988,08:10 - 16:10,57,0
2023-01-09 11:35:00,0.00417321,08:10 - 16:10,57,0
2023-01-09 11:36:00,0.00415221,08:10 - 16:10,57,0
2023-01-09 11:37:00,0.00415171,08:10 - 16:10,57,0
2023-01-09 11:38:00,0.00415771,08:10 - 16:10,57,0
2023-01-09 11:39:00,0.00415771,08:10 - 16:10,57,0
2023-01-09 11:40:00,0.00416438,08:10 - 16:10,57,0
2023-01-09 11:41:00,0.00417704,08:10 - 16:10,57,0
2023-01-09 11:42:00,0.00416954,08:10 - 16:10,57,0
2023-01-09 11:43:00,0.00416338,08:10 - 16:10,57,0
2023-01-09 11:44:00,0.00416388,08:10 - 16:10,57,0
2023-01-09 11:45:00,0.00415938,08:10 - 16:10,57,0
2023-01-09 11:46:00,0.00415988,08:10 - 16:10,57,0
2023-01-09 11:47:00,0.00416121,08:10 - 16:10,57,0
2023-01-09 11:48:00,0.00415804,08:10 - 16:10,57,0
2023-01-09 11:49:00,0.00414138,08:10 - 16:10,57,0
2023-01-09 11:50:00,0.00412588,08:10 - 16:10,57,0
2023-01-09 11:51:00,0.00411321,08:10 - 16:10,57,0
2023-01-09 11:52:00,0.00408238,08:10 - 16:10,57,0
2023-01-09 11:53:00,0.00405971,08:10 - 16:10,57,0
2023-01-09 11:54:00,0.00404304,08:10 - 16:10,57,0
2023-01-09 11:55:00,0.00404288,08:10 - 16:10,57,0
2023-01-09 11:56:00,0.00405571,08:10 - 16:10,57,0
2023-01-09 11:57:00,0.00405904,08:10 - 16:10,57,0
2023-01-09 11:58:00,0.00407521,08:10 - 16:10,57,0
2023-01-09 11:59:00,0.00407521,08:10 - 16:10,57,0
2023-01-09 12:00:00,0.00409804,08:10 - 16:10,57,0
2023-01-09 12:01:00,0.00410154,08:10 - 16:10,57,0
2023-01-09 12:02:00,0.00411088,08:10 - 16:10,57,0
2023-01-09 12:03:00,0.00411804,08:10 - 16:10,57,0
2023-01-09 12:04:00,0.00410138,08:10 - 16:10,57,0
2023-01-09 12:05:00,0.00410121,08:10 - 16:10,57,0
2023-01-09 12:06:00,0.00410271,08:10 - 16:10,57,0
2023-01-09 12:07:00,0.00410038,08:10 - 16:10,57,0
2023-01-09 12:08:00,0.00409888,08:10 - 16:10,57,0
2023-01-09 12:09:00,0.00409888,08:10 - 16:10,57,0
2023-01-09 12:10:00,0.00409888,08:10 - 16:10,57,0
2023-01-09 12:11:00,0.00408888,08:10 - 16:10,57,0
2023-01-09 12:12:00,0.00408621,08:10 - 16:10,57,0
2023-01-09 12:13:00,0.00406704,08:10 - 16:10,57,0
2023-01-09 12:14:00,0.00406704,08:10 - 16:10,57,0
2023-01-09 12:15:00,0.00405038,08:10 - 16:10,57,0
2023-01-09 12:16:00,0.00404538,08:10 - 16:10,57,0
2023-01-09 12:17:00,0.00402871,08:10 - 16:10,57,0
2023-01-09 12:18:00,0.00401988,08:10 - 16:10,57,0
2023-01-09 12:19:00,0.00403571,08:10 - 16:10,57,0
2023-01-09 12:20:00,0.00404721,08:10 - 16:10,57,0
2023-01-09 12:21:00,0.00404738,08:10 - 16:10,57,0
2023-01-09 12:22:00,0.00406238,08:10 - 16:10,57,0
2023-01-09 12:23:00,0.00406238,08:10 - 16:10,57,0
2023-01-09 12:24:00,0.00406221,08:10 - 16:10,57,0
2023-01-09 12:25:00,0.00405954,08:10 - 16:10,57,0
2023-01-09 12:26:00,0.00406088,08:10 - 16:10,57,0
2023-01-09 12:27:00,0.00406388,08:10 - 16:10,57,0
2023-01-09 12:28:00,0.00408054,08:10 - 16:10,57,0
2023-01-09 12:29:00,0.00407938,08:10 - 16:10,57,0
2023-01-09 12:30:00,0.00409904,08:10 - 16:10,57,0
2023-01-09 12:31:00,0.00411304,08:10 - 16:10,57,0
2023-01-09 12:32:00,0.00414221,08:10 - 16:10,57,0
2023-01-09 12:33:00,0.00417221,08:10 - 16:10,57,0
2023-01-09 12:34:00,0.00418871,08:10 - 16:10,57,0
2023-01-09 12:35:00,0.00420538,08:10 - 16:10,57,0
2023-01-09 12:36:00,0.00422754,08:10 - 16:10,57,0
2023-01-09 12:37:00,0.00423404,08:10 - 16:10,57,0
2023-01-09 12:38:00,0.00425088,08:10 - 16:10,57,0
2023-01-09 12:39:00,0.00426204,08:10 - 16:10,57,0
2023-01-09 12:40:00,0.00427888,08:10 - 16:10,57,0
2023-01-09 12:41:00,0.00428554,08:10 - 16:10,57,0
2023-01-09 12:42:00,0.00429388,08:10 - 16:10,57,0
2023-01-09 12:43:00,0.00431304,08:10 - 16:10,57,0
2023-01-09 12:44:00,0.00431088,08:10 - 16:10,57,0
2023-01-09 12:45:00,0.00431088,08:10 - 16:10,57,0
2023-01-09 12:46:00,0.00433254,08:10 - 16:10,57,0
2023-01-09 12:47:00,0.00433488,08:10 - 16:10,57,0
2023-01-09 12:48:00,0.00432738,08:10 - 16:10,57,0
2023-01-09 12:49:00,0.00434021,08:10 - 16:10,57,0
2023-01-09 12:50:00,0.00433188,08:10 - 16:10,57,0
2023-01-09 12:51:00,0.00433188,08:10 - 16:10,57,0
2023-01-09 12:52:00,0.00432104,08:10 - 16:10,57,0
2023-01-09 12:53:00,0.00432754,08:10 - 16:10,57,0
2023-01-09 12:54:00,0.00432971,08:10 - 16:10,57,0
2023-01-09 12:55:00,0.00432888,08:10 - 16:10,57,0
2023-01-09 12:56:00,0.00432888,08:10 - 16:10,57,0
2023-01-09 12:57:00,0.00432621,08:10 - 16:10,57,0
2023-01-09 12:58:00,0.00430888,08:10 - 16:10,57,0
2023-01-09 12:59:00,0.00431188,08:10 - 16:10,57,0
2023-01-09 13:00:00,0.00430254,08:10 - 16:10,57,0
2023-01-09 13:01:00,0.00430771,08:10 - 16:10,57,0
2023-01-09 13:02:00,0.00430771,08:10 - 16:10,57,0
2023-01-09 13:03:00,0.00430488,08:10 - 16:10,57,0
2023-01-09 13:04:00,0.00430054,08:10 - 16:10,57,0
2023-01-09 13:05:00,0.00428438,08:10 - 16:10,57,0
2023-01-09 13:06:00,0.00428838,08:10 - 16:10,57,0
2023-01-09 13:07:00,0.00428738,08:10 - 16:10,57,0
2023-01-09 13:08:00,0.00428721,08:10 - 16:10,57,0
2023-01-09 13:09:00,0.00430554,08:10 - 16:10,57,0
2023-01-09 13:10:00,0.00430554,08:10 - 16:10,57,0
2023-01-09 13:11:00,0.00432054,08:10 - 16:10,57,0
2023-01-09 13:12:00,0.00431371,08:10 - 16:10,57,0
2023-01-09 13:13:00,0.00431388,08:10 - 16:10,57,0
2023-01-09 13:14:00,0.00433554,08:10 - 16:10,57,0
2023-01-09 13:15:00,0.00435521,08:10 - 16:10,57,0
2023-01-09 13:16:00,0.00437488,08:10 - 16:10,57,0
2023-01-09 13:17:00,0.00437671,08:10 - 16:10,57,0
2023-01-09 13:18:00,0.00439321,08:10 - 16:10,57,0
2023-01-09 13:19:00,0.00441021,08:10 - 16:10,57,0
2023-01-09 13:20:00,0.00442204,08:10 - 16:10,57,0
2023-01-09 13:21:00,0.00443771,08:10 - 16:10,57,0
2023-01-09 13:22:00,0.00445321,08:10 - 16:10,57,0
2023-01-09 13:23:00,0.00447421,08:10 - 16:10,57,0
2023-01-09 13:24:00,0.00449354,08:10 - 16:10,57,0
2023-01-09 13:25:00,0.00452121,08:10 - 16:10,57,0
2023-01-09 13:26:00,0.00453238,08:10 - 16:10,57,0
2023-01-09 13:27:00,0.00456438,08:10 - 16:10,57,0
2023-01-09 13:28:00,0.00459238,08:10 - 16:10,57,0
2023-01-09 13:29:00,0.00461304,08:10 - 16:10,57,0
2023-01-09 13:30:00,0.00461521,08:10 - 16:10,57,0
2023-01-09 13:31:00,0.00463554,08:10 - 16:10,57,0
2023-01-09 13:32:00,0.00464621,08:10 - 16:10,57,0
2023-01-09 13:33:00,0.00467121,08:10 - 16:10,57,0
2023-01-09 13:34:00,0.00467971,08:10 - 16:10,57,0
2023-01-09 13:35:00,0.00469638,08:10 - 16:10,57,0
2023-01-09 13:36:00,0.00472138,08:10 - 16:10,57,0
2023-01-09 13:37:00,0.00472671,08:10 - 16:10,57,0
2023-01-09 13:38:00,0.00474604,08:10 - 16:10,57,0
2023-01-09 13:39:00,0.00474921,08:10 - 16:10,57,0
2023-01-09 13:40:00,0.00476788,08:10 - 16:10,57,0
2023-01-09 13:41:00,0.00478454,08:10 - 16:10,57,0
2023-01-09 13:42:00,0.00479888,08:10 - 16:10,57,0
2023-01-09 13:43:00,0.00480438,08:10 - 16:10,57,0
2023-01-09 13:44:00,0.00481221,08:10 - 16:10,57,0
2023-01-09 13:45:00,0.00480888,08:10 - 16:10,57,0
2023-01-09 13:46:00,0.00479888,08:10 - 16:10,57,0
2023-01-09 13:47:00,0.00479888,08:10 - 16:10,57,0
2023-01-09 13:48:00,0.00478904,08:10 - 16:10,57,0
2023-01-09 13:49:00,0.00477771,08:10 - 16:10,57,0
2023-01-09 13:50:00,0.00477021,08:10 - 16:10,57,0
2023-01-09 13:51:00,0.00477504,08:10 - 16:10,57,0
2023-01-09 13:52:00,0.00477521,08:10 - 16:10,57,0
2023-01-09 13:53:00,0.00478171,08:10 - 16:10,57,0
2023-01-09 13:54:00,0.00476738,08:10 - 16:10,57,0
2023-01-09 13:55:00,0.00477038,08:10 - 16:10,57,0
2023-01-09 13:56:00,0.00477504,08:10 - 16:10,57,0
2023-01-09 13:57:00,0.00476704,08:10 - 16:10,57,0
2023-01-09 13:58:00,0.00476704,08:10 - 16:10,57,0
2023-01-09 13:59:00,0.00477388,08:10 - 16:10,57,0
2023-01-09 14:00:00,0.00477438,08:10 - 16:10,57,0
2023-01-09 14:01:00,0.00476888,08:10 - 16:10,57,0
2023-01-09 14:02:00,0.00476421,08:10 - 16:10,57,0
2023-01-09 14:03:00,0.00478188,08:10 - 16:10,57,0
2023-01-09 14:04:00,0.00476504,08:10 - 16:10,57,0
2023-01-09 14:05:00,0.00478171,08:10 - 16:10,57,0
2023-01-09 14:06:00,0.00477904,08:10 - 16:10,57,0
2023-01-09 14:07:00,0.00477338,08:10 - 16:10,57,0
2023-01-09 14:08:00,0.00476688,08:10 - 16:10,57,0
2023-01-09 14:09:00,0.00474854,08:10 - 16:10,57,0
2023-01-09 14:10:00,0.00474704,08:10 - 16:10,57,0
2023-01-09 14:11:00,0.00474704,08:10 - 16:10,57,0
2023-01-09 14:12:00,0.00475104,08:10 - 16:10,57,0
2023-01-09 14:13:00,0.00475021,08:10 - 16:10,57,0
2023-01-09 14:14:00,0.00474304,08:10 - 16:10,57,0
2023-01-09 14:15:00,0.00472638,08:10 - 16:10,57,0
2023-01-09 14:16:00,0.00472221,08:10 - 16:10,57,0
2023-01-09 14:17:00,0.00472238,08:10 - 16:10,57,0
2023-01-09 14:18:00,0.00470121,08:10 - 16:10,57,0
2023-01-09 14:19:00,0.00468321,08:10 - 16:10,57,0
2023-01-09 14:20:00,0.00468721,08:10 - 16:10,57,0
2023-01-09 14:21:00,0.00467054,08:10 - 16:10,57,0
2023-01-09 14:22:00,0.00466188,08:10 - 16:10,57,0
2023-01-09 14:23:00,0.00466988,08:10 - 16:10,57,0
2023-01-09 14:24:00,0.00467438,08:10 - 16:10,57,0
2023-01-09 14:25:00,0.00467638,08:10 - 16:10,57,0
2023-01-09 14:26:00,0.00465971,08:10 - 16:10,57,0
2023-01-09 14:27:00,0.00465821,08:10 - 16:10,57,0
2023-01-09 14:28:00,0.00466304,08:10 - 16:10,57,0
2023-01-09 14:29:00,0.00466338,08:10 - 16:10,57,0
2023-01-09 14:30:00,0.00466104,08:10 - 16:10,57,0
2023-01-09 14:31:00,0.00464004,08:10 - 16:10,57,0
2023-01-09 14:32:00,0.00465388,08:10 - 16:10,57,0
2023-01-09 14:33:00,0.00463354,08:10 - 16:10,57,0
2023-01-09 14:34:00,0.00462671,08:10 - 16:10,57,0
2023-01-09 14:35:00,0.00462538,08:10 - 16:10,57,0
2023-01-09 14:36:00,0.00460754,08:10 - 16:10,57,0
2023-01-09 14:37:00,0.00459904,08:10 - 16:10,57,0
2023-01-09 14:38:00,0.00459871,08:10 - 16:10,57,0
2023-01-09 14:39:00,0.00459621,08:10 - 16:10,57,0
2023-01-09 14:40:00,0.00459021,08:10 - 16:10,57,0
2023-01-09 14:41:00,0.00458504,08:10 - 16:10,57,0
2023-01-09 14:42:00,0.00458054,08:10 - 16:10,57,0
2023-01-09 14:43:00,0.00457671,08:10 - 16:10,57,0
2023-01-09 14:44:00,0.00459354,08:10 - 16:10,57,0
2023-01-09 14:45:00,0.00459104,08:10 - 16:10,57,0
2023-01-09 14:46:00,0.00458971,08:10 - 16:10,57,0
2023-01-09 14:47:00,0.00458654,08:10 - 16:10,57,0
2023-01-09 14:48:00,0.00460171,08:10 - 16:10,57,0
2023-01-09 14:49:00,0.00460188,08:10 - 16:10,57,0
2023-01-09 14:50:00,0.00461904,08:10 - 16:10,57,0
2023-01-09 14:51:00,0.00461588,08:10 - 16:10,57,0
2023-01-09 14:52:00,0.00461738,08:10 - 16:10,57,0
2023-01-09 14:53:00,0.00462088,08:10 - 16:10,57,0
2023-01-09 14:54:00,0.00462154,08:10 - 16:10,57,0
2023-01-09 14:55:00,0.00462171,08:10 - 16:10,57,0
2023-01-09 14:56:00,0.00462338,08:10 - 16:10,57,0
2023-01-09 14:57:00,0.00462371,08:10 - 16:10,57,0
2023-01-09 14:58:00,0.00462421,08:10 - 16:10,57,0
2023-01-09 14:59:00,0.00464288,08:10 - 16:10,57,0
2023-01-09 15:00:00,0.00464288,08:10 - 16:10,57,0
2023-01-09 15:01:00,0.00464188,08:10 - 16:10,57,0
2023-01-09 15:02:00,0.00464438,08:10 - 16:10,57,0
2023-01-09 15:03:00,0.00465238,08:10 - 16:10,57,0
2023-01-09 15:04:00,0.00465888,08:10 - 16:10,57,0
2023-01-09 15:05:00,0.00466388,08:10 - 16:10,57,0
2023-01-09 15:06:00,0.00466388,08:10 - 16:10,57,0
2023-01-09 15:07:00,0.00466504,08:10 - 16:10,57,0
2023-01-09 15:08:00,0.00467671,08:10 - 16:10,57,0
2023-01-09 15:09:00,0.00465654,08:10 - 16:10,57,0
2023-01-09 15:10:00,0.00467371,08:10 - 16:10,57,0
2023-01-09 15:11:00,0.00467488,08:10 - 16:10,57,0
2023-01-09 15:12:00,0.00465838,08:10 - 16:10,57,0
2023-01-09 15:13:00,0.00466271,08:10 - 16:10,57,0
2023-01-09 15:14:00,0.00467288,08:10 - 16:10,57,0
2023-01-09 15:15:00,0.00467138,08:10 - 16:10,57,0
2023-01-09 15:16:00,0.00465921,08:10 - 16:10,57,0
2023-01-09 15:17:00,0.00466188,08:10 - 16:10,57,0
2023-01-09 15:18:00,0.00465804,08:10 - 16:10,57,0
2023-01-09 15:19:00,0.00464938,08:10 - 16:10,57,0
2023-01-09 15:20:00,0.00466704,08:10 - 16:10,57,0
2023-01-09 15:21:00,0.00465121,08:10 - 16:10,57,0
2023-01-09 15:22:00,0.00464204,08:10 - 16:10,57,0
2023-01-09 15:23:00,0.00464371,08:10 - 16:10,57,0
2023-01-09 15:24:00,0.00463404,08:10 - 16:10,57,0
2023-01-09 15:25:00,0.00463621,08:10 - 16:10,57,0
2023-01-09 15:26:00,0.00462304,08:10 - 16:10,57,0
2023-01-09 15:27:00,0.00461338,08:10 - 16:10,57,0
2023-01-09 15:28:00,0.00463021,08:10 - 16:10,57,0
2023-01-09 15:29:00,0.00462671,08:10 - 16:10,57,0
2023-01-09 15:30:00,0.00462588,08:10 - 16:10,57,0
2023-01-09 15:31:00,0.00464088,08:10 - 16:10,57,0
2023-01-09 15:32:00,0.00463938,08:10 - 16:10,57,0
2023-01-09 15:33:00,0.00463954,08:10 - 16:10,57,0
2023-01-09 15:34:00,0.00463938,08:10 - 16:10,57,0
2023-01-09 15:35:00,0.00464071,08:10 - 16:10,57,0
2023-01-09 15:36:00,0.00464421,08:10 - 16:10,57,0
2023-01-09 15:37:00,0.00466571,08:10 - 16:10,57,0
2023-01-09 15:38:00,0.00466954,08:10 - 16:10,57,0
2023-01-09 15:39:00,0.00468554,08:10 - 16:10,57,0
2023-01-09 15:40:00,0.00468554,08:10 - 16:10,57,0
2023-01-09 15:41:00,0.00469121,08:10 - 16:10,57,0
2023-01-09 15:42:00,0.00471621,08:10 - 16:10,57,0
2023-01-09 15:43:00,0.00471688,08:10 - 16:10,57,0
2023-01-09 15:44:00,0.00472021,08:10 - 16:10,57,0
2023-01-09 15:45:00,0.00472021,08:10 - 16:10,57,0
2023-01-09 15:46:00,0.00474138,08:10 - 16:10,57,0
2023-01-09 15:47:00,0.00474688,08:10 - 16:10,57,0
2023-01-09 15:48:00,0.00475221,08:10 - 16:10,57,0
2023-01-09 15:49:00,0.00478138,08:10 - 16:10,57,0
2023-01-09 15:50:00,0.00479371,08:10 - 16:10,57,0
2023-01-09 15:51:00,0.00479371,08:10 - 16:10,57,0
2023-01-09 15:52:00,0.00479504,08:10 - 16:10,57,0
2023-01-09 15:53:00,0.00480221,08:10 - 16:10,57,0
2023-01-09 15:54:00,0.00478938,08:10 - 16:10,57,0
2023-01-09 15:55:00,0.00479138,08:10 - 16:10,57,0
2023-01-09 15:56:00,0.00478638,08:10 - 16:10,57,0
2023-01-09 15:57:00,0.00478638,08:10 - 16:10,57,0
2023-01-09 15:58:00,0.00475954,08:10 - 16:10,57,0
2023-01-09 15:59:00,0.00503304,08:10 - 16:10,57,0
2023-01-09 16:00:00,0.00828686,08:10 - 16:10,57,0
2023-01-09 16:01:00,0.0028902,08:10 - 16:10,57,0
2023-01-09 16:02:00,0.00396953,08:10 - 16:10,57,0
2023-01-09 16:03:00,0.0045862,08:10 - 16:10,57,0
2023-01-09 16:04:00,0.00577886,08:10 - 16:10,57,0
2023-01-09 16:05:00,0.0063837,08:10 - 16:10,57,0
2023-01-09 16:06:00,0.0067872,08:10 - 16:10,57,0
2023-01-09 16:07:00,0.00676453,08:10 - 16:10,57,0
2023-01-09 16:08:00,0.00666453,08:10 - 16:10,57,0
2023-01-09 16:09:00,0.0063417,08:10 - 16:10,57,0
2023-01-09 16:10:00,0.00685736,16:10 - 00:10,58,0
2023-01-09 16:11:00,0.00666903,16:10 - 00:10,58,0
2023-01-09 16:12:00,0.00674536,16:10 - 00:10,58,0
2023-01-09 16:13:00,0.00672436,16:10 - 00:10,58,0
2023-01-09 16:14:00,0.0067077,16:10 - 00:10,58,0
2023-01-09 16:15:00,0.00678853,16:10 - 00:10,58,0
2023-01-09 16:16:00,0.00712553,16:10 - 00:10,58,0
2023-01-09 16:17:00,0.0071292,16:10 - 00:10,58,0
2023-01-09 16:18:00,0.00728536,16:10 - 00:10,58,0
2023-01-09 16:19:00,0.00745236,16:10 - 00:10,58,0
2023-01-09 16:20:00,0.0074282,16:10 - 00:10,58,0
2023-01-09 16:21:00,0.00743786,16:10 - 00:10,58,0
2023-01-09 16:22:00,0.0073457,16:10 - 00:10,58,0
2023-01-09 16:23:00,0.0072572,16:10 - 00:10,58,0
2023-01-09 16:24:00,0.00721086,16:10 - 00:10,58,0
2023-01-09 16:25:00,0.00722603,16:10 - 00:10,58,0
2023-01-09 16:26:00,0.00730086,16:10 - 00:10,58,0
2023-01-09 16:27:00,0.0072647,16:10 - 00:10,58,0
2023-01-09 16:28:00,0.00724753,16:10 - 00:10,58,0
2023-01-09 16:29:00,0.00730736,16:10 - 00:10,58,0
2023-01-09 16:30:00,0.00720236,16:10 - 00:10,58,0
2023-01-09 16:31:00,0.00713086,16:10 - 00:10,58,0
2023-01-09 16:32:00,0.00701553,16:10 - 00:10,58,0
2023-01-09 16:33:00,0.00690536,16:10 - 00:10,58,0
2023-01-09 16:34:00,0.0068087,16:10 - 00:10,58,0
2023-01-09 16:35:00,0.00678353,16:10 - 00:10,58,0
2023-01-09 16:36:00,0.00681686,16:10 - 00:10,58,0
2023-01-09 16:37:00,0.00679803,16:10 - 00:10,58,0
2023-01-09 16:38:00,0.00679153,16:10 - 00:10,58,0
2023-01-09 16:39:00,0.00671336,16:10 - 00:10,58,0
2023-01-09 16:40:00,0.00670586,16:10 - 00:10,58,0
2023-01-09 16:41:00,0.0067212,16:10 - 00:10,58,0
2023-01-09 16:42:00,0.00662003,16:10 - 00:10,58,0
2023-01-09 16:43:00,0.00663203,16:10 - 00:10,58,0
2023-01-09 16:44:00,0.00659236,16:10 - 00:10,58,0
2023-01-09 16:45:00,0.00653836,16:10 - 00:10,58,0
2023-01-09 16:46:00,0.0065357,16:10 - 00:10,58,0
2023-01-09 16:47:00,0.00648086,16:10 - 00:10,58,0
2023-01-09 16:48:00,0.00648086,16:10 - 00:10,58,0
2023-01-09 16:49:00,0.0064417,16:10 - 00:10,58,0
2023-01-09 16:50:00,0.0064552,16:10 - 00:10,58,0
2023-01-09 16:51:00,0.00648186,16:10 - 00:10,58,0
2023-01-09 16:52:00,0.00644186,16:10 - 00:10,58,0
2023-01-09 16:53:00,0.0064417,16:10 - 00:10,58,0
2023-01-09 16:54:00,0.00646536,16:10 - 00:10,58,0
2023-01-09 16:55:00,0.00646053,16:10 - 00:10,58,0
2023-01-09 16:56:00,0.00640453,16:10 - 00:10,58,0
2023-01-09 16:57:00,0.00638036,16:10 - 00:10,58,0
2023-01-09 16:58:00,0.0063507,16:10 - 00:10,58,0
2023-01-09 16:59:00,0.0063507,16:10 - 00:10,58,0
2023-01-09 17:00:00,0.00632536,16:10 - 00:10,58,0
2023-01-09 17:01:00,0.00625603,16:10 - 00:10,58,0
2023-01-09 17:02:00,0.00623336,16:10 - 00:10,58,0
2023-01-09 17:03:00,0.00618886,16:10 - 00:10,58,0
2023-01-09 17:04:00,0.00613103,16:10 - 00:10,58,0
2023-01-09 17:05:00,0.00603103,16:10 - 00:10,58,0
2023-01-09 17:06:00,0.0059417,16:10 - 00:10,58,0
2023-01-09 17:07:00,0.00588253,16:10 - 00:10,58,0
2023-01-09 17:08:00,0.00581186,16:10 - 00:10,58,0
2023-01-09 17:09:00,0.00575086,16:10 - 00:10,58,0
2023-01-09 17:10:00,0.00571753,16:10 - 00:10,58,0
2023-01-09 17:11:00,0.0056222,16:10 - 00:10,58,0
2023-01-09 17:12:00,0.00559686,16:10 - 00:10,58,0
2023-01-09 17:13:00,0.0055722,16:10 - 00:10,58,0
2023-01-09 17:14:00,0.00552053,16:10 - 00:10,58,0
2023-01-09 17:15:00,0.00550303,16:10 - 00:10,58,0
2023-01-09 17:16:00,0.0054697,16:10 - 00:10,58,0
2023-01-09 17:17:00,0.00543503,16:10 - 00:10,58,0
2023-01-09 17:18:00,0.00538303,16:10 - 00:10,58,0
2023-01-09 17:19:00,0.00531853,16:10 - 00:10,58,0
2023-01-09 17:20:00,0.0052447,16:10 - 00:10,58,0
2023-01-09 17:21:00,0.00517803,16:10 - 00:10,58,0
2023-01-09 17:22:00,0.00510936,16:10 - 00:10,58,0
2023-01-09 17:23:00,0.0050727,16:10 - 00:10,58,0
2023-01-09 17:24:00,0.0050367,16:10 - 00:10,58,0
2023-01-09 17:25:00,0.00499753,16:10 - 00:10,58,0
2023-01-09 17:26:00,0.00496436,16:10 - 00:10,58,0
2023-01-09 17:27:00,0.00497403,16:10 - 00:10,58,0
2023-01-09 17:28:00,0.0049502,16:10 - 00:10,58,0
2023-01-09 17:29:00,0.00497836,16:10 - 00:10,58,0
2023-01-09 17:30:00,0.0049782,16:10 - 00:10,58,0
2023-01-09 17:31:00,0.00497303,16:10 - 00:10,58,0
2023-01-09 17:32:00,0.00497303,16:10 - 00:10,58,0
2023-01-09 17:33:00,0.0050027,16:10 - 00:10,58,0
2023-01-09 17:34:00,0.00499603,16:10 - 00:10,58,0
2023-01-09 17:35:00,0.00502436,16:10 - 00:10,58,0
2023-01-09 17:36:00,0.00504986,16:10 - 00:10,58,0
2023-01-09 17:37:00,0.0051002,16:10 - 00:10,58,0
2023-01-09 17:38:00,0.0051207,16:10 - 00:10,58,0
2023-01-09 17:39:00,0.00510653,16:10 - 00:10,58,0
2023-01-09 17:40:00,0.00511553,16:10 - 00:10,58,0
2023-01-09 17:41:00,0.00510836,16:10 - 00:10,58,0
2023-01-09 17:42:00,0.00508153,16:10 - 00:10,58,0
2023-01-09 17:43:00,0.0050482,16:10 - 00:10,58,0
2023-01-09 17:44:00,0.0050332,16:10 - 00:10,58,0
2023-01-09 17:45:00,0.00501953,16:10 - 00:10,58,0
2023-01-09 17:46:00,0.00502453,16:10 - 00:10,58,0
2023-01-09 17:47:00,0.00501036,16:10 - 00:10,58,0
2023-01-09 17:48:00,0.00502886,16:10 - 00:10,58,0
2023-01-09 17:49:00,0.00502936,16:10 - 00:10,58,0
2023-01-09 17:50:00,0.00502986,16:10 - 00:10,58,0
2023-01-09 17:51:00,0.00501786,16:10 - 00:10,58,0
2023-01-09 17:52:00,0.0050312,16:10 - 00:10,58,0
2023-01-09 17:53:00,0.00502703,16:10 - 00:10,58,0
2023-01-09 17:54:00,0.00502703,16:10 - 00:10,58,0
2023-01-09 17:55:00,0.00501953,16:10 - 00:10,58,0
2023-01-09 17:56:00,0.0050192,16:10 - 00:10,58,0
2023-01-09 17:57:00,0.00500286,16:10 - 00:10,58,0
2023-01-09 17:58:00,0.00498786,16:10 - 00:10,58,0
2023-01-09 17:59:00,0.0049942,16:10 - 00:10,58,0
2023-01-09 18:00:00,0.0049942,16:10 - 00:10,58,0
2023-01-09 18:01:00,0.0050287,16:10 - 00:10,58,0
2023-01-09 18:02:00,0.00502486,16:10 - 00:10,58,0
2023-01-09 18:03:00,0.00503503,16:10 - 00:10,58,0
2023-01-09 18:04:00,0.0050282,16:10 - 00:10,58,0
2023-01-09 18:05:00,0.00505536,16:10 - 00:10,58,0
2023-01-09 18:06:00,0.00503753,16:10 - 00:10,58,0
2023-01-09 18:07:00,0.00504986,16:10 - 00:10,58,0
2023-01-09 18:08:00,0.00504986,16:10 - 00:10,58,0
2023-01-09 18:09:00,0.00507003,16:10 - 00:10,58,0
2023-01-09 18:10:00,0.00507103,16:10 - 00:10,58,0
2023-01-09 18:11:00,0.0050737,16:10 - 00:10,58,0
2023-01-09 18:12:00,0.0050737,16:10 - 00:10,58,0
2023-01-09 18:13:00,0.0050582,16:10 - 00:10,58,0
2023-01-09 18:14:00,0.0050662,16:10 - 00:10,58,0
2023-01-09 18:15:00,0.0050852,16:10 - 00:10,58,0
2023-01-09 18:16:00,0.0050867,16:10 - 00:10,58,0
2023-01-09 18:17:00,0.0050752,16:10 - 00:10,58,0
2023-01-09 18:18:00,0.00509953,16:10 - 00:10,58,0
2023-01-09 18:19:00,0.00510286,16:10 - 00:10,58,0
2023-01-09 18:20:00,0.0051097,16:10 - 00:10,58,0
2023-01-09 18:21:00,0.00511753,16:10 - 00:10,58,0
2023-01-09 18:22:00,0.00510786,16:10 - 00:10,58,0
2023-01-09 18:23:00,0.0051112,16:10 - 00:10,58,0
2023-01-09 18:24:00,0.00513236,16:10 - 00:10,58,0
2023-01-09 18:25:00,0.00512103,16:10 - 00:10,58,0
2023-01-09 18:26:00,0.00512136,16:10 - 00:10,58,0
2023-01-09 18:27:00,0.0051457,16:10 - 00:10,58,0
2023-01-09 18:28:00,0.0051507,16:10 - 00:10,58,0
2023-01-09 18:29:00,0.0051507,16:10 - 00:10,58,0
2023-01-09 18:30:00,0.00515186,16:10 - 00:10,58,0
2023-01-09 18:31:00,0.00516053,16:10 - 00:10,58,0
2023-01-09 18:32:00,0.0051667,16:10 - 00:10,58,0
2023-01-09 18:33:00,0.00517003,16:10 - 00:10,58,0
2023-01-09 18:34:00,0.00517936,16:10 - 00:10,58,0
2023-01-09 18:35:00,0.0051982,16:10 - 00:10,58,0
2023-01-09 18:36:00,0.00518036,16:10 - 00:10,58,0
2023-01-09 18:37:00,0.00516386,16:10 - 00:10,58,0
2023-01-09 18:38:00,0.00513336,16:10 - 00:10,58,0
2023-01-09 18:39:00,0.00511786,16:10 - 00:10,58,0
2023-01-09 18:40:00,0.00508536,16:10 - 00:10,58,0
2023-01-09 18:41:00,0.00508503,16:10 - 00:10,58,0
2023-01-09 18:42:00,0.0050717,16:10 - 00:10,58,0
2023-01-09 18:43:00,0.0050707,16:10 - 00:10,58,0
2023-01-09 18:44:00,0.0050537,16:10 - 00:10,58,0
2023-01-09 18:45:00,0.00503703,16:10 - 00:10,58,0
2023-01-09 18:46:00,0.0050427,16:10 - 00:10,58,0
2023-01-09 18:47:00,0.00506203,16:10 - 00:10,58,0
2023-01-09 18:48:00,0.0050672,16:10 - 00:10,58,0
2023-01-09 18:49:00,0.00509836,16:10 - 00:10,58,0
2023-01-09 18:50:00,0.00512853,16:10 - 00:10,58,0
2023-01-09 18:51:00,0.0051422,16:10 - 00:10,58,0
2023-01-09 18:52:00,0.0051602,16:10 - 00:10,58,0
2023-01-09 18:53:00,0.0051772,16:10 - 00:10,58,0
2023-01-09 18:54:00,0.00519403,16:10 - 00:10,58,0
2023-01-09 18:55:00,0.0051952,16:10 - 00:10,58,0
2023-01-09 18:56:00,0.00520586,16:10 - 00:10,58,0
2023-01-09 18:57:00,0.0052227,16:10 - 00:10,58,0
2023-01-09 18:58:00,0.00526186,16:10 - 00:10,58,0
2023-01-09 18:59:00,0.00528253,16:10 - 00:10,58,0
2023-01-09 19:00:00,0.00530403,16:10 - 00:10,58,0
2023-01-09 19:01:00,0.00531703,16:10 - 00:10,58,0
2023-01-09 19:02:00,0.0053337,16:10 - 00:10,58,0
2023-01-09 19:03:00,0.0053312,16:10 - 00:10,58,0
2023-01-09 19:04:00,0.00534286,16:10 - 00:10,58,0
2023-01-09 19:05:00,0.0053717,16:10 - 00:10,58,0
2023-01-09 19:06:00,0.00533286,16:10 - 00:10,58,0
2023-01-09 19:07:00,0.0053532,16:10 - 00:10,58,0
2023-01-09 19:08:00,0.00533653,16:10 - 00:10,58,0
2023-01-09 19:09:00,0.00535553,16:10 - 00:10,58,0
2023-01-09 19:10:00,0.00534803,16:10 - 00:10,58,0
2023-01-09 19:11:00,0.0053522,16:10 - 00:10,58,0
2023-01-09 19:12:00,0.00537153,16:10 - 00:10,58,0
2023-01-09 19:13:00,0.0053742,16:10 - 00:10,58,0
2023-01-09 19:14:00,0.00537336,16:10 - 00:10,58,0
2023-01-09 19:15:00,0.0053887,16:10 - 00:10,58,0
2023-01-09 19:16:00,0.0053772,16:10 - 00:10,58,0
2023-01-09 19:17:00,0.00539836,16:10 - 00:10,58,0
2023-01-09 19:18:00,0.00540453,16:10 - 00:10,58,0
2023-01-09 19:19:00,0.0054232,16:10 - 00:10,58,0
2023-01-09 19:20:00,0.00542253,16:10 - 00:10,58,0
2023-01-09 19:21:00,0.00542503,16:10 - 00:10,58,0
2023-01-09 19:22:00,0.00542436,16:10 - 00:10,58,0
2023-01-09 19:23:00,0.00542503,16:10 - 00:10,58,0
2023-01-09 19:24:00,0.0054262,16:10 - 00:10,58,0
2023-01-09 19:25:00,0.00542586,16:10 - 00:10,58,0
2023-01-09 19:26:00,0.00544253,16:10 - 00:10,58,0
2023-01-09 19:27:00,0.00544036,16:10 - 00:10,58,0
2023-01-09 19:28:00,0.00543903,16:10 - 00:10,58,0
2023-01-09 19:29:00,0.00543686,16:10 - 00:10,58,0
2023-01-09 19:30:00,0.00545036,16:10 - 00:10,58,0
2023-01-09 19:31:00,0.00545036,16:10 - 00:10,58,0
2023-01-09 19:32:00,0.0054312,16:10 - 00:10,58,0
2023-01-09 19:33:00,0.00543403,16:10 - 00:10,58,0
2023-01-09 19:34:00,0.00541803,16:10 - 00:10,58,0
2023-01-09 19:35:00,0.0054242,16:10 - 00:10,58,0
2023-01-09 19:36:00,0.00542753,16:10 - 00:10,58,0
2023-01-09 19:37:00,0.0054277,16:10 - 00:10,58,0
2023-01-09 19:38:00,0.00542903,16:10 - 00:10,58,0
2023-01-09 19:39:00,0.00542903,16:10 - 00:10,58,0
2023-01-09 19:40:00,0.00544236,16:10 - 00:10,58,0
2023-01-09 19:41:00,0.0054382,16:10 - 00:10,58,0
2023-01-09 19:42:00,0.00543803,16:10 - 00:10,58,0
2023-01-09 19:43:00,0.0054342,16:10 - 00:10,58,0
2023-01-09 19:44:00,0.00542986,16:10 - 00:10,58,0
2023-01-09 19:45:00,0.00541486,16:10 - 00:10,58,0
2023-01-09 19:46:00,0.0054002,16:10 - 00:10,58,0
2023-01-09 19:47:00,0.00539986,16:10 - 00:10,58,0
2023-01-09 19:48:00,0.0053832,16:10 - 00:10,58,0
2023-01-09 19:49:00,0.00538286,16:10 - 00:10,58,0
2023-01-09 19:50:00,0.00538486,16:10 - 00:10,58,0
2023-01-09 19:51:00,0.00537153,16:10 - 00:10,58,0
2023-01-09 19:52:00,0.00536053,16:10 - 00:10,58,0
2023-01-09 19:53:00,0.00536603,16:10 - 00:10,58,0
2023-01-09 19:54:00,0.00534936,16:10 - 00:10,58,0
2023-01-09 19:55:00,0.00535686,16:10 - 00:10,58,0
2023-01-09 19:56:00,0.0053637,16:10 - 00:10,58,0
2023-01-09 19:57:00,0.00536553,16:10 - 00:10,58,0
2023-01-09 19:58:00,0.00536253,16:10 - 00:10,58,0
2023-01-09 19:59:00,0.00534586,16:10 - 00:10,58,0
2023-01-09 20:00:00,0.00533953,16:10 - 00:10,58,0
2023-01-09 20:01:00,0.00533803,16:10 - 00:10,58,0
2023-01-09 20:02:00,0.00534086,16:10 - 00:10,58,0
2023-01-09 20:03:00,0.0053387,16:10 - 00:10,58,0
2023-01-09 20:04:00,0.00533853,16:10 - 00:10,58,0
2023-01-09 20:05:00,0.00533853,16:10 - 00:10,58,0
2023-01-09 20:06:00,0.0053377,16:10 - 00:10,58,0
2023-01-09 20:07:00,0.00535286,16:10 - 00:10,58,0
2023-01-09 20:08:00,0.00534703,16:10 - 00:10,58,0
2023-01-09 20:09:00,0.00535986,16:10 - 00:10,58,0
2023-01-09 20:10:00,0.0053617,16:10 - 00:10,58,0
2023-01-09 20:11:00,0.00537836,16:10 - 00:10,58,0
2023-01-09 20:12:00,0.00539253,16:10 - 00:10,58,0
2023-01-09 20:13:00,0.0054072,16:10 - 00:10,58,0
2023-01-09 20:14:00,0.00541836,16:10 - 00:10,58,0
2023-01-09 20:15:00,0.0054187,16:10 - 00:10,58,0
2023-01-09 20:16:00,0.00543536,16:10 - 00:10,58,0
2023-01-09 20:17:00,0.00545036,16:10 - 00:10,58,0
2023-01-09 20:18:00,0.00546753,16:10 - 00:10,58,0
2023-01-09 20:19:00,0.00548236,16:10 - 00:10,58,0
2023-01-09 20:20:00,0.00547836,16:10 - 00:10,58,0
2023-01-09 20:21:00,0.00548403,16:10 - 00:10,58,0
2023-01-09 20:22:00,0.00548403,16:10 - 00:10,58,0
2023-01-09 20:23:00,0.0055057,16:10 - 00:10,58,0
2023-01-09 20:24:00,0.0055057,16:10 - 00:10,58,0
2023-01-09 20:25:00,0.0055347,16:10 - 00:10,58,0
2023-01-09 20:26:00,0.0055687,16:10 - 00:10,58,0
2023-01-09 20:27:00,0.00559086,16:10 - 00:10,58,0
2023-01-09 20:28:00,0.0055907,16:10 - 00:10,58,0
2023-01-09 20:29:00,0.00559553,16:10 - 00:10,58,0
2023-01-09 20:30:00,0.00561153,16:10 - 00:10,58,0
2023-01-09 20:31:00,0.0056207,16:10 - 00:10,58,0
2023-01-09 20:32:00,0.00559186,16:10 - 00:10,58,0
2023-01-09 20:33:00,0.00559153,16:10 - 00:10,58,0
2023-01-09 20:34:00,0.00557486,16:10 - 00:10,58,0
2023-01-09 20:35:00,0.00558286,16:10 - 00:10,58,0
2023-01-09 20:36:00,0.00559953,16:10 - 00:10,58,0
2023-01-09 20:37:00,0.0056062,16:10 - 00:10,58,0
2023-01-09 20:38:00,0.00560953,16:10 - 00:10,58,0
2023-01-09 20:39:00,0.0056262,16:10 - 00:10,58,0
2023-01-09 20:40:00,0.00562753,16:10 - 00:10,58,0
2023-01-09 20:41:00,0.00562503,16:10 - 00:10,58,0
2023-01-09 20:42:00,0.00563236,16:10 - 00:10,58,0
2023-01-09 20:43:00,0.0056517,16:10 - 00:10,58,0
2023-01-09 20:44:00,0.00566053,16:10 - 00:10,58,0
2023-01-09 20:45:00,0.00566053,16:10 - 00:10,58,0
2023-01-09 20:46:00,0.00568153,16:10 - 00:10,58,0
2023-01-09 20:47:00,0.0056977,16:10 - 00:10,58,0
2023-01-09 20:48:00,0.0057097,16:10 - 00:10,58,0
2023-01-09 20:49:00,0.00570703,16:10 - 00:10,58,0
2023-01-09 20:50:00,0.0057237,16:10 - 00:10,58,0
2023-01-09 20:51:00,0.0057227,16:10 - 00:10,58,0
2023-01-09 20:52:00,0.00572086,16:10 - 00:10,58,0
2023-01-09 20:53:00,0.0057347,16:10 - 00:10,58,0
2023-01-09 20:54:00,0.0057397,16:10 - 00:10,58,0
2023-01-09 20:55:00,0.0057732,16:10 - 00:10,58,0
2023-01-09 20:56:00,0.0057732,16:10 - 00:10,58,0
2023-01-09 20:57:00,0.00579486,16:10 - 00:10,58,0
2023-01-09 20:58:00,0.00580703,16:10 - 00:10,58,0
2023-01-09 20:59:00,0.00583153,16:10 - 00:10,58,0
2023-01-09 21:00:00,0.00584236,16:10 - 00:10,58,0
2023-01-09 21:01:00,0.0058657,16:10 - 00:10,58,0
2023-01-09 21:02:00,0.00588236,16:10 - 00:10,58,0
2023-01-09 21:03:00,0.00588553,16:10 - 00:10,58,0
2023-01-09 21:04:00,0.0059137,16:10 - 00:10,58,0
2023-01-09 21:05:00,0.00593036,16:10 - 00:10,58,0
2023-01-09 21:06:00,0.00595553,16:10 - 00:10,58,0
2023-01-09 21:07:00,0.00597986,16:10 - 00:10,58,0
2023-01-09 21:08:00,0.00597986,16:10 - 00:10,58,0
2023-01-09 21:09:00,0.0060027,16:10 - 00:10,58,0
2023-01-09 21:10:00,0.00601886,16:10 - 00:10,58,0
2023-01-09 21:11:00,0.00603853,16:10 - 00:10,58,0
2023-01-09 21:12:00,0.00606503,16:10 - 00:10,58,0
2023-01-09 21:13:00,0.0060802,16:10 - 00:10,58,0
2023-01-09 21:14:00,0.00610336,16:10 - 00:10,58,0
2023-01-09 21:15:00,0.0061247,16:10 - 00:10,58,0
2023-01-09 21:16:00,0.00613453,16:10 - 00:10,58,0
2023-01-09 21:17:00,0.00616686,16:10 - 00:10,58,0
2023-01-09 21:18:00,0.0061727,16:10 - 00:10,58,0
2023-01-09 21:19:00,0.0061892,16:10 - 00:10,58,0
2023-01-09 21:20:00,0.00619586,16:10 - 00:10,58,0
2023-01-09 21:21:00,0.00621503,16:10 - 00:10,58,0
2023-01-09 21:22:00,0.0062362,16:10 - 00:10,58,0
2023-01-09 21:23:00,0.00625653,16:10 - 00:10,58,0
2023-01-09 21:24:00,0.0062802,16:10 - 00:10,58,0
2023-01-09 21:25:00,0.00627686,16:10 - 00:10,58,0
2023-01-09 21:26:00,0.0063012,16:10 - 00:10,58,0
2023-01-09 21:27:00,0.00632003,16:10 - 00:10,58,0
2023-01-09 21:28:00,0.0063357,16:10 - 00:10,58,0
2023-01-09 21:29:00,0.00635353,16:10 - 00:10,58,0
2023-01-09 21:30:00,0.00635353,16:10 - 00:10,58,0
2023-01-09 21:31:00,0.00637003,16:10 - 00:10,58,0
2023-01-09 21:32:00,0.00637586,16:10 - 00:10,58,0
2023-01-09 21:33:00,0.00640153,16:10 - 00:10,58,0
2023-01-09 21:34:00,0.0064077,16:10 - 00:10,58,0
2023-01-09 21:35:00,0.0064167,16:10 - 00:10,58,0
2023-01-09 21:36:00,0.00643336,16:10 - 00:10,58,0
2023-01-09 21:37:00,0.00643386,16:10 - 00:10,58,0
2023-01-09 21:38:00,0.00643786,16:10 - 00:10,58,0
2023-01-09 21:39:00,0.00642486,16:10 - 00:10,58,0
2023-01-09 21:40:00,0.00642303,16:10 - 00:10,58,0
2023-01-09 21:41:00,0.00643553,16:10 - 00:10,58,0
2023-01-09 21:42:00,0.00643553,16:10 - 00:10,58,0
2023-01-09 21:43:00,0.0064502,16:10 - 00:10,58,0
2023-01-09 21:44:00,0.00645003,16:10 - 00:10,58,0
2023-01-09 21:45:00,0.00646886,16:10 - 00:10,58,0
2023-01-09 21:46:00,0.00646453,16:10 - 00:10,58,0
2023-01-09 21:47:00,0.00648103,16:10 - 00:10,58,0
2023-01-09 21:48:00,0.00647686,16:10 - 00:10,58,0
2023-01-09 21:49:00,0.0064712,16:10 - 00:10,58,0
2023-01-09 21:50:00,0.0064787,16:10 - 00:10,58,0
2023-01-09 21:51:00,0.00647836,16:10 - 00:10,58,0
2023-01-09 21:52:00,0.00649253,16:10 - 00:10,58,0
2023-01-09 21:53:00,0.00649253,16:10 - 00:10,58,0
2023-01-09 21:54:00,0.0064892,16:10 - 00:10,58,0
2023-01-09 21:55:00,0.00650453,16:10 - 00:10,58,0
2023-01-09 21:56:00,0.00650953,16:10 - 00:10,58,0
2023-01-09 21:57:00,0.0065142,16:10 - 00:10,58,0
2023-01-09 21:58:00,0.00653453,16:10 - 00:10,58,0
2023-01-09 21:59:00,0.00653453,16:10 - 00:10,58,0
2023-01-09 22:00:00,0.00655136,16:10 - 00:10,58,0
2023-01-09 22:01:00,0.00656236,16:10 - 00:10,58,0
2023-01-09 22:02:00,0.0065632,16:10 - 00:10,58,0
2023-01-09 22:03:00,0.0065822,16:10 - 00:10,58,0
2023-01-09 22:04:00,0.00658203,16:10 - 00:10,58,0
2023-01-09 22:05:00,0.0065892,16:10 - 00:10,58,0
2023-01-09 22:06:00,0.0066132,16:10 - 00:10,58,0
2023-01-09 22:07:00,0.0066277,16:10 - 00:10,58,0
2023-01-09 22:08:00,0.00665853,16:10 - 00:10,58,0
2023-01-09 22:09:00,0.00667086,16:10 - 00:10,58,0
2023-01-09 22:10:00,0.00668753,16:10 - 00:10,58,0
2023-01-09 22:11:00,0.0066902,16:10 - 00:10,58,0
2023-01-09 22:12:00,0.0066817,16:10 - 00:10,58,0
2023-01-09 22:13:00,0.0066917,16:10 - 00:10,58,0
2023-01-09 22:14:00,0.00670153,16:10 - 00:10,58,0
2023-01-09 22:15:00,0.0067182,16:10 - 00:10,58,0
2023-01-09 22:16:00,0.00673186,16:10 - 00:10,58,0
2023-01-09 22:17:00,0.0067567,16:10 - 00:10,58,0
2023-01-09 22:18:00,0.00678436,16:10 - 00:10,58,0
2023-01-09 22:19:00,0.00678903,16:10 - 00:10,58,0
2023-01-09 22:20:00,0.00681203,16:10 - 00:10,58,0
2023-01-09 22:21:00,0.00681203,16:10 - 00:10,58,0
2023-01-09 22:22:00,0.0068272,16:10 - 00:10,58,0
2023-01-09 22:23:00,0.0068412,16:10 - 00:10,58,0
2023-01-09 22:24:00,0.00685453,16:10 - 00:10,58,0
2023-01-09 22:25:00,0.00687953,16:10 - 00:10,58,0
2023-01-09 22:26:00,0.00691053,16:10 - 00:10,58,0
2023-01-09 22:27:00,0.00694386,16:10 - 00:10,58,0
2023-01-09 22:28:00,0.00696803,16:10 - 00:10,58,0
2023-01-09 22:29:00,0.00699136,16:10 - 00:10,58,0
2023-01-09 22:30:00,0.00703186,16:10 - 00:10,58,0
2023-01-09 22:31:00,0.00704853,16:10 - 00:10,58,0
2023-01-09 22:32:00,0.00707286,16:10 - 00:10,58,0
2023-01-09 22:33:00,0.00708936,16:10 - 00:10,58,0
2023-01-09 22:34:00,0.00710053,16:10 - 00:10,58,0
2023-01-09 22:35:00,0.00712703,16:10 - 00:10,58,0
2023-01-09 22:36:00,0.00715586,16:10 - 00:10,58,0
2023-01-09 22:37:00,0.0071872,16:10 - 00:10,58,0
2023-01-09 22:38:00,0.00720386,16:10 - 00:10,58,0
2023-01-09 22:39:00,0.00721086,16:10 - 00:10,58,0
2023-01-09 22:40:00,0.00722386,16:10 - 00:10,58,0
2023-01-09 22:41:00,0.0072327,16:10 - 00:10,58,0
2023-01-09 22:42:00,0.00725936,16:10 - 00:10,58,0
2023-01-09 22:43:00,0.00727586,16:10 - 00:10,58,0
2023-01-09 22:44:00,0.00728586,16:10 - 00:10,58,0
2023-01-09 22:45:00,0.0073167,16:10 - 00:10,58,0
2023-01-09 22:46:00,0.0073382,16:10 - 00:10,58,0
2023-01-09 22:47:00,0.0073742,16:10 - 00:10,58,0
2023-01-09 22:48:00,0.00739803,16:10 - 00:10,58,0
2023-01-09 22:49:00,0.0074147,16:10 - 00:10,58,0
2023-01-09 22:50:00,0.00743186,16:10 - 00:10,58,0
2023-01-09 22:51:00,0.0074632,16:10 - 00:10,58,0
2023-01-09 22:52:00,0.0074907,16:10 - 00:10,58,0
2023-01-09 22:53:00,0.00751536,16:10 - 00:10,58,0
2023-01-09 22:54:00,0.00752036,16:10 - 00:10,58,0
2023-01-09 22:55:00,0.00753603,16:10 - 00:10,58,0
2023-01-09 22:56:00,0.00754203,16:10 - 00:10,58,0
2023-01-09 22:57:00,0.00756803,16:10 - 00:10,58,0
2023-01-09 22:58:00,0.00756403,16:10 - 00:10,58,0
2023-01-09 22:59:00,0.00757786,16:10 - 00:10,58,0
2023-01-09 23:00:00,0.0075612,16:10 - 00:10,58,0
2023-01-09 23:01:00,0.00757753,16:10 - 00:10,58,0
2023-01-09 23:02:00,0.00759353,16:10 - 00:10,58,0
2023-01-09 23:03:00,0.0076242,16:10 - 00:10,58,0
2023-01-09 23:04:00,0.00763636,16:10 - 00:10,58,0
2023-01-09 23:05:00,0.0076477,16:10 - 00:10,58,0
2023-01-09 23:06:00,0.00764753,16:10 - 00:10,58,0
2023-01-09 23:07:00,0.0076507,16:10 - 00:10,58,0
2023-01-09 23:08:00,0.0076542,16:10 - 00:10,58,0
2023-01-09 23:09:00,0.0076507,16:10 - 00:10,58,0
2023-01-09 23:10:00,0.00762103,16:10 - 00:10,58,0
2023-01-09 23:11:00,0.0076197,16:10 - 00:10,58,0
2023-01-09 23:12:00,0.0076197,16:10 - 00:10,58,0
2023-01-09 23:13:00,0.00762703,16:10 - 00:10,58,0
2023-01-09 23:14:00,0.00762986,16:10 - 00:10,58,0
2023-01-09 23:15:00,0.0076297,16:10 - 00:10,58,0
2023-01-09 23:16:00,0.00763936,16:10 - 00:10,58,0
2023-01-09 23:17:00,0.00763686,16:10 - 00:10,58,0
2023-01-09 23:18:00,0.00763636,16:10 - 00:10,58,0
2023-01-09 23:19:00,0.0076407,16:10 - 00:10,58,0
2023-01-09 23:20:00,0.00763953,16:10 - 00:10,58,0
2023-01-09 23:21:00,0.0076432,16:10 - 00:10,58,0
2023-01-09 23:22:00,0.0076397,16:10 - 00:10,58,0
2023-01-09 23:23:00,0.00763903,16:10 - 00:10,58,0
2023-01-09 23:24:00,0.0076577,16:10 - 00:10,58,0
2023-01-09 23:25:00,0.0076612,16:10 - 00:10,58,0
2023-01-09 23:26:00,0.00766236,16:10 - 00:10,58,0
2023-01-09 23:27:00,0.00766886,16:10 - 00:10,58,0
2023-01-09 23:28:00,0.00767303,16:10 - 00:10,58,0
2023-01-09 23:29:00,0.00767303,16:10 - 00:10,58,0
2023-01-09 23:30:00,0.00766753,16:10 - 00:10,58,0
2023-01-09 23:31:00,0.00768303,16:10 - 00:10,58,0
2023-01-09 23:32:00,0.00766853,16:10 - 00:10,58,0
2023-01-09 23:33:00,0.00767103,16:10 - 00:10,58,0
2023-01-09 23:34:00,0.00769553,16:10 - 00:10,58,0
2023-01-09 23:35:00,0.00767886,16:10 - 00:10,58,0
2023-01-09 23:36:00,0.0076877,16:10 - 00:10,58,0
2023-01-09 23:37:00,0.00768753,16:10 - 00:10,58,0
2023-01-09 23:38:00,0.0076892,16:10 - 00:10,58,0
2023-01-09 23:39:00,0.00769186,16:10 - 00:10,58,0
2023-01-09 23:40:00,0.00769186,16:10 - 00:10,58,0
2023-01-09 23:41:00,0.0076917,16:10 - 00:10,58,0
2023-01-09 23:42:00,0.00768903,16:10 - 00:10,58,0
2023-01-09 23:43:00,0.0076727,16:10 - 00:10,58,0
2023-01-09 23:44:00,0.00767736,16:10 - 00:10,58,0
2023-01-09 23:45:00,0.00769386,16:10 - 00:10,58,0
2023-01-09 23:46:00,0.00769386,16:10 - 00:10,58,0
2023-01-09 23:47:00,0.00769886,16:10 - 00:10,58,0
2023-01-09 23:48:00,0.00770303,16:10 - 00:10,58,0
2023-01-09 23:49:00,0.00772636,16:10 - 00:10,58,0
2023-01-09 23:50:00,0.0077332,16:10 - 00:10,58,0
2023-01-09 23:51:00,0.00773503,16:10 - 00:10,58,0
2023-01-09 23:52:00,0.00773503,16:10 - 00:10,58,0
2023-01-09 23:53:00,0.00773886,16:10 - 00:10,58,0
2023-01-09 23:54:00,0.00773986,16:10 - 00:10,58,0
2023-01-09 23:55:00,0.0077422,16:10 - 00:10,58,0
2023-01-09 23:56:00,0.00775736,16:10 - 00:10,58,0
2023-01-09 23:57:00,0.0077572,16:10 - 00:10,58,0
2023-01-09 23:58:00,0.00775986,16:10 - 00:10,58,0
2023-01-09 23:59:00,0.00777253,16:10 - 00:10,58,0
2023-01-10 00:00:00,0.00849936,16:10 - 00:10,58,0
2023-01-10 00:01:00,0.00374053,16:10 - 00:10,58,0
2023-01-10 00:02:00,0.00374503,16:10 - 00:10,58,0
2023-01-10 00:03:00,0.00374403,16:10 - 00:10,58,0
2023-01-10 00:04:00,0.0037412,16:10 - 00:10,58,0
2023-01-10 00:05:00,0.00374253,16:10 - 00:10,58,0
2023-01-10 00:06:00,0.00357486,16:10 - 00:10,58,0
2023-01-10 00:07:00,0.00373786,16:10 - 00:10,58,0
2023-01-10 00:08:00,0.0037372,16:10 - 00:10,58,0
2023-01-10 00:09:00,0.00373736,16:10 - 00:10,58,0
2023-01-10 00:10:00,0.00373786,00:10 - 08:10,59,0
2023-01-10 00:11:00,0.00373936,00:10 - 08:10,59,0
2023-01-10 00:12:00,0.00373953,00:10 - 08:10,59,0
2023-01-10 00:13:00,0.00373886,00:10 - 08:10,59,0
2023-01-10 00:14:00,0.00373853,00:10 - 08:10,59,0
2023-01-10 00:15:00,0.0037372,00:10 - 08:10,59,0
2023-01-10 00:16:00,0.00373786,00:10 - 08:10,59,0
2023-01-10 00:17:00,0.00374086,00:10 - 08:10,59,0
2023-01-10 00:18:00,0.00374353,00:10 - 08:10,59,0
2023-01-10 00:19:00,0.0037462,00:10 - 08:10,59,0
2023-01-10 00:20:00,0.00374603,00:10 - 08:10,59,0
2023-01-10 00:21:00,0.0037502,00:10 - 08:10,59,0
2023-01-10 00:22:00,0.00375453,00:10 - 08:10,59,0
2023-01-10 00:23:00,0.0037567,00:10 - 08:10,59,0
2023-01-10 00:24:00,0.00376353,00:10 - 08:10,59,0
2023-01-10 00:25:00,0.0037677,00:10 - 08:10,59,0
2023-01-10 00:26:00,0.00376753,00:10 - 08:10,59,0
2023-01-10 00:27:00,0.0037712,00:10 - 08:10,59,0
2023-01-10 00:28:00,0.00377103,00:10 - 08:10,59,0
2023-01-10 00:29:00,0.0037787,00:10 - 08:10,59,0
2023-01-10 00:30:00,0.00378353,00:10 - 08:10,59,0
2023-01-10 00:31:00,0.0037902,00:10 - 08:10,59,0
2023-01-10 00:32:00,0.0037902,00:10 - 08:10,59,0
2023-01-10 00:33:00,0.00379336,00:10 - 08:10,59,0
2023-01-10 00:34:00,0.0037942,00:10 - 08:10,59,0
2023-01-10 00:35:00,0.00379303,00:10 - 08:10,59,0
2023-01-10 00:36:00,0.00379703,00:10 - 08:10,59,0
2023-01-10 00:37:00,0.0037962,00:10 - 08:10,59,0
2023-01-10 00:38:00,0.0038027,00:10 - 08:10,59,0
2023-01-10 00:39:00,0.00380903,00:10 - 08:10,59,0
2023-01-10 00:40:00,0.00381453,00:10 - 08:10,59,0
2023-01-10 00:41:00,0.00381703,00:10 - 08:10,59,0
2023-01-10 00:42:00,0.00381886,00:10 - 08:10,59,0
2023-01-10 00:43:00,0.00381886,00:10 - 08:10,59,0
2023-01-10 00:44:00,0.00381936,00:10 - 08:10,59,0
2023-01-10 00:45:00,0.00382103,00:10 - 08:10,59,0
2023-01-10 00:46:00,0.00382086,00:10 - 08:10,59,0
2023-01-10 00:47:00,0.00382286,00:10 - 08:10,59,0
2023-01-10 00:48:00,0.0038272,00:10 - 08:10,59,0
2023-01-10 00:49:00,0.00382736,00:10 - 08:10,59,0
2023-01-10 00:50:00,0.0038272,00:10 - 08:10,59,0
2023-01-10 00:51:00,0.00383136,00:10 - 08:10,59,0
2023-01-10 00:52:00,0.0038327,00:10 - 08:10,59,0
2023-01-10 00:53:00,0.00383353,00:10 - 08:10,59,0
2023-01-10 00:54:00,0.0038317,00:10 - 08:10,59,0
2023-01-10 00:55:00,0.0038317,00:10 - 08:10,59,0
2023-01-10 00:56:00,0.0038352,00:10 - 08:10,59,0
2023-01-10 00:57:00,0.0038382,00:10 - 08:10,59,0
2023-01-10 00:58:00,0.00384453,00:10 - 08:10,59,0
2023-01-10 00:59:00,0.00384953,00:10 - 08:10,59,0
2023-01-10 01:00:00,0.00384953,00:10 - 08:10,59,0
2023-01-10 01:01:00,0.00385486,00:10 - 08:10,59,0
2023-01-10 01:02:00,0.00385836,00:10 - 08:10,59,0
2023-01-10 01:03:00,0.00386053,00:10 - 08:10,59,0
2023-01-10 01:04:00,0.00386353,00:10 - 08:10,59,0
2023-01-10 01:05:00,0.0038732,00:10 - 08:10,59,0
2023-01-10 01:06:00,0.0038732,00:10 - 08:10,59,0
2023-01-10 01:07:00,0.00388103,00:10 - 08:10,59,0
2023-01-10 01:08:00,0.00389036,00:10 - 08:10,59,0
2023-01-10 01:09:00,0.00389453,00:10 - 08:10,59,0
2023-01-10 01:10:00,0.00389686,00:10 - 08:10,59,0
2023-01-10 01:11:00,0.0038992,00:10 - 08:10,59,0
2023-01-10 01:12:00,0.00386603,00:10 - 08:10,59,0
2023-01-10 01:13:00,0.0038182,00:10 - 08:10,59,0
2023-01-10 01:14:00,0.00376653,00:10 - 08:10,59,0
2023-01-10 01:15:00,0.00378703,00:10 - 08:10,59,0
2023-01-10 01:16:00,0.0037407,00:10 - 08:10,59,0
2023-01-10 01:17:00,0.0036907,00:10 - 08:10,59,0
2023-01-10 01:18:00,0.00364436,00:10 - 08:10,59,0
2023-01-10 01:19:00,0.0036367,00:10 - 08:10,59,0
2023-01-10 01:20:00,0.00364636,00:10 - 08:10,59,0
2023-01-10 01:21:00,0.00365086,00:10 - 08:10,59,0
2023-01-10 01:22:00,0.00359153,00:10 - 08:10,59,0
2023-01-10 01:23:00,0.00359153,00:10 - 08:10,59,0
2023-01-10 01:24:00,0.0035992,00:10 - 08:10,59,0
2023-01-10 01:25:00,0.00356936,00:10 - 08:10,59,0
2023-01-10 01:26:00,0.0035267,00:10 - 08:10,59,0
2023-01-10 01:27:00,0.0035007,00:10 - 08:10,59,0
2023-01-10 01:28:00,0.00350453,00:10 - 08:10,59,0
2023-01-10 01:29:00,0.0034872,00:10 - 08:10,59,0
2023-01-10 01:30:00,0.0035082,00:10 - 08:10,59,0
2023-01-10 01:31:00,0.00347786,00:10 - 08:10,59,0
2023-01-10 01:32:00,0.00347903,00:10 - 08:10,59,0
2023-01-10 01:33:00,0.0034152,00:10 - 08:10,59,0
2023-01-10 01:34:00,0.0033652,00:10 - 08:10,59,0
2023-01-10 01:35:00,0.0033322,00:10 - 08:10,59,0
2023-01-10 01:36:00,0.0033017,00:10 - 08:10,59,0
2023-01-10 01:37:00,0.00325603,00:10 - 08:10,59,0
2023-01-10 01:38:00,0.00324103,00:10 - 08:10,59,0
2023-01-10 01:39:00,0.00322303,00:10 - 08:10,59,0
2023-01-10 01:40:00,0.00320636,00:10 - 08:10,59,0
2023-01-10 01:41:00,0.00318953,00:10 - 08:10,59,0
2023-01-10 01:42:00,0.00315736,00:10 - 08:10,59,0
2023-01-10 01:43:00,0.0031272,00:10 - 08:10,59,0
2023-01-10 01:44:00,0.00311386,00:10 - 08:10,59,0
2023-01-10 01:45:00,0.0031012,00:10 - 08:10,59,0
2023-01-10 01:46:00,0.0031007,00:10 - 08:10,59,0
2023-01-10 01:47:00,0.00308836,00:10 - 08:10,59,0
2023-01-10 01:48:00,0.00305403,00:10 - 08:10,59,0
2023-01-10 01:49:00,0.0030202,00:10 - 08:10,59,0
2023-01-10 01:50:00,0.00300236,00:10 - 08:10,59,0
2023-01-10 01:51:00,0.00296903,00:10 - 08:10,59,0
2023-01-10 01:52:00,0.00295636,00:10 - 08:10,59,0
2023-01-10 01:53:00,0.00295903,00:10 - 08:10,59,0
2023-01-10 01:54:00,0.0029412,00:10 - 08:10,59,0
2023-01-10 01:55:00,0.00293786,00:10 - 08:10,59,0
2023-01-10 01:56:00,0.00291753,00:10 - 08:10,59,0
2023-01-10 01:57:00,0.0028842,00:10 - 08:10,59,0
2023-01-10 01:58:00,0.0028467,00:10 - 08:10,59,0
2023-01-10 01:59:00,0.0027942,00:10 - 08:10,59,0
2023-01-10 02:00:00,0.00274253,00:10 - 08:10,59,0
2023-01-10 02:01:00,0.0026927,00:10 - 08:10,59,0
2023-01-10 02:02:00,0.0026612,00:10 - 08:10,59,0
2023-01-10 02:03:00,0.00262786,00:10 - 08:10,59,0
2023-01-10 02:04:00,0.00259553,00:10 - 08:10,59,0
2023-01-10 02:05:00,0.00256653,00:10 - 08:10,59,0
2023-01-10 02:06:00,0.00253486,00:10 - 08:10,59,0
2023-01-10 02:07:00,0.00250236,00:10 - 08:10,59,0
2023-01-10 02:08:00,0.00246736,00:10 - 08:10,59,0
2023-01-10 02:09:00,0.0024157,00:10 - 08:10,59,0
2023-01-10 02:10:00,0.0024112,00:10 - 08:10,59,0
2023-01-10 02:11:00,0.00237936,00:10 - 08:10,59,0
2023-01-10 02:12:00,0.00235203,00:10 - 08:10,59,0
2023-01-10 02:13:00,0.00235103,00:10 - 08:10,59,0
2023-01-10 02:14:00,0.0023497,00:10 - 08:10,59,0
2023-01-10 02:15:00,0.0023312,00:10 - 08:10,59,0
2023-01-10 02:16:00,0.0023322,00:10 - 08:10,59,0
2023-01-10 02:17:00,0.00232553,00:10 - 08:10,59,0
2023-01-10 02:18:00,0.00230486,00:10 - 08:10,59,0
2023-01-10 02:19:00,0.00230153,00:10 - 08:10,59,0
2023-01-10 02:20:00,0.00229803,00:10 - 08:10,59,0
2023-01-10 02:21:00,0.00227636,00:10 - 08:10,59,0
2023-01-10 02:22:00,0.0022692,00:10 - 08:10,59,0
2023-01-10 02:23:00,0.00222553,00:10 - 08:10,59,0
2023-01-10 02:24:00,0.00221153,00:10 - 08:10,59,0
2023-01-10 02:25:00,0.00219303,00:10 - 08:10,59,0
2023-01-10 02:26:00,0.0021472,00:10 - 08:10,59,0
2023-01-10 02:27:00,0.0021237,00:10 - 08:10,59,0
2023-01-10 02:28:00,0.0021142,00:10 - 08:10,59,0
2023-01-10 02:29:00,0.00209203,00:10 - 08:10,59,0
2023-01-10 02:30:00,0.0020777,00:10 - 08:10,59,0
2023-01-10 02:31:00,0.00207586,00:10 - 08:10,59,0
2023-01-10 02:32:00,0.0020747,00:10 - 08:10,59,0
2023-01-10 02:33:00,0.00206986,00:10 - 08:10,59,0
2023-01-10 02:34:00,0.00206703,00:10 - 08:10,59,0
2023-01-10 02:35:00,0.00206386,00:10 - 08:10,59,0
2023-01-10 02:36:00,0.00206086,00:10 - 08:10,59,0
2023-01-10 02:37:00,0.0020607,00:10 - 08:10,59,0
2023-01-10 02:38:00,0.00207436,00:10 - 08:10,59,0
2023-01-10 02:39:00,0.00207586,00:10 - 08:10,59,0
2023-01-10 02:40:00,0.00207803,00:10 - 08:10,59,0
2023-01-10 02:41:00,0.0020722,00:10 - 08:10,59,0
2023-01-10 02:42:00,0.0020722,00:10 - 08:10,59,0
2023-01-10 02:43:00,0.0020937,00:10 - 08:10,59,0
2023-01-10 02:44:00,0.0021172,00:10 - 08:10,59,0
2023-01-10 02:45:00,0.00214186,00:10 - 08:10,59,0
2023-01-10 02:46:00,0.0021467,00:10 - 08:10,59,0
2023-01-10 02:47:00,0.0021512,00:10 - 08:10,59,0
2023-01-10 02:48:00,0.00216736,00:10 - 08:10,59,0
2023-01-10 02:49:00,0.00219403,00:10 - 08:10,59,0
2023-01-10 02:50:00,0.0022357,00:10 - 08:10,59,0
2023-01-10 02:51:00,0.00227636,00:10 - 08:10,59,0
2023-01-10 02:52:00,0.0022847,00:10 - 08:10,59,0
2023-01-10 02:53:00,0.00230836,00:10 - 08:10,59,0
2023-01-10 02:54:00,0.00232386,00:10 - 08:10,59,0
2023-01-10 02:55:00,0.0023452,00:10 - 08:10,59,0
2023-01-10 02:56:00,0.00236486,00:10 - 08:10,59,0
2023-01-10 02:57:00,0.00240353,00:10 - 08:10,59,0
2023-01-10 02:58:00,0.00243536,00:10 - 08:10,59,0
2023-01-10 02:59:00,0.0024687,00:10 - 08:10,59,0
2023-01-10 03:00:00,0.0024682,00:10 - 08:10,59,0
2023-01-10 03:01:00,0.00248803,00:10 - 08:10,59,0
2023-01-10 03:02:00,0.0025097,00:10 - 08:10,59,0
2023-01-10 03:03:00,0.00254436,00:10 - 08:10,59,0
2023-01-10 03:04:00,0.00256053,00:10 - 08:10,59,0
2023-01-10 03:05:00,0.0025772,00:10 - 08:10,59,0
2023-01-10 03:06:00,0.0025937,00:10 - 08:10,59,0
2023-01-10 03:07:00,0.0026107,00:10 - 08:10,59,0
2023-01-10 03:08:00,0.00262736,00:10 - 08:10,59,0
2023-01-10 03:09:00,0.00264403,00:10 - 08:10,59,0
2023-01-10 03:10:00,0.00267736,00:10 - 08:10,59,0
2023-01-10 03:11:00,0.00270503,00:10 - 08:10,59,0
2023-01-10 03:12:00,0.0027217,00:10 - 08:10,59,0
2023-01-10 03:13:00,0.00274003,00:10 - 08:10,59,0
2023-01-10 03:14:00,0.00276053,00:10 - 08:10,59,0
2023-01-10 03:15:00,0.00278453,00:10 - 08:10,59,0
2023-01-10 03:16:00,0.00282286,00:10 - 08:10,59,0
2023-01-10 03:17:00,0.00283953,00:10 - 08:10,59,0
2023-01-10 03:18:00,0.0028592,00:10 - 08:10,59,0
2023-01-10 03:19:00,0.0028822,00:10 - 08:10,59,0
2023-01-10 03:20:00,0.00289253,00:10 - 08:10,59,0
2023-01-10 03:21:00,0.00289836,00:10 - 08:10,59,0
2023-01-10 03:22:00,0.0028942,00:10 - 08:10,59,0
2023-01-10 03:23:00,0.0028942,00:10 - 08:10,59,0
2023-01-10 03:24:00,0.00289653,00:10 - 08:10,59,0
2023-01-10 03:25:00,0.00290003,00:10 - 08:10,59,0
2023-01-10 03:26:00,0.00291436,00:10 - 08:10,59,0
2023-01-10 03:27:00,0.00293236,00:10 - 08:10,59,0
2023-01-10 03:28:00,0.00293403,00:10 - 08:10,59,0
2023-01-10 03:29:00,0.00291736,00:10 - 08:10,59,0
2023-01-10 03:30:00,0.00293386,00:10 - 08:10,59,0
2023-01-10 03:31:00,0.00293686,00:10 - 08:10,59,0
2023-01-10 03:32:00,0.00297703,00:10 - 08:10,59,0
2023-01-10 03:33:00,0.0029877,00:10 - 08:10,59,0
2023-01-10 03:34:00,0.0029877,00:10 - 08:10,59,0
2023-01-10 03:35:00,0.0029892,00:10 - 08:10,59,0
2023-01-10 03:36:00,0.0029902,00:10 - 08:10,59,0
2023-01-10 03:37:00,0.00300686,00:10 - 08:10,59,0
2023-01-10 03:38:00,0.00300686,00:10 - 08:10,59,0
2023-01-10 03:39:00,0.00303153,00:10 - 08:10,59,0
2023-01-10 03:40:00,0.00305253,00:10 - 08:10,59,0
2023-01-10 03:41:00,0.00304903,00:10 - 08:10,59,0
2023-01-10 03:42:00,0.00306603,00:10 - 08:10,59,0
2023-01-10 03:43:00,0.00306603,00:10 - 08:10,59,0
2023-01-10 03:44:00,0.00306836,00:10 - 08:10,59,0
2023-01-10 03:45:00,0.0030687,00:10 - 08:10,59,0
2023-01-10 03:46:00,0.00307003,00:10 - 08:10,59,0
2023-01-10 03:47:00,0.0030752,00:10 - 08:10,59,0
2023-01-10 03:48:00,0.00308036,00:10 - 08:10,59,0
2023-01-10 03:49:00,0.00308036,00:10 - 08:10,59,0
2023-01-10 03:50:00,0.00308603,00:10 - 08:10,59,0
2023-01-10 03:51:00,0.00308086,00:10 - 08:10,59,0
2023-01-10 03:52:00,0.0030817,00:10 - 08:10,59,0
2023-01-10 03:53:00,0.00308236,00:10 - 08:10,59,0
2023-01-10 03:54:00,0.00308236,00:10 - 08:10,59,0
2023-01-10 03:55:00,0.00308236,00:10 - 08:10,59,0
2023-01-10 03:56:00,0.00308236,00:10 - 08:10,59,0
2023-01-10 03:57:00,0.0030837,00:10 - 08:10,59,0
2023-01-10 03:58:00,0.00308936,00:10 - 08:10,59,0
2023-01-10 03:59:00,0.00230603,00:10 - 08:10,59,0
2023-01-10 04:00:00,0.00230953,00:10 - 08:10,59,0
2023-01-10 04:01:00,0.00231103,00:10 - 08:10,59,0
2023-01-10 04:02:00,0.00233103,00:10 - 08:10,59,0
2023-01-10 04:03:00,0.00233253,00:10 - 08:10,59,0
2023-01-10 04:04:00,0.0023557,00:10 - 08:10,59,0
2023-01-10 04:05:00,0.0023557,00:10 - 08:10,59,0
2023-01-10 04:06:00,0.0023782,00:10 - 08:10,59,0
2023-01-10 04:07:00,0.00239753,00:10 - 08:10,59,0
2023-01-10 04:08:00,0.00241453,00:10 - 08:10,59,0
2023-01-10 04:09:00,0.00241486,00:10 - 08:10,59,0
2023-01-10 04:10:00,0.00243153,00:10 - 08:10,59,0
2023-01-10 04:11:00,0.00243253,00:10 - 08:10,59,0
2023-01-10 04:12:00,0.00245203,00:10 - 08:10,59,0
2023-01-10 04:13:00,0.00245603,00:10 - 08:10,59,0
2023-01-10 04:14:00,0.0024597,00:10 - 08:10,59,0
2023-01-10 04:15:00,0.00247636,00:10 - 08:10,59,0
2023-01-10 04:16:00,0.0025077,00:10 - 08:10,59,0
2023-01-10 04:17:00,0.0025247,00:10 - 08:10,59,0
2023-01-10 04:18:00,0.0025437,00:10 - 08:10,59,0
2023-01-10 04:19:00,0.00256036,00:10 - 08:10,59,0
2023-01-10 04:20:00,0.00258053,00:10 - 08:10,59,0
2023-01-10 04:21:00,0.0025972,00:10 - 08:10,59,0
2023-01-10 04:22:00,0.00261703,00:10 - 08:10,59,0
2023-01-10 04:23:00,0.00262103,00:10 - 08:10,59,0
2023-01-10 04:24:00,0.00261186,00:10 - 08:10,59,0
2023-01-10 04:25:00,0.00263486,00:10 - 08:10,59,0
2023-01-10 04:26:00,0.00263486,00:10 - 08:10,59,0
2023-01-10 04:27:00,0.00265853,00:10 - 08:10,59,0
2023-01-10 04:28:00,0.00265203,00:10 - 08:10,59,0
2023-01-10 04:29:00,0.0026807,00:10 - 08:10,59,0
2023-01-10 04:30:00,0.00268403,00:10 - 08:10,59,0
2023-01-10 04:31:00,0.0026887,00:10 - 08:10,59,0
2023-01-10 04:32:00,0.0026887,00:10 - 08:10,59,0
2023-01-10 04:33:00,0.00270786,00:10 - 08:10,59,0
2023-01-10 04:34:00,0.00270986,00:10 - 08:10,59,0
2023-01-10 04:35:00,0.00272503,00:10 - 08:10,59,0
2023-01-10 04:36:00,0.0027467,00:10 - 08:10,59,0
2023-01-10 04:37:00,0.00276336,00:10 - 08:10,59,0
2023-01-10 04:38:00,0.00276586,00:10 - 08:10,59,0
2023-01-10 04:39:00,0.0027672,00:10 - 08:10,59,0
2023-01-10 04:40:00,0.00277303,00:10 - 08:10,59,0
2023-01-10 04:41:00,0.00279186,00:10 - 08:10,59,0
2023-01-10 04:42:00,0.00280853,00:10 - 08:10,59,0
2023-01-10 04:43:00,0.00281036,00:10 - 08:10,59,0
2023-01-10 04:44:00,0.00281303,00:10 - 08:10,59,0
2023-01-10 04:45:00,0.00279803,00:10 - 08:10,59,0
2023-01-10 04:46:00,0.0027982,00:10 - 08:10,59,0
2023-01-10 04:47:00,0.00280553,00:10 - 08:10,59,0
2023-01-10 04:48:00,0.00280553,00:10 - 08:10,59,0
2023-01-10 04:49:00,0.00280686,00:10 - 08:10,59,0
2023-01-10 04:50:00,0.00281103,00:10 - 08:10,59,0
2023-01-10 04:51:00,0.00281103,00:10 - 08:10,59,0
2023-01-10 04:52:00,0.00282553,00:10 - 08:10,59,0
2023-01-10 04:53:00,0.00282553,00:10 - 08:10,59,0
2023-01-10 04:54:00,0.00283386,00:10 - 08:10,59,0
2023-01-10 04:55:00,0.00285986,00:10 - 08:10,59,0
2023-01-10 04:56:00,0.00287203,00:10 - 08:10,59,0
2023-01-10 04:57:00,0.00290203,00:10 - 08:10,59,0
2023-01-10 04:58:00,0.00290203,00:10 - 08:10,59,0
2023-01-10 04:59:00,0.00290203,00:10 - 08:10,59,0
2023-01-10 05:00:00,0.00293853,00:10 - 08:10,59,0
2023-01-10 05:01:00,0.00294786,00:10 - 08:10,59,0
2023-01-10 05:02:00,0.00297536,00:10 - 08:10,59,0
2023-01-10 05:03:00,0.00299203,00:10 - 08:10,59,0
2023-01-10 05:04:00,0.00300286,00:10 - 08:10,59,0
2023-01-10 05:05:00,0.00304836,00:10 - 08:10,59,0
2023-01-10 05:06:00,0.0030782,00:10 - 08:10,59,0
2023-01-10 05:07:00,0.00310503,00:10 - 08:10,59,0
2023-01-10 05:08:00,0.0031217,00:10 - 08:10,59,0
2023-01-10 05:09:00,0.00314686,00:10 - 08:10,59,0
2023-01-10 05:10:00,0.0031697,00:10 - 08:10,59,0
2023-01-10 05:11:00,0.00317603,00:10 - 08:10,59,0
2023-01-10 05:12:00,0.00319786,00:10 - 08:10,59,0
2023-01-10 05:13:00,0.0032192,00:10 - 08:10,59,0
2023-01-10 05:14:00,0.00323586,00:10 - 08:10,59,0
2023-01-10 05:15:00,0.0032397,00:10 - 08:10,59,0
2023-01-10 05:16:00,0.00326703,00:10 - 08:10,59,0
2023-01-10 05:17:00,0.0032977,00:10 - 08:10,59,0
2023-01-10 05:18:00,0.0032977,00:10 - 08:10,59,0
2023-01-10 05:19:00,0.00332553,00:10 - 08:10,59,0
2023-01-10 05:20:00,0.00334853,00:10 - 08:10,59,0
2023-01-10 05:21:00,0.00335286,00:10 - 08:10,59,0
2023-01-10 05:22:00,0.00337403,00:10 - 08:10,59,0
2023-01-10 05:23:00,0.0033932,00:10 - 08:10,59,0
2023-01-10 05:24:00,0.00340986,00:10 - 08:10,59,0
2023-01-10 05:25:00,0.00342986,00:10 - 08:10,59,0
2023-01-10 05:26:00,0.00344653,00:10 - 08:10,59,0
2023-01-10 05:27:00,0.00346953,00:10 - 08:10,59,0
2023-01-10 05:28:00,0.0035052,00:10 - 08:10,59,0
2023-01-10 05:29:00,0.00352186,00:10 - 08:10,59,0
2023-01-10 05:30:00,0.00352586,00:10 - 08:10,59,0
2023-01-10 05:31:00,0.0035662,00:10 - 08:10,59,0
2023-01-10 05:32:00,0.00357253,00:10 - 08:10,59,0
2023-01-10 05:33:00,0.0036162,00:10 - 08:10,59,0
2023-01-10 05:34:00,0.0036162,00:10 - 08:10,59,0
2023-01-10 05:35:00,0.0036427,00:10 - 08:10,59,0
2023-01-10 05:36:00,0.0036517,00:10 - 08:10,59,0
2023-01-10 05:37:00,0.00367686,00:10 - 08:10,59,0
2023-01-10 05:38:00,0.00367986,00:10 - 08:10,59,0
2023-01-10 05:39:00,0.00369653,00:10 - 08:10,59,0
2023-01-10 05:40:00,0.00369653,00:10 - 08:10,59,0
2023-01-10 05:41:00,0.0037262,00:10 - 08:10,59,0
2023-01-10 05:42:00,0.00374236,00:10 - 08:10,59,0
2023-01-10 05:43:00,0.00377303,00:10 - 08:10,59,0
2023-01-10 05:44:00,0.0037842,00:10 - 08:10,59,0
2023-01-10 05:45:00,0.0037842,00:10 - 08:10,59,0
2023-01-10 05:46:00,0.00379686,00:10 - 08:10,59,0
2023-01-10 05:47:00,0.00380786,00:10 - 08:10,59,0
2023-01-10 05:48:00,0.0038192,00:10 - 08:10,59,0
2023-01-10 05:49:00,0.0038297,00:10 - 08:10,59,0
2023-01-10 05:50:00,0.0038297,00:10 - 08:10,59,0
2023-01-10 05:51:00,0.00383836,00:10 - 08:10,59,0
2023-01-10 05:52:00,0.00385486,00:10 - 08:10,59,0
2023-01-10 05:53:00,0.00386603,00:10 - 08:10,59,0
2023-01-10 05:54:00,0.00387653,00:10 - 08:10,59,0
2023-01-10 05:55:00,0.00387653,00:10 - 08:10,59,0
2023-01-10 05:56:00,0.00388903,00:10 - 08:10,59,0
2023-01-10 05:57:00,0.00389703,00:10 - 08:10,59,0
2023-01-10 05:58:00,0.0039047,00:10 - 08:10,59,0
2023-01-10 05:59:00,0.00391436,00:10 - 08:10,59,0
2023-01-10 06:00:00,0.0039197,00:10 - 08:10,59,0
2023-01-10 06:01:00,0.0039197,00:10 - 08:10,59,0
2023-01-10 06:02:00,0.0039272,00:10 - 08:10,59,0
2023-01-10 06:03:00,0.0039362,00:10 - 08:10,59,0
2023-01-10 06:04:00,0.0039447,00:10 - 08:10,59,0
2023-01-10 06:05:00,0.0039542,00:10 - 08:10,59,0
2023-01-10 06:06:00,0.0039542,00:10 - 08:10,59,0
2023-01-10 06:07:00,0.00396686,00:10 - 08:10,59,0
2023-01-10 06:08:00,0.0039747,00:10 - 08:10,59,0
2023-01-10 06:09:00,0.00398253,00:10 - 08:10,59,0
2023-01-10 06:10:00,0.00398986,00:10 - 08:10,59,0
2023-01-10 06:11:00,0.00400103,00:10 - 08:10,59,0
2023-01-10 06:12:00,0.00400103,00:10 - 08:10,59,0
2023-01-10 06:13:00,0.00401403,00:10 - 08:10,59,0
2023-01-10 06:14:00,0.0040262,00:10 - 08:10,59,0
2023-01-10 06:15:00,0.00403886,00:10 - 08:10,59,0
2023-01-10 06:16:00,0.00404703,00:10 - 08:10,59,0
2023-01-10 06:17:00,0.00404703,00:10 - 08:10,59,0
2023-01-10 06:18:00,0.00405603,00:10 - 08:10,59,0
2023-01-10 06:19:00,0.00406353,00:10 - 08:10,59,0
2023-01-10 06:20:00,0.00407336,00:10 - 08:10,59,0
2023-01-10 06:21:00,0.00408636,00:10 - 08:10,59,0
2023-01-10 06:22:00,0.00409353,00:10 - 08:10,59,0
2023-01-10 06:23:00,0.00409353,00:10 - 08:10,59,0
2023-01-10 06:24:00,0.00409353,00:10 - 08:10,59,0
2023-01-10 06:25:00,0.00409353,00:10 - 08:10,59,0
2023-01-10 06:26:00,0.00409353,00:10 - 08:10,59,0
2023-01-10 06:27:00,0.00409353,00:10 - 08:10,59,0
2023-01-10 06:28:00,0.00409353,00:10 - 08:10,59,0
2023-01-10 06:29:00,0.00409353,00:10 - 08:10,59,0
2023-01-10 06:30:00,0.00409353,00:10 - 08:10,59,0
2023-01-10 06:31:00,0.00409353,00:10 - 08:10,59,0
2023-01-10 06:32:00,0.00409353,00:10 - 08:10,59,0
2023-01-10 06:33:00,0.00409353,00:10 - 08:10,59,0
2023-01-10 06:34:00,0.00409353,00:10 - 08:10,59,0
2023-01-10 06:35:00,0.00409353,00:10 - 08:10,59,0
2023-01-10 06:36:00,0.00409353,00:10 - 08:10,59,0
2023-01-10 06:37:00,0.00409353,00:10 - 08:10,59,0
2023-01-10 06:38:00,0.00409353,00:10 - 08:10,59,0
2023-01-10 06:39:00,0.00409353,00:10 - 08:10,59,0
2023-01-10 06:40:00,0.00409353,00:10 - 08:10,59,0
2023-01-10 06:41:00,0.00409353,00:10 - 08:10,59,0
2023-01-10 06:42:00,0.00409353,00:10 - 08:10,59,0
2023-01-10 06:43:00,0.00409353,00:10 - 08:10,59,0
2023-01-10 06:44:00,0.00409353,00:10 - 08:10,59,0
2023-01-10 06:45:00,0.00409353,00:10 - 08:10,59,0
2023-01-10 06:46:00,0.00409353,00:10 - 08:10,59,0
2023-01-10 06:47:00,0.00409353,00:10 - 08:10,59,0
2023-01-10 06:48:00,0.00409353,00:10 - 08:10,59,0
2023-01-10 06:49:00,0.00409353,00:10 - 08:10,59,0
2023-01-10 06:50:00,0.00409353,00:10 - 08:10,59,0
2023-01-10 06:51:00,0.00409353,00:10 - 08:10,59,0
2023-01-10 06:52:00,0.00409353,00:10 - 08:10,59,0
2023-01-10 06:53:00,0.00409353,00:10 - 08:10,59,0
2023-01-10 06:54:00,0.00409353,00:10 - 08:10,59,0
2023-01-10 06:55:00,0.00409353,00:10 - 08:10,59,0
2023-01-10 06:56:00,0.00409353,00:10 - 08:10,59,0
2023-01-10 06:57:00,0.00409353,00:10 - 08:10,59,0
2023-01-10 06:58:00,0.00409353,00:10 - 08:10,59,0
2023-01-10 06:59:00,0.00409353,00:10 - 08:10,59,0
2023-01-10 07:00:00,0.00409353,00:10 - 08:10,59,0
2023-01-10 07:01:00,0.00409353,00:10 - 08:10,59,0
2023-01-10 07:02:00,0.00409353,00:10 - 08:10,59,0
2023-01-10 07:03:00,0.00409353,00:10 - 08:10,59,0
2023-01-10 07:04:00,0.00409353,00:10 - 08:10,59,0
2023-01-10 07:05:00,0.00409353,00:10 - 08:10,59,0
2023-01-10 07:06:00,0.00409353,00:10 - 08:10,59,0
2023-01-10 07:07:00,0.00409353,00:10 - 08:10,59,0
2023-01-10 07:08:00,0.00409353,00:10 - 08:10,59,0
2023-01-10 07:09:00,0.00409353,00:10 - 08:10,59,0
2023-01-10 07:10:00,0.00409353,00:10 - 08:10,59,0
2023-01-10 07:11:00,0.00409353,00:10 - 08:10,59,0
2023-01-10 07:12:00,0.00409353,00:10 - 08:10,59,0
2023-01-10 07:13:00,0.00409353,00:10 - 08:10,59,0
2023-01-10 07:14:00,0.00409353,00:10 - 08:10,59,0
2023-01-10 07:15:00,0.00409353,00:10 - 08:10,59,0
2023-01-10 07:16:00,0.00409353,00:10 - 08:10,59,0
2023-01-10 07:17:00,0.00409353,00:10 - 08:10,59,0
2023-01-10 07:18:00,0.00409353,00:10 - 08:10,59,0
2023-01-10 07:19:00,0.00409353,00:10 - 08:10,59,0
2023-01-10 07:20:00,0.00409353,00:10 - 08:10,59,0
2023-01-10 07:21:00,0.00409353,00:10 - 08:10,59,0
2023-01-10 07:22:00,0.00409353,00:10 - 08:10,59,0
2023-01-10 07:23:00,0.00409353,00:10 - 08:10,59,0
2023-01-10 07:24:00,0.0040882,00:10 - 08:10,59,0
2023-01-10 07:25:00,0.00408003,00:10 - 08:10,59,0
2023-01-10 07:26:00,0.00407336,00:10 - 08:10,59,0
2023-01-10 07:27:00,0.0040742,00:10 - 08:10,59,0
2023-01-10 07:28:00,0.0040742,00:10 - 08:10,59,0
2023-01-10 07:29:00,0.00407286,00:10 - 08:10,59,0
2023-01-10 07:30:00,0.00407253,00:10 - 08:10,59,0
2023-01-10 07:31:00,0.00407203,00:10 - 08:10,59,0
2023-01-10 07:32:00,0.0040652,00:10 - 08:10,59,0
2023-01-10 07:33:00,0.0040652,00:10 - 08:10,59,0
2023-01-10 07:34:00,0.00406153,00:10 - 08:10,59,0
2023-01-10 07:35:00,0.0040592,00:10 - 08:10,59,0
2023-01-10 07:36:00,0.0040582,00:10 - 08:10,59,0
2023-01-10 07:37:00,0.00405503,00:10 - 08:10,59,0
2023-01-10 07:38:00,0.00405503,00:10 - 08:10,59,0
2023-01-10 07:39:00,0.00405153,00:10 - 08:10,59,0
2023-01-10 07:40:00,0.0040402,00:10 - 08:10,59,0
2023-01-10 07:41:00,0.0040317,00:10 - 08:10,59,0
2023-01-10 07:42:00,0.00403086,00:10 - 08:10,59,0
2023-01-10 07:43:00,0.0040292,00:10 - 08:10,59,0
2023-01-10 07:44:00,0.0040292,00:10 - 08:10,59,0
2023-01-10 07:45:00,0.00402836,00:10 - 08:10,59,0
2023-01-10 07:46:00,0.0040237,00:10 - 08:10,59,0
2023-01-10 07:47:00,0.00402136,00:10 - 08:10,59,0
2023-01-10 07:48:00,0.00402236,00:10 - 08:10,59,0
2023-01-10 07:49:00,0.00402236,00:10 - 08:10,59,0
2023-01-10 07:50:00,0.0040202,00:10 - 08:10,59,0
2023-01-10 07:51:00,0.00402186,00:10 - 08:10,59,0
2023-01-10 07:52:00,0.0040252,00:10 - 08:10,59,0
2023-01-10 07:53:00,0.00403136,00:10 - 08:10,59,0
2023-01-10 07:54:00,0.00403136,00:10 - 08:10,59,0
2023-01-10 07:55:00,0.00403336,00:10 - 08:10,59,0
2023-01-10 07:56:00,0.00403803,00:10 - 08:10,59,0
2023-01-10 07:57:00,0.00404453,00:10 - 08:10,59,0
2023-01-10 07:58:00,0.00404153,00:10 - 08:10,59,0
2023-01-10 07:59:00,0.00404153,00:10 - 08:10,59,0
2023-01-10 08:00:00,0.00631694,00:10 - 08:10,59,0
2023-01-10 08:01:00,0.00632144,00:10 - 08:10,59,0
2023-01-10 08:02:00,0.00632344,00:10 - 08:10,59,0
2023-01-10 08:03:00,0.0063261,00:10 - 08:10,59,0
2023-01-10 08:04:00,0.00632927,00:10 - 08:10,59,0
2023-01-10 08:05:00,0.00632927,00:10 - 08:10,59,0
2023-01-10 08:06:00,0.0063326,00:10 - 08:10,59,0
2023-01-10 08:07:00,0.0063306,00:10 - 08:10,59,0
2023-01-10 08:08:00,0.0063291,00:10 - 08:10,59,0
2023-01-10 08:09:00,0.0063231,00:10 - 08:10,59,0
2023-01-10 08:10:00,0.00632527,08:10 - 16:10,60,0
2023-01-10 08:11:00,0.00632527,08:10 - 16:10,60,0
2023-01-10 08:12:00,0.00631894,08:10 - 16:10,60,0
2023-01-10 08:13:00,0.00631044,08:10 - 16:10,60,0
2023-01-10 08:14:00,0.00630927,08:10 - 16:10,60,0
2023-01-10 08:15:00,0.00630594,08:10 - 16:10,60,0
2023-01-10 08:16:00,0.00630594,08:10 - 16:10,60,0
2023-01-10 08:17:00,0.00630594,08:10 - 16:10,60,0
2023-01-10 08:18:00,0.0063071,08:10 - 16:10,60,0
2023-01-10 08:19:00,0.00631194,08:10 - 16:10,60,0
2023-01-10 08:20:00,0.0063146,08:10 - 16:10,60,0
2023-01-10 08:21:00,0.00631544,08:10 - 16:10,60,0
2023-01-10 08:22:00,0.00631544,08:10 - 16:10,60,0
2023-01-10 08:23:00,0.00632794,08:10 - 16:10,60,0
2023-01-10 08:24:00,0.00632794,08:10 - 16:10,60,0
2023-01-10 08:25:00,0.0063381,08:10 - 16:10,60,0
2023-01-10 08:26:00,0.00633994,08:10 - 16:10,60,0
2023-01-10 08:27:00,0.00633994,08:10 - 16:10,60,0
2023-01-10 08:28:00,0.00635594,08:10 - 16:10,60,0
2023-01-10 08:29:00,0.00636944,08:10 - 16:10,60,0
2023-01-10 08:30:00,0.00636944,08:10 - 16:10,60,0
2023-01-10 08:31:00,0.00636944,08:10 - 16:10,60,0
2023-01-10 08:32:00,0.00636944,08:10 - 16:10,60,0
2023-01-10 08:33:00,0.00636944,08:10 - 16:10,60,0
2023-01-10 08:34:00,0.00636944,08:10 - 16:10,60,0
2023-01-10 08:35:00,0.00636944,08:10 - 16:10,60,0
2023-01-10 08:36:00,0.00636944,08:10 - 16:10,60,0
2023-01-10 08:37:00,0.00636944,08:10 - 16:10,60,0
2023-01-10 08:38:00,0.00636944,08:10 - 16:10,60,0
2023-01-10 08:39:00,0.00636944,08:10 - 16:10,60,0
2023-01-10 08:40:00,0.00636944,08:10 - 16:10,60,0
2023-01-10 08:41:00,0.00636944,08:10 - 16:10,60,0
2023-01-10 08:42:00,0.00636944,08:10 - 16:10,60,0
2023-01-10 08:43:00,0.00636944,08:10 - 16:10,60,0
2023-01-10 08:44:00,0.00636944,08:10 - 16:10,60,0
2023-01-10 08:45:00,0.00636944,08:10 - 16:10,60,0
2023-01-10 08:46:00,0.00636944,08:10 - 16:10,60,0
2023-01-10 08:47:00,0.00636944,08:10 - 16:10,60,0
2023-01-10 08:48:00,0.00636944,08:10 - 16:10,60,0
2023-01-10 08:49:00,0.00636944,08:10 - 16:10,60,0
2023-01-10 08:50:00,0.00636944,08:10 - 16:10,60,0
2023-01-10 08:51:00,0.00636944,08:10 - 16:10,60,0
2023-01-10 08:52:00,0.00636944,08:10 - 16:10,60,0
2023-01-10 08:53:00,0.00636944,08:10 - 16:10,60,0
2023-01-10 08:54:00,0.00636944,08:10 - 16:10,60,0
2023-01-10 08:55:00,0.00636944,08:10 - 16:10,60,0
2023-01-10 08:56:00,0.00636944,08:10 - 16:10,60,0
2023-01-10 08:57:00,0.00636944,08:10 - 16:10,60,0
2023-01-10 08:58:00,0.00636944,08:10 - 16:10,60,0
2023-01-10 08:59:00,0.00636944,08:10 - 16:10,60,0
2023-01-10 09:00:00,0.00636944,08:10 - 16:10,60,0
2023-01-10 09:01:00,0.00636944,08:10 - 16:10,60,0
2023-01-10 09:02:00,0.00636944,08:10 - 16:10,60,0
2023-01-10 09:03:00,0.00636944,08:10 - 16:10,60,0
2023-01-10 09:04:00,0.00636944,08:10 - 16:10,60,0
2023-01-10 09:05:00,0.00636944,08:10 - 16:10,60,0
2023-01-10 09:06:00,0.00636944,08:10 - 16:10,60,0
2023-01-10 09:07:00,0.00636944,08:10 - 16:10,60,0
2023-01-10 09:08:00,0.00636944,08:10 - 16:10,60,0
2023-01-10 09:09:00,0.00636944,08:10 - 16:10,60,0
2023-01-10 09:10:00,0.00636944,08:10 - 16:10,60,0
2023-01-10 09:11:00,0.00636944,08:10 - 16:10,60,0
2023-01-10 09:12:00,0.00636944,08:10 - 16:10,60,0
2023-01-10 09:13:00,0.00636944,08:10 - 16:10,60,0
2023-01-10 09:14:00,0.00636944,08:10 - 16:10,60,0
2023-01-10 09:15:00,0.00636944,08:10 - 16:10,60,0
2023-01-10 09:16:00,0.00636944,08:10 - 16:10,60,0
2023-01-10 09:17:00,0.00636944,08:10 - 16:10,60,0
2023-01-10 09:18:00,0.00636944,08:10 - 16:10,60,0
2023-01-10 09:19:00,0.00636944,08:10 - 16:10,60,0
2023-01-10 09:20:00,0.00636944,08:10 - 16:10,60,0
2023-01-10 09:21:00,0.00636944,08:10 - 16:10,60,0
2023-01-10 09:22:00,0.00636944,08:10 - 16:10,60,0
2023-01-10 09:23:00,0.00636944,08:10 - 16:10,60,0
2023-01-10 09:24:00,0.00636944,08:10 - 16:10,60,0
2023-01-10 09:25:00,0.00636944,08:10 - 16:10,60,0
2023-01-10 09:26:00,0.00636944,08:10 - 16:10,60,0
2023-01-10 09:27:00,0.00636944,08:10 - 16:10,60,0
2023-01-10 09:28:00,0.00636944,08:10 - 16:10,60,0
2023-01-10 09:29:00,0.00636944,08:10 - 16:10,60,0
2023-01-10 09:30:00,0.00636944,08:10 - 16:10,60,0
2023-01-10 09:31:00,0.00636944,08:10 - 16:10,60,0
2023-01-10 09:32:00,0.00636944,08:10 - 16:10,60,0
2023-01-10 09:33:00,0.00636944,08:10 - 16:10,60,0
2023-01-10 09:34:00,0.00636944,08:10 - 16:10,60,0
2023-01-10 09:35:00,0.00636944,08:10 - 16:10,60,0
2023-01-10 09:36:00,0.00636944,08:10 - 16:10,60,0
2023-01-10 09:37:00,0.00636944,08:10 - 16:10,60,0
2023-01-10 09:38:00,0.00636944,08:10 - 16:10,60,0
2023-01-10 09:39:00,0.00636944,08:10 - 16:10,60,0
2023-01-10 09:40:00,0.00636944,08:10 - 16:10,60,0
2023-01-10 09:41:00,0.00636944,08:10 - 16:10,60,0
2023-01-10 09:42:00,0.00636944,08:10 - 16:10,60,0
2023-01-10 09:43:00,0.00636944,08:10 - 16:10,60,0
2023-01-10 09:44:00,0.00636944,08:10 - 16:10,60,0
2023-01-10 09:45:00,0.00636944,08:10 - 16:10,60,0
2023-01-10 09:46:00,0.00636944,08:10 - 16:10,60,0
2023-01-10 09:47:00,0.00636944,08:10 - 16:10,60,0
2023-01-10 09:48:00,0.00636944,08:10 - 16:10,60,0
2023-01-10 09:49:00,0.00636944,08:10 - 16:10,60,0
2023-01-10 09:50:00,0.00636944,08:10 - 16:10,60,0
2023-01-10 09:51:00,0.00636944,08:10 - 16:10,60,0
2023-01-10 09:52:00,0.00636944,08:10 - 16:10,60,0
2023-01-10 09:53:00,0.00636944,08:10 - 16:10,60,0
2023-01-10 09:54:00,0.00636944,08:10 - 16:10,60,0
2023-01-10 09:55:00,0.00636944,08:10 - 16:10,60,0
2023-01-10 09:56:00,0.00636944,08:10 - 16:10,60,0
2023-01-10 09:57:00,0.00636944,08:10 - 16:10,60,0
2023-01-10 09:58:00,0.00636944,08:10 - 16:10,60,0
2023-01-10 09:59:00,0.00636944,08:10 - 16:10,60,0
2023-01-10 10:00:00,0.00636944,08:10 - 16:10,60,0
2023-01-10 10:01:00,0.00636944,08:10 - 16:10,60,0
2023-01-10 10:02:00,0.00636944,08:10 - 16:10,60,0
2023-01-10 10:03:00,0.00636944,08:10 - 16:10,60,0
2023-01-10 10:04:00,0.00636944,08:10 - 16:10,60,0
2023-01-10 10:05:00,0.00636944,08:10 - 16:10,60,0
2023-01-10 10:06:00,0.00636944,08:10 - 16:10,60,0
2023-01-10 10:07:00,0.00636944,08:10 - 16:10,60,0
2023-01-10 10:08:00,0.00636944,08:10 - 16:10,60,0
2023-01-10 10:09:00,0.00636944,08:10 - 16:10,60,0
2023-01-10 10:10:00,0.00636944,08:10 - 16:10,60,0
2023-01-10 10:11:00,0.00636944,08:10 - 16:10,60,0
2023-01-10 10:12:00,0.00636944,08:10 - 16:10,60,0
2023-01-10 10:13:00,0.00636944,08:10 - 16:10,60,0
2023-01-10 10:14:00,0.00636944,08:10 - 16:10,60,0
2023-01-10 10:15:00,0.00636944,08:10 - 16:10,60,0
2023-01-10 10:16:00,0.00636944,08:10 - 16:10,60,0
2023-01-10 10:17:00,0.00636944,08:10 - 16:10,60,0
2023-01-10 10:18:00,0.00636944,08:10 - 16:10,60,0
2023-01-10 10:19:00,0.00636944,08:10 - 16:10,60,0
2023-01-10 10:20:00,0.00636944,08:10 - 16:10,60,0
2023-01-10 10:21:00,0.00636944,08:10 - 16:10,60,0
2023-01-10 10:22:00,0.00636944,08:10 - 16:10,60,0
2023-01-10 10:23:00,0.00636944,08:10 - 16:10,60,0
2023-01-10 10:24:00,0.00636944,08:10 - 16:10,60,0
2023-01-10 10:25:00,0.00636944,08:10 - 16:10,60,0
2023-01-10 10:26:00,0.00636944,08:10 - 16:10,60,0
2023-01-10 10:27:00,0.00636944,08:10 - 16:10,60,0
2023-01-10 10:28:00,0.00636944,08:10 - 16:10,60,0
2023-01-10 10:29:00,0.00636944,08:10 - 16:10,60,0
2023-01-10 10:30:00,0.00636944,08:10 - 16:10,60,0
2023-01-10 10:31:00,0.00636944,08:10 - 16:10,60,0
2023-01-10 10:32:00,0.00636944,08:10 - 16:10,60,0
2023-01-10 10:33:00,0.00636944,08:10 - 16:10,60,0
2023-01-10 10:34:00,0.00636944,08:10 - 16:10,60,0
2023-01-10 10:35:00,0.00636944,08:10 - 16:10,60,0
2023-01-10 10:36:00,0.00636944,08:10 - 16:10,60,0
2023-01-10 10:37:00,0.00636944,08:10 - 16:10,60,0
2023-01-10 10:38:00,0.00636944,08:10 - 16:10,60,0
2023-01-10 10:39:00,0.00636944,08:10 - 16:10,60,0
2023-01-10 10:40:00,0.00636944,08:10 - 16:10,60,0
2023-01-10 10:41:00,0.00636944,08:10 - 16:10,60,0
2023-01-10 10:42:00,0.00636944,08:10 - 16:10,60,0
2023-01-10 10:43:00,0.00636944,08:10 - 16:10,60,0
2023-01-10 10:44:00,0.00636944,08:10 - 16:10,60,0
2023-01-10 10:45:00,0.00636944,08:10 - 16:10,60,0
2023-01-10 10:46:00,0.00636944,08:10 - 16:10,60,0
2023-01-10 10:47:00,0.00636944,08:10 - 16:10,60,0
2023-01-10 10:48:00,0.00636944,08:10 - 16:10,60,0
2023-01-10 10:49:00,0.00636944,08:10 - 16:10,60,0
2023-01-10 10:50:00,0.00636944,08:10 - 16:10,60,0
2023-01-10 10:51:00,0.00636944,08:10 - 16:10,60,0
2023-01-10 10:52:00,0.00636944,08:10 - 16:10,60,0
2023-01-10 10:53:00,0.00636944,08:10 - 16:10,60,0
2023-01-10 10:54:00,0.00636944,08:10 - 16:10,60,0
2023-01-10 10:55:00,0.00636944,08:10 - 16:10,60,0
2023-01-10 10:56:00,0.00636944,08:10 - 16:10,60,0
2023-01-10 10:57:00,0.00636944,08:10 - 16:10,60,0
2023-01-10 10:58:00,0.00636944,08:10 - 16:10,60,0
2023-01-10 10:59:00,0.00636944,08:10 - 16:10,60,0
2023-01-10 11:00:00,0.00636944,08:10 - 16:10,60,0
2023-01-10 11:01:00,0.00636944,08:10 - 16:10,60,0
2023-01-10 11:02:00,0.00636944,08:10 - 16:10,60,0
2023-01-10 11:03:00,0.00636944,08:10 - 16:10,60,0
2023-01-10 11:04:00,0.00636944,08:10 - 16:10,60,0
2023-01-10 11:05:00,0.00636944,08:10 - 16:10,60,0
2023-01-10 11:06:00,0.00636944,08:10 - 16:10,60,0
2023-01-10 11:07:00,0.00636944,08:10 - 16:10,60,0
2023-01-10 11:08:00,0.00636944,08:10 - 16:10,60,0
2023-01-10 11:09:00,0.00636944,08:10 - 16:10,60,0
2023-01-10 11:10:00,0.00636944,08:10 - 16:10,60,0
2023-01-10 11:11:00,0.00636944,08:10 - 16:10,60,0
2023-01-10 11:12:00,0.00636944,08:10 - 16:10,60,0
2023-01-10 11:13:00,0.00636944,08:10 - 16:10,60,0
2023-01-10 11:14:00,0.00636944,08:10 - 16:10,60,0
2023-01-10 11:15:00,0.00636944,08:10 - 16:10,60,0
2023-01-10 11:16:00,0.00636944,08:10 - 16:10,60,0
2023-01-10 11:17:00,0.00636944,08:10 - 16:10,60,0
2023-01-10 11:18:00,0.00636944,08:10 - 16:10,60,0
2023-01-10 11:19:00,0.00636944,08:10 - 16:10,60,0
2023-01-10 11:20:00,0.00636944,08:10 - 16:10,60,0
2023-01-10 11:21:00,0.00636944,08:10 - 16:10,60,0
2023-01-10 11:22:00,0.00636944,08:10 - 16:10,60,0
2023-01-10 11:23:00,0.00636944,08:10 - 16:10,60,0
2023-01-10 11:24:00,0.00636944,08:10 - 16:10,60,0
2023-01-10 11:25:00,0.00636944,08:10 - 16:10,60,0
2023-01-10 11:26:00,0.00636944,08:10 - 16:10,60,0
2023-01-10 11:27:00,0.00636944,08:10 - 16:10,60,0
2023-01-10 11:28:00,0.00636944,08:10 - 16:10,60,0
2023-01-10 11:29:00,0.00636944,08:10 - 16:10,60,0
2023-01-10 11:30:00,0.00636944,08:10 - 16:10,60,0
2023-01-10 11:31:00,0.00636944,08:10 - 16:10,60,0
2023-01-10 11:32:00,0.00636944,08:10 - 16:10,60,0
2023-01-10 11:33:00,0.00636944,08:10 - 16:10,60,0
2023-01-10 11:34:00,0.00636944,08:10 - 16:10,60,0
2023-01-10 11:35:00,0.00636944,08:10 - 16:10,60,0
2023-01-10 11:36:00,0.00636944,08:10 - 16:10,60,0
2023-01-10 11:37:00,0.00636944,08:10 - 16:10,60,0
2023-01-10 11:38:00,0.00636944,08:10 - 16:10,60,0
2023-01-10 11:39:00,0.00636944,08:10 - 16:10,60,0
2023-01-10 11:40:00,0.00636944,08:10 - 16:10,60,0
2023-01-10 11:41:00,0.00636944,08:10 - 16:10,60,0
2023-01-10 11:42:00,0.00636944,08:10 - 16:10,60,0
2023-01-10 11:43:00,0.00636944,08:10 - 16:10,60,0
2023-01-10 11:44:00,0.00636944,08:10 - 16:10,60,0
2023-01-10 11:45:00,0.00636944,08:10 - 16:10,60,0
2023-01-10 11:46:00,0.00636944,08:10 - 16:10,60,0
2023-01-10 11:47:00,0.00636944,08:10 - 16:10,60,0
2023-01-10 11:48:00,0.00636944,08:10 - 16:10,60,0
2023-01-10 11:49:00,0.00636944,08:10 - 16:10,60,0
2023-01-10 11:50:00,0.00636944,08:10 - 16:10,60,0
2023-01-10 11:51:00,0.00636944,08:10 - 16:10,60,0
2023-01-10 11:52:00,0.00636944,08:10 - 16:10,60,0
2023-01-10 11:53:00,0.00636044,08:10 - 16:10,60,0
2023-01-10 11:54:00,0.00634677,08:10 - 16:10,60,0
2023-01-10 11:55:00,0.00632677,08:10 - 16:10,60,0
2023-01-10 11:56:00,0.00631227,08:10 - 16:10,60,0
2023-01-10 11:57:00,0.00631227,08:10 - 16:10,60,0
2023-01-10 11:58:00,0.0062971,08:10 - 16:10,60,0
2023-01-10 11:59:00,0.00627894,08:10 - 16:10,60,0
2023-01-10 12:00:00,0.00579777,08:10 - 16:10,60,0
2023-01-10 12:01:00,0.0057836,08:10 - 16:10,60,0
2023-01-10 12:02:00,0.00577127,08:10 - 16:10,60,0
2023-01-10 12:03:00,0.00577127,08:10 - 16:10,60,0
2023-01-10 12:04:00,0.0057621,08:10 - 16:10,60,0
2023-01-10 12:05:00,0.00575394,08:10 - 16:10,60,0
2023-01-10 12:06:00,0.0057471,08:10 - 16:10,60,0
2023-01-10 12:07:00,0.00573377,08:10 - 16:10,60,0
2023-01-10 12:08:00,0.00573377,08:10 - 16:10,60,0
2023-01-10 12:09:00,0.0057236,08:10 - 16:10,60,0
2023-01-10 12:10:00,0.0057161,08:10 - 16:10,60,0
2023-01-10 12:11:00,0.00570477,08:10 - 16:10,60,0
2023-01-10 12:12:00,0.00570027,08:10 - 16:10,60,0
2023-01-10 12:13:00,0.00570027,08:10 - 16:10,60,0
2023-01-10 12:14:00,0.0056976,08:10 - 16:10,60,0
2023-01-10 12:15:00,0.00569577,08:10 - 16:10,60,0
2023-01-10 12:16:00,0.00569244,08:10 - 16:10,60,0
2023-01-10 12:17:00,0.0056806,08:10 - 16:10,60,0
2023-01-10 12:18:00,0.00567444,08:10 - 16:10,60,0
2023-01-10 12:19:00,0.00567444,08:10 - 16:10,60,0
2023-01-10 12:20:00,0.00567444,08:10 - 16:10,60,0
2023-01-10 12:21:00,0.00565594,08:10 - 16:10,60,0
2023-01-10 12:22:00,0.0056471,08:10 - 16:10,60,0
2023-01-10 12:23:00,0.00563727,08:10 - 16:10,60,0
2023-01-10 12:24:00,0.00563727,08:10 - 16:10,60,0
2023-01-10 12:25:00,0.00563077,08:10 - 16:10,60,0
2023-01-10 12:26:00,0.00563077,08:10 - 16:10,60,0
2023-01-10 12:27:00,0.00560377,08:10 - 16:10,60,0
2023-01-10 12:28:00,0.00558994,08:10 - 16:10,60,0
2023-01-10 12:29:00,0.00558994,08:10 - 16:10,60,0
2023-01-10 12:30:00,0.00558377,08:10 - 16:10,60,0
2023-01-10 12:31:00,0.00558444,08:10 - 16:10,60,0
2023-01-10 12:32:00,0.0055811,08:10 - 16:10,60,0
2023-01-10 12:33:00,0.00557277,08:10 - 16:10,60,0
2023-01-10 12:34:00,0.00556727,08:10 - 16:10,60,0
2023-01-10 12:35:00,0.00556727,08:10 - 16:10,60,0
2023-01-10 12:36:00,0.00556294,08:10 - 16:10,60,0
2023-01-10 12:37:00,0.00555894,08:10 - 16:10,60,0
2023-01-10 12:38:00,0.0055606,08:10 - 16:10,60,0
2023-01-10 12:39:00,0.0055596,08:10 - 16:10,60,0
2023-01-10 12:40:00,0.0055596,08:10 - 16:10,60,0
2023-01-10 12:41:00,0.00555627,08:10 - 16:10,60,0
2023-01-10 12:42:00,0.00555694,08:10 - 16:10,60,0
2023-01-10 12:43:00,0.0055586,08:10 - 16:10,60,0
2023-01-10 12:44:00,0.0055576,08:10 - 16:10,60,0
2023-01-10 12:45:00,0.00555844,08:10 - 16:10,60,0
2023-01-10 12:46:00,0.00555844,08:10 - 16:10,60,0
2023-01-10 12:47:00,0.00556027,08:10 - 16:10,60,0
2023-01-10 12:48:00,0.00556044,08:10 - 16:10,60,0
2023-01-10 12:49:00,0.00555944,08:10 - 16:10,60,0
2023-01-10 12:50:00,0.0055561,08:10 - 16:10,60,0
2023-01-10 12:51:00,0.0055561,08:10 - 16:10,60,0
2023-01-10 12:52:00,0.00555044,08:10 - 16:10,60,0
2023-01-10 12:53:00,0.0055461,08:10 - 16:10,60,0
2023-01-10 12:54:00,0.00554444,08:10 - 16:10,60,0
2023-01-10 12:55:00,0.00554244,08:10 - 16:10,60,0
2023-01-10 12:56:00,0.00553794,08:10 - 16:10,60,0
2023-01-10 12:57:00,0.00553794,08:10 - 16:10,60,0
2023-01-10 12:58:00,0.0055361,08:10 - 16:10,60,0
2023-01-10 12:59:00,0.00553144,08:10 - 16:10,60,0
2023-01-10 13:00:00,0.00553244,08:10 - 16:10,60,0
2023-01-10 13:01:00,0.0055226,08:10 - 16:10,60,0
2023-01-10 13:02:00,0.0055226,08:10 - 16:10,60,0
2023-01-10 13:03:00,0.00551194,08:10 - 16:10,60,0
2023-01-10 13:04:00,0.00550277,08:10 - 16:10,60,0
2023-01-10 13:05:00,0.00549477,08:10 - 16:10,60,0
2023-01-10 13:06:00,0.0054911,08:10 - 16:10,60,0
2023-01-10 13:07:00,0.00548727,08:10 - 16:10,60,0
2023-01-10 13:08:00,0.00548727,08:10 - 16:10,60,0
2023-01-10 13:09:00,0.00548194,08:10 - 16:10,60,0
2023-01-10 13:10:00,0.00547644,08:10 - 16:10,60,0
2023-01-10 13:11:00,0.0054626,08:10 - 16:10,60,0
2023-01-10 13:12:00,0.00544894,08:10 - 16:10,60,0
2023-01-10 13:13:00,0.00544894,08:10 - 16:10,60,0
2023-01-10 13:14:00,0.00543644,08:10 - 16:10,60,0
2023-01-10 13:15:00,0.00543327,08:10 - 16:10,60,0
2023-01-10 13:16:00,0.0054286,08:10 - 16:10,60,0
2023-01-10 13:17:00,0.00541994,08:10 - 16:10,60,0
2023-01-10 13:18:00,0.00541994,08:10 - 16:10,60,0
2023-01-10 13:19:00,0.0054041,08:10 - 16:10,60,0
2023-01-10 13:20:00,0.00539027,08:10 - 16:10,60,0
2023-01-10 13:21:00,0.00537544,08:10 - 16:10,60,0
2023-01-10 13:22:00,0.00536494,08:10 - 16:10,60,0
2023-01-10 13:23:00,0.00535894,08:10 - 16:10,60,0
2023-01-10 13:24:00,0.00535944,08:10 - 16:10,60,0
2023-01-10 13:25:00,0.0053486,08:10 - 16:10,60,0
2023-01-10 13:26:00,0.00533494,08:10 - 16:10,60,0
2023-01-10 13:27:00,0.0053181,08:10 - 16:10,60,0
2023-01-10 13:28:00,0.00530294,08:10 - 16:10,60,0
2023-01-10 13:29:00,0.00528694,08:10 - 16:10,60,0
2023-01-10 13:30:00,0.00528694,08:10 - 16:10,60,0
2023-01-10 13:31:00,0.00526944,08:10 - 16:10,60,0
2023-01-10 13:32:00,0.00524877,08:10 - 16:10,60,0
2023-01-10 13:33:00,0.00523627,08:10 - 16:10,60,0
2023-01-10 13:34:00,0.0052221,08:10 - 16:10,60,0
2023-01-10 13:35:00,0.0052221,08:10 - 16:10,60,0
2023-01-10 13:36:00,0.00521327,08:10 - 16:10,60,0
2023-01-10 13:37:00,0.00520244,08:10 - 16:10,60,0
2023-01-10 13:38:00,0.0051921,08:10 - 16:10,60,0
2023-01-10 13:39:00,0.0051921,08:10 - 16:10,60,0
2023-01-10 13:40:00,0.0051771,08:10 - 16:10,60,0
2023-01-10 13:41:00,0.0051771,08:10 - 16:10,60,0
2023-01-10 13:42:00,0.00517927,08:10 - 16:10,60,0
2023-01-10 13:43:00,0.00517877,08:10 - 16:10,60,0
2023-01-10 13:44:00,0.00517977,08:10 - 16:10,60,0
2023-01-10 13:45:00,0.00518344,08:10 - 16:10,60,0
2023-01-10 13:46:00,0.00518344,08:10 - 16:10,60,0
2023-01-10 13:47:00,0.00518994,08:10 - 16:10,60,0
2023-01-10 13:48:00,0.00519427,08:10 - 16:10,60,0
2023-01-10 13:49:00,0.0051911,08:10 - 16:10,60,0
2023-01-10 13:50:00,0.00518377,08:10 - 16:10,60,0
2023-01-10 13:51:00,0.00518377,08:10 - 16:10,60,0
2023-01-10 13:52:00,0.00518044,08:10 - 16:10,60,0
2023-01-10 13:53:00,0.0051811,08:10 - 16:10,60,0
2023-01-10 13:54:00,0.00517994,08:10 - 16:10,60,0
2023-01-10 13:55:00,0.00517944,08:10 - 16:10,60,0
2023-01-10 13:56:00,0.00517944,08:10 - 16:10,60,0
2023-01-10 13:57:00,0.0051796,08:10 - 16:10,60,0
2023-01-10 13:58:00,0.0051781,08:10 - 16:10,60,0
2023-01-10 13:59:00,0.00517594,08:10 - 16:10,60,0
2023-01-10 14:00:00,0.00517144,08:10 - 16:10,60,0
2023-01-10 14:01:00,0.00517177,08:10 - 16:10,60,0
2023-01-10 14:02:00,0.0051711,08:10 - 16:10,60,0
2023-01-10 14:03:00,0.00516844,08:10 - 16:10,60,0
2023-01-10 14:04:00,0.00516827,08:10 - 16:10,60,0
2023-01-10 14:05:00,0.00517694,08:10 - 16:10,60,0
2023-01-10 14:06:00,0.00517694,08:10 - 16:10,60,0
2023-01-10 14:07:00,0.00518844,08:10 - 16:10,60,0
2023-01-10 14:08:00,0.00520044,08:10 - 16:10,60,0
2023-01-10 14:09:00,0.0052086,08:10 - 16:10,60,0
2023-01-10 14:10:00,0.0052076,08:10 - 16:10,60,0
2023-01-10 14:11:00,0.00520694,08:10 - 16:10,60,0
2023-01-10 14:12:00,0.00520694,08:10 - 16:10,60,0
2023-01-10 14:13:00,0.00519827,08:10 - 16:10,60,0
2023-01-10 14:14:00,0.00519527,08:10 - 16:10,60,0
2023-01-10 14:15:00,0.0051946,08:10 - 16:10,60,0
2023-01-10 14:16:00,0.00518677,08:10 - 16:10,60,0
2023-01-10 14:17:00,0.00518677,08:10 - 16:10,60,0
2023-01-10 14:18:00,0.00518027,08:10 - 16:10,60,0
2023-01-10 14:19:00,0.0051761,08:10 - 16:10,60,0
2023-01-10 14:20:00,0.00516927,08:10 - 16:10,60,0
2023-01-10 14:21:00,0.00515494,08:10 - 16:10,60,0
2023-01-10 14:22:00,0.00515494,08:10 - 16:10,60,0
2023-01-10 14:23:00,0.00513877,08:10 - 16:10,60,0
2023-01-10 14:24:00,0.0051246,08:10 - 16:10,60,0
2023-01-10 14:25:00,0.00511377,08:10 - 16:10,60,0
2023-01-10 14:26:00,0.00509794,08:10 - 16:10,60,0
2023-01-10 14:27:00,0.00509794,08:10 - 16:10,60,0
2023-01-10 14:28:00,0.00508694,08:10 - 16:10,60,0
2023-01-10 14:29:00,0.0050816,08:10 - 16:10,60,0
2023-01-10 14:30:00,0.0050766,08:10 - 16:10,60,0
2023-01-10 14:31:00,0.00507194,08:10 - 16:10,60,0
2023-01-10 14:32:00,0.00507194,08:10 - 16:10,60,0
2023-01-10 14:33:00,0.00507027,08:10 - 16:10,60,0
2023-01-10 14:34:00,0.0050646,08:10 - 16:10,60,0
2023-01-10 14:35:00,0.00506627,08:10 - 16:10,60,0
2023-01-10 14:36:00,0.00506544,08:10 - 16:10,60,0
2023-01-10 14:37:00,0.0050586,08:10 - 16:10,60,0
2023-01-10 14:38:00,0.0050586,08:10 - 16:10,60,0
2023-01-10 14:39:00,0.0050586,08:10 - 16:10,60,0
2023-01-10 14:40:00,0.00504444,08:10 - 16:10,60,0
2023-01-10 14:41:00,0.00503294,08:10 - 16:10,60,0
2023-01-10 14:42:00,0.0050181,08:10 - 16:10,60,0
2023-01-10 14:43:00,0.0050181,08:10 - 16:10,60,0
2023-01-10 14:44:00,0.00501227,08:10 - 16:10,60,0
2023-01-10 14:45:00,0.00500727,08:10 - 16:10,60,0
2023-01-10 14:46:00,0.0049981,08:10 - 16:10,60,0
2023-01-10 14:47:00,0.00498377,08:10 - 16:10,60,0
2023-01-10 14:48:00,0.00497044,08:10 - 16:10,60,0
2023-01-10 14:49:00,0.00497044,08:10 - 16:10,60,0
2023-01-10 14:50:00,0.00496077,08:10 - 16:10,60,0
2023-01-10 14:51:00,0.0049501,08:10 - 16:10,60,0
2023-01-10 14:52:00,0.0049401,08:10 - 16:10,60,0
2023-01-10 14:53:00,0.0049341,08:10 - 16:10,60,0
2023-01-10 14:54:00,0.0049341,08:10 - 16:10,60,0
2023-01-10 14:55:00,0.00493227,08:10 - 16:10,60,0
2023-01-10 14:56:00,0.00493094,08:10 - 16:10,60,0
2023-01-10 14:57:00,0.00492744,08:10 - 16:10,60,0
2023-01-10 14:58:00,0.00492594,08:10 - 16:10,60,0
2023-01-10 14:59:00,0.00492594,08:10 - 16:10,60,0
2023-01-10 15:00:00,0.00492444,08:10 - 16:10,60,0
2023-01-10 15:01:00,0.00492544,08:10 - 16:10,60,0
2023-01-10 15:02:00,0.00492094,08:10 - 16:10,60,0
2023-01-10 15:03:00,0.0049151,08:10 - 16:10,60,0
2023-01-10 15:04:00,0.0049161,08:10 - 16:10,60,0
2023-01-10 15:05:00,0.0049161,08:10 - 16:10,60,0
2023-01-10 15:06:00,0.0049016,08:10 - 16:10,60,0
2023-01-10 15:07:00,0.00491377,08:10 - 16:10,60,0
2023-01-10 15:08:00,0.00491794,08:10 - 16:10,60,0
2023-01-10 15:09:00,0.00491994,08:10 - 16:10,60,0
2023-01-10 15:10:00,0.00491994,08:10 - 16:10,60,0
2023-01-10 15:11:00,0.0049091,08:10 - 16:10,60,0
2023-01-10 15:12:00,0.00491194,08:10 - 16:10,60,0
2023-01-10 15:13:00,0.0049206,08:10 - 16:10,60,0
2023-01-10 15:14:00,0.00492277,08:10 - 16:10,60,0
2023-01-10 15:15:00,0.0049156,08:10 - 16:10,60,0
2023-01-10 15:16:00,0.00489894,08:10 - 16:10,60,0
2023-01-10 15:17:00,0.00491277,08:10 - 16:10,60,0
2023-01-10 15:18:00,0.00490644,08:10 - 16:10,60,0
2023-01-10 15:19:00,0.0049051,08:10 - 16:10,60,0
2023-01-10 15:20:00,0.0049031,08:10 - 16:10,60,0
2023-01-10 15:21:00,0.00488644,08:10 - 16:10,60,0
2023-01-10 15:22:00,0.00488344,08:10 - 16:10,60,0
2023-01-10 15:23:00,0.0048596,08:10 - 16:10,60,0
2023-01-10 15:24:00,0.0048366,08:10 - 16:10,60,0
2023-01-10 15:25:00,0.00483877,08:10 - 16:10,60,0
2023-01-10 15:26:00,0.00483877,08:10 - 16:10,60,0
2023-01-10 15:27:00,0.00482277,08:10 - 16:10,60,0
2023-01-10 15:28:00,0.0048221,08:10 - 16:10,60,0
2023-01-10 15:29:00,0.00480944,08:10 - 16:10,60,0
2023-01-10 15:30:00,0.00479527,08:10 - 16:10,60,0
2023-01-10 15:31:00,0.00476027,08:10 - 16:10,60,0
2023-01-10 15:32:00,0.0047436,08:10 - 16:10,60,0
2023-01-10 15:33:00,0.0047181,08:10 - 16:10,60,0
2023-01-10 15:34:00,0.00470544,08:10 - 16:10,60,0
2023-01-10 15:35:00,0.00467394,08:10 - 16:10,60,0
2023-01-10 15:36:00,0.00464327,08:10 - 16:10,60,0
2023-01-10 15:37:00,0.00464327,08:10 - 16:10,60,0
2023-01-10 15:38:00,0.0046196,08:10 - 16:10,60,0
2023-01-10 15:39:00,0.0046241,08:10 - 16:10,60,0
2023-01-10 15:40:00,0.00460344,08:10 - 16:10,60,0
2023-01-10 15:41:00,0.0045901,08:10 - 16:10,60,0
2023-01-10 15:42:00,0.00456527,08:10 - 16:10,60,0
2023-01-10 15:43:00,0.00456527,08:10 - 16:10,60,0
2023-01-10 15:44:00,0.00453444,08:10 - 16:10,60,0
2023-01-10 15:45:00,0.00449794,08:10 - 16:10,60,0
2023-01-10 15:46:00,0.00447194,08:10 - 16:10,60,0
2023-01-10 15:47:00,0.0044466,08:10 - 16:10,60,0
2023-01-10 15:48:00,0.0044466,08:10 - 16:10,60,0
2023-01-10 15:49:00,0.00442094,08:10 - 16:10,60,0
2023-01-10 15:50:00,0.00439777,08:10 - 16:10,60,0
2023-01-10 15:51:00,0.00439777,08:10 - 16:10,60,0
2023-01-10 15:52:00,0.0043686,08:10 - 16:10,60,0
2023-01-10 15:53:00,0.00434744,08:10 - 16:10,60,0
2023-01-10 15:54:00,0.00434744,08:10 - 16:10,60,0
2023-01-10 15:55:00,0.00434744,08:10 - 16:10,60,0
2023-01-10 15:56:00,0.00434344,08:10 - 16:10,60,0
2023-01-10 15:57:00,0.00434694,08:10 - 16:10,60,0
2023-01-10 15:58:00,0.00434344,08:10 - 16:10,60,0
2023-01-10 15:59:00,0.00460244,08:10 - 16:10,60,0
2023-01-10 16:00:00,0.00475144,08:10 - 16:10,60,0
2023-01-10 16:01:00,0.00047908,08:10 - 16:10,60,0
2023-01-10 16:02:00,0.00100525,08:10 - 16:10,60,0
2023-01-10 16:03:00,0.00160491,08:10 - 16:10,60,0
2023-01-10 16:04:00,0.00163825,08:10 - 16:10,60,0
2023-01-10 16:05:00,0.00198925,08:10 - 16:10,60,0
2023-01-10 16:06:00,0.00283925,08:10 - 16:10,60,0
2023-01-10 16:07:00,0.00306458,08:10 - 16:10,60,0
2023-01-10 16:08:00,0.00314841,08:10 - 16:10,60,0
2023-01-10 16:09:00,0.00291591,08:10 - 16:10,60,0
2023-01-10 16:10:00,0.00326591,16:10 - 00:10,61,0
2023-01-10 16:11:00,0.00329541,16:10 - 00:10,61,0
2023-01-10 16:12:00,0.00350858,16:10 - 00:10,61,0
2023-01-10 16:13:00,0.00371141,16:10 - 00:10,61,0
2023-01-10 16:14:00,0.00401008,16:10 - 00:10,61,0
2023-01-10 16:15:00,0.00402675,16:10 - 00:10,61,0
2023-01-10 16:16:00,0.00413158,16:10 - 00:10,61,0
2023-01-10 16:17:00,0.00410225,16:10 - 00:10,61,0
2023-01-10 16:18:00,0.00416508,16:10 - 00:10,61,0
2023-01-10 16:19:00,0.00425341,16:10 - 00:10,61,0
2023-01-10 16:20:00,0.00427008,16:10 - 00:10,61,0
2023-01-10 16:21:00,0.00429891,16:10 - 00:10,61,0
2023-01-10 16:22:00,0.00435175,16:10 - 00:10,61,0
2023-01-10 16:23:00,0.00438308,16:10 - 00:10,61,0
2023-01-10 16:24:00,0.00434508,16:10 - 00:10,61,0
2023-01-10 16:25:00,0.00432441,16:10 - 00:10,61,0
2023-01-10 16:26:00,0.00435775,16:10 - 00:10,61,0
2023-01-10 16:27:00,0.00434675,16:10 - 00:10,61,0
2023-01-10 16:28:00,0.00435141,16:10 - 00:10,61,0
2023-01-10 16:29:00,0.00427125,16:10 - 00:10,61,0
2023-01-10 16:30:00,0.00412475,16:10 - 00:10,61,0
2023-01-10 16:31:00,0.00407475,16:10 - 00:10,61,0
2023-01-10 16:32:00,0.00403158,16:10 - 00:10,61,0
2023-01-10 16:33:00,0.00394241,16:10 - 00:10,61,0
2023-01-10 16:34:00,0.00386125,16:10 - 00:10,61,0
2023-01-10 16:35:00,0.00375708,16:10 - 00:10,61,0
2023-01-10 16:36:00,0.00370708,16:10 - 00:10,61,0
2023-01-10 16:37:00,0.00363725,16:10 - 00:10,61,0
2023-01-10 16:38:00,0.00360741,16:10 - 00:10,61,0
2023-01-10 16:39:00,0.00358625,16:10 - 00:10,61,0
2023-01-10 16:40:00,0.00358625,16:10 - 00:10,61,0
2023-01-10 16:41:00,0.00342091,16:10 - 00:10,61,0
2023-01-10 16:42:00,0.00338358,16:10 - 00:10,61,0
2023-01-10 16:43:00,0.00331258,16:10 - 00:10,61,0
2023-01-10 16:44:00,0.00319158,16:10 - 00:10,61,0
2023-01-10 16:45:00,0.00313741,16:10 - 00:10,61,0
2023-01-10 16:46:00,0.00307758,16:10 - 00:10,61,0
2023-01-10 16:47:00,0.00297758,16:10 - 00:10,61,0
2023-01-10 16:48:00,0.00295891,16:10 - 00:10,61,0
2023-01-10 16:49:00,0.00292008,16:10 - 00:10,61,0
2023-01-10 16:50:00,0.00282475,16:10 - 00:10,61,0
2023-01-10 16:51:00,0.00279225,16:10 - 00:10,61,0
2023-01-10 16:52:00,0.00279225,16:10 - 00:10,61,0
2023-01-10 16:53:00,0.00277758,16:10 - 00:10,61,0
2023-01-10 16:54:00,0.00272908,16:10 - 00:10,61,0
2023-01-10 16:55:00,0.00268725,16:10 - 00:10,61,0
2023-01-10 16:56:00,0.00272058,16:10 - 00:10,61,0
2023-01-10 16:57:00,0.00269041,16:10 - 00:10,61,0
2023-01-10 16:58:00,0.00266208,16:10 - 00:10,61,0
2023-01-10 16:59:00,0.00262758,16:10 - 00:10,61,0
2023-01-10 17:00:00,0.00262341,16:10 - 00:10,61,0
2023-01-10 17:01:00,0.00258275,16:10 - 00:10,61,0
2023-01-10 17:02:00,0.00254941,16:10 - 00:10,61,0
2023-01-10 17:03:00,0.00249941,16:10 - 00:10,61,0
2023-01-10 17:04:00,0.00245175,16:10 - 00:10,61,0
2023-01-10 17:05:00,0.00244791,16:10 - 00:10,61,0
2023-01-10 17:06:00,0.00243108,16:10 - 00:10,61,0
2023-01-10 17:07:00,0.00240125,16:10 - 00:10,61,0
2023-01-10 17:08:00,0.00236791,16:10 - 00:10,61,0
2023-01-10 17:09:00,0.00233991,16:10 - 00:10,61,0
2023-01-10 17:10:00,0.00233025,16:10 - 00:10,61,0
2023-01-10 17:11:00,0.00230308,16:10 - 00:10,61,0
2023-01-10 17:12:00,0.00232708,16:10 - 00:10,61,0
2023-01-10 17:13:00,0.00234375,16:10 - 00:10,61,0
2023-01-10 17:14:00,0.00236675,16:10 - 00:10,61,0
2023-01-10 17:15:00,0.00238325,16:10 - 00:10,61,0
2023-01-10 17:16:00,0.00248441,16:10 - 00:10,61,0
2023-01-10 17:17:00,0.00255108,16:10 - 00:10,61,0
2023-01-10 17:18:00,0.00260308,16:10 - 00:10,61,0
2023-01-10 17:19:00,0.00266975,16:10 - 00:10,61,0
2023-01-10 17:20:00,0.00272558,16:10 - 00:10,61,0
2023-01-10 17:21:00,0.00279641,16:10 - 00:10,61,0
2023-01-10 17:22:00,0.00279625,16:10 - 00:10,61,0
2023-01-10 17:23:00,0.00279708,16:10 - 00:10,61,0
2023-01-10 17:24:00,0.00281375,16:10 - 00:10,61,0
2023-01-10 17:25:00,0.00276141,16:10 - 00:10,61,0
2023-01-10 17:26:00,0.00276258,16:10 - 00:10,61,0
2023-01-10 17:27:00,0.00277158,16:10 - 00:10,61,0
2023-01-10 17:28:00,0.00275291,16:10 - 00:10,61,0
2023-01-10 17:29:00,0.00275375,16:10 - 00:10,61,0
2023-01-10 17:30:00,0.00272041,16:10 - 00:10,61,0
2023-01-10 17:31:00,0.00273791,16:10 - 00:10,61,0
2023-01-10 17:32:00,0.00273725,16:10 - 00:10,61,0
2023-01-10 17:33:00,0.00273925,16:10 - 00:10,61,0
2023-01-10 17:34:00,0.00275491,16:10 - 00:10,61,0
2023-01-10 17:35:00,0.00272158,16:10 - 00:10,61,0
2023-01-10 17:36:00,0.00272658,16:10 - 00:10,61,0
2023-01-10 17:37:00,0.00271958,16:10 - 00:10,61,0
2023-01-10 17:38:00,0.00271491,16:10 - 00:10,61,0
2023-01-10 17:39:00,0.00272425,16:10 - 00:10,61,0
2023-01-10 17:40:00,0.00270758,16:10 - 00:10,61,0
2023-01-10 17:41:00,0.00274675,16:10 - 00:10,61,0
2023-01-10 17:42:00,0.00276241,16:10 - 00:10,61,0
2023-01-10 17:43:00,0.00275675,16:10 - 00:10,61,0
2023-01-10 17:44:00,0.00275558,16:10 - 00:10,61,0
2023-01-10 17:45:00,0.00274025,16:10 - 00:10,61,0
2023-01-10 17:46:00,0.00275691,16:10 - 00:10,61,0
2023-01-10 17:47:00,0.00272925,16:10 - 00:10,61,0
2023-01-10 17:48:00,0.00270108,16:10 - 00:10,61,0
2023-01-10 17:49:00,0.00265808,16:10 - 00:10,61,0
2023-01-10 17:50:00,0.00265458,16:10 - 00:10,61,0
2023-01-10 17:51:00,0.00267125,16:10 - 00:10,61,0
2023-01-10 17:52:00,0.00266608,16:10 - 00:10,61,0
2023-01-10 17:53:00,0.00268191,16:10 - 00:10,61,0
2023-01-10 17:54:00,0.00269641,16:10 - 00:10,61,0
2023-01-10 17:55:00,0.00269625,16:10 - 00:10,61,0
2023-01-10 17:56:00,0.00269625,16:10 - 00:10,61,0
2023-01-10 17:57:00,0.00270925,16:10 - 00:10,61,0
2023-01-10 17:58:00,0.00272675,16:10 - 00:10,61,0
2023-01-10 17:59:00,0.00271625,16:10 - 00:10,61,0
2023-01-10 18:00:00,0.00272175,16:10 - 00:10,61,0
2023-01-10 18:01:00,0.00273841,16:10 - 00:10,61,0
2023-01-10 18:02:00,0.00274325,16:10 - 00:10,61,0
2023-01-10 18:03:00,0.00275891,16:10 - 00:10,61,0
2023-01-10 18:04:00,0.00276825,16:10 - 00:10,61,0
2023-01-10 18:05:00,0.00275241,16:10 - 00:10,61,0
2023-01-10 18:06:00,0.00275525,16:10 - 00:10,61,0
2023-01-10 18:07:00,0.00273858,16:10 - 00:10,61,0
2023-01-10 18:08:00,0.00274275,16:10 - 00:10,61,0
2023-01-10 18:09:00,0.00273075,16:10 - 00:10,61,0
2023-01-10 18:10:00,0.00271891,16:10 - 00:10,61,0
2023-01-10 18:11:00,0.00274775,16:10 - 00:10,61,0
2023-01-10 18:12:00,0.00278108,16:10 - 00:10,61,0
2023-01-10 18:13:00,0.00279091,16:10 - 00:10,61,0
2023-01-10 18:14:00,0.00283558,16:10 - 00:10,61,0
2023-01-10 18:15:00,0.00286241,16:10 - 00:10,61,0
2023-01-10 18:16:00,0.00292991,16:10 - 00:10,61,0
2023-01-10 18:17:00,0.00292991,16:10 - 00:10,61,0
2023-01-10 18:18:00,0.00294091,16:10 - 00:10,61,0
2023-01-10 18:19:00,0.00293258,16:10 - 00:10,61,0
2023-01-10 18:20:00,0.00294108,16:10 - 00:10,61,0
2023-01-10 18:21:00,0.00296825,16:10 - 00:10,61,0
2023-01-10 18:22:00,0.00295158,16:10 - 00:10,61,0
2023-01-10 18:23:00,0.00294908,16:10 - 00:10,61,0
2023-01-10 18:24:00,0.00298925,16:10 - 00:10,61,0
2023-01-10 18:25:00,0.00300458,16:10 - 00:10,61,0
2023-01-10 18:26:00,0.00301641,16:10 - 00:10,61,0
2023-01-10 18:27:00,0.00303308,16:10 - 00:10,61,0
2023-01-10 18:28:00,0.00304175,16:10 - 00:10,61,0
2023-01-10 18:29:00,0.00304658,16:10 - 00:10,61,0
2023-01-10 18:30:00,0.00303625,16:10 - 00:10,61,0
2023-01-10 18:31:00,0.00303175,16:10 - 00:10,61,0
2023-01-10 18:32:00,0.00306508,16:10 - 00:10,61,0
2023-01-10 18:33:00,0.00314225,16:10 - 00:10,61,0
2023-01-10 18:34:00,0.00317908,16:10 - 00:10,61,0
2023-01-10 18:35:00,0.00318941,16:10 - 00:10,61,0
2023-01-10 18:36:00,0.00322325,16:10 - 00:10,61,0
2023-01-10 18:37:00,0.00327108,16:10 - 00:10,61,0
2023-01-10 18:38:00,0.00328775,16:10 - 00:10,61,0
2023-01-10 18:39:00,0.00330625,16:10 - 00:10,61,0
2023-01-10 18:40:00,0.00335541,16:10 - 00:10,61,0
2023-01-10 18:41:00,0.00336575,16:10 - 00:10,61,0
2023-01-10 18:42:00,0.00338625,16:10 - 00:10,61,0
2023-01-10 18:43:00,0.00338625,16:10 - 00:10,61,0
2023-01-10 18:44:00,0.00338658,16:10 - 00:10,61,0
2023-01-10 18:45:00,0.00336958,16:10 - 00:10,61,0
2023-01-10 18:46:00,0.00339858,16:10 - 00:10,61,0
2023-01-10 18:47:00,0.00342275,16:10 - 00:10,61,0
2023-01-10 18:48:00,0.00343941,16:10 - 00:10,61,0
2023-01-10 18:49:00,0.00344558,16:10 - 00:10,61,0
2023-01-10 18:50:00,0.00345408,16:10 - 00:10,61,0
2023-01-10 18:51:00,0.00348175,16:10 - 00:10,61,0
2023-01-10 18:52:00,0.00350541,16:10 - 00:10,61,0
2023-01-10 18:53:00,0.00353325,16:10 - 00:10,61,0
2023-01-10 18:54:00,0.00354991,16:10 - 00:10,61,0
2023-01-10 18:55:00,0.00357275,16:10 - 00:10,61,0
2023-01-10 18:56:00,0.00357691,16:10 - 00:10,61,0
2023-01-10 18:57:00,0.00361758,16:10 - 00:10,61,0
2023-01-10 18:58:00,0.00363108,16:10 - 00:10,61,0
2023-01-10 18:59:00,0.00363108,16:10 - 00:10,61,0
2023-01-10 19:00:00,0.00366141,16:10 - 00:10,61,0
2023-01-10 19:01:00,0.00367108,16:10 - 00:10,61,0
2023-01-10 19:02:00,0.00367491,16:10 - 00:10,61,0
2023-01-10 19:03:00,0.00368025,16:10 - 00:10,61,0
2023-01-10 19:04:00,0.00368025,16:10 - 00:10,61,0
2023-01-10 19:05:00,0.00366358,16:10 - 00:10,61,0
2023-01-10 19:06:00,0.00368191,16:10 - 00:10,61,0
2023-01-10 19:07:00,0.00368491,16:10 - 00:10,61,0
2023-01-10 19:08:00,0.00367058,16:10 - 00:10,61,0
2023-01-10 19:09:00,0.00367391,16:10 - 00:10,61,0
2023-01-10 19:10:00,0.00365725,16:10 - 00:10,61,0
2023-01-10 19:11:00,0.00365041,16:10 - 00:10,61,0
2023-01-10 19:12:00,0.00366291,16:10 - 00:10,61,0
2023-01-10 19:13:00,0.00365741,16:10 - 00:10,61,0
2023-01-10 19:14:00,0.00367508,16:10 - 00:10,61,0
2023-01-10 19:15:00,0.00369708,16:10 - 00:10,61,0
2023-01-10 19:16:00,0.00371375,16:10 - 00:10,61,0
2023-01-10 19:17:00,0.00373041,16:10 - 00:10,61,0
2023-01-10 19:18:00,0.00372158,16:10 - 00:10,61,0
2023-01-10 19:19:00,0.00372941,16:10 - 00:10,61,0
2023-01-10 19:20:00,0.00375025,16:10 - 00:10,61,0
2023-01-10 19:21:00,0.00373358,16:10 - 00:10,61,0
2023-01-10 19:22:00,0.00375375,16:10 - 00:10,61,0
2023-01-10 19:23:00,0.00376575,16:10 - 00:10,61,0
2023-01-10 19:24:00,0.00376091,16:10 - 00:10,61,0
2023-01-10 19:25:00,0.00374058,16:10 - 00:10,61,0
2023-01-10 19:26:00,0.00374058,16:10 - 00:10,61,0
2023-01-10 19:27:00,0.00371791,16:10 - 00:10,61,0
2023-01-10 19:28:00,0.00372175,16:10 - 00:10,61,0
2023-01-10 19:29:00,0.00370708,16:10 - 00:10,61,0
2023-01-10 19:30:00,0.00369641,16:10 - 00:10,61,0
2023-01-10 19:31:00,0.00368241,16:10 - 00:10,61,0
2023-01-10 19:32:00,0.00368241,16:10 - 00:10,61,0
2023-01-10 19:33:00,0.00368325,16:10 - 00:10,61,0
2023-01-10 19:34:00,0.00367241,16:10 - 00:10,61,0
2023-01-10 19:35:00,0.00366208,16:10 - 00:10,61,0
2023-01-10 19:36:00,0.00365658,16:10 - 00:10,61,0
2023-01-10 19:37:00,0.00365658,16:10 - 00:10,61,0
2023-01-10 19:38:00,0.00367125,16:10 - 00:10,61,0
2023-01-10 19:39:00,0.00368075,16:10 - 00:10,61,0
2023-01-10 19:40:00,0.00368308,16:10 - 00:10,61,0
2023-01-10 19:41:00,0.00368158,16:10 - 00:10,61,0
2023-01-10 19:42:00,0.00368175,16:10 - 00:10,61,0
2023-01-10 19:43:00,0.00368175,16:10 - 00:10,61,0
2023-01-10 19:44:00,0.00366158,16:10 - 00:10,61,0
2023-01-10 19:45:00,0.00366058,16:10 - 00:10,61,0
2023-01-10 19:46:00,0.00362825,16:10 - 00:10,61,0
2023-01-10 19:47:00,0.00363108,16:10 - 00:10,61,0
2023-01-10 19:48:00,0.00361441,16:10 - 00:10,61,0
2023-01-10 19:49:00,0.00360858,16:10 - 00:10,61,0
2023-01-10 19:50:00,0.00359791,16:10 - 00:10,61,0
2023-01-10 19:51:00,0.00359258,16:10 - 00:10,61,0
2023-01-10 19:52:00,0.00358325,16:10 - 00:10,61,0
2023-01-10 19:53:00,0.00358325,16:10 - 00:10,61,0
2023-01-10 19:54:00,0.00357275,16:10 - 00:10,61,0
2023-01-10 19:55:00,0.00356358,16:10 - 00:10,61,0
2023-01-10 19:56:00,0.00357608,16:10 - 00:10,61,0
2023-01-10 19:57:00,0.00357691,16:10 - 00:10,61,0
2023-01-10 19:58:00,0.00357291,16:10 - 00:10,61,0
2023-01-10 19:59:00,0.00483958,16:10 - 00:10,61,0
2023-01-10 20:00:00,0.00483625,16:10 - 00:10,61,0
2023-01-10 20:01:00,0.00483491,16:10 - 00:10,61,0
2023-01-10 20:02:00,0.00481458,16:10 - 00:10,61,0
2023-01-10 20:03:00,0.00481291,16:10 - 00:10,61,0
2023-01-10 20:04:00,0.00481291,16:10 - 00:10,61,0
2023-01-10 20:05:00,0.00480808,16:10 - 00:10,61,0
2023-01-10 20:06:00,0.00478641,16:10 - 00:10,61,0
2023-01-10 20:07:00,0.00478241,16:10 - 00:10,61,0
2023-01-10 20:08:00,0.00476525,16:10 - 00:10,61,0
2023-01-10 20:09:00,0.00476525,16:10 - 00:10,61,0
2023-01-10 20:10:00,0.00476875,16:10 - 00:10,61,0
2023-01-10 20:11:00,0.00476075,16:10 - 00:10,61,0
2023-01-10 20:12:00,0.00476358,16:10 - 00:10,61,0
2023-01-10 20:13:00,0.00477425,16:10 - 00:10,61,0
2023-01-10 20:14:00,0.00476908,16:10 - 00:10,61,0
2023-01-10 20:15:00,0.00476908,16:10 - 00:10,61,0
2023-01-10 20:16:00,0.00476908,16:10 - 00:10,61,0
2023-01-10 20:17:00,0.00479241,16:10 - 00:10,61,0
2023-01-10 20:18:00,0.00478891,16:10 - 00:10,61,0
2023-01-10 20:19:00,0.00479675,16:10 - 00:10,61,0
2023-01-10 20:20:00,0.00478008,16:10 - 00:10,61,0
2023-01-10 20:21:00,0.00477475,16:10 - 00:10,61,0
2023-01-10 20:22:00,0.00478108,16:10 - 00:10,61,0
2023-01-10 20:23:00,0.00478925,16:10 - 00:10,61,0
2023-01-10 20:24:00,0.00480625,16:10 - 00:10,61,0
2023-01-10 20:25:00,0.00480941,16:10 - 00:10,61,0
2023-01-10 20:26:00,0.00480941,16:10 - 00:10,61,0
2023-01-10 20:27:00,0.00481008,16:10 - 00:10,61,0
2023-01-10 20:28:00,0.00481241,16:10 - 00:10,61,0
2023-01-10 20:29:00,0.00480758,16:10 - 00:10,61,0
2023-01-10 20:30:00,0.00482341,16:10 - 00:10,61,0
2023-01-10 20:31:00,0.00480675,16:10 - 00:10,61,0
2023-01-10 20:32:00,0.00479425,16:10 - 00:10,61,0
2023-01-10 20:33:00,0.00480408,16:10 - 00:10,61,0
2023-01-10 20:34:00,0.00479208,16:10 - 00:10,61,0
2023-01-10 20:35:00,0.00479725,16:10 - 00:10,61,0
2023-01-10 20:36:00,0.00478808,16:10 - 00:10,61,0
2023-01-10 20:37:00,0.00478808,16:10 - 00:10,61,0
2023-01-10 20:38:00,0.00477741,16:10 - 00:10,61,0
2023-01-10 20:39:00,0.00476975,16:10 - 00:10,61,0
2023-01-10 20:40:00,0.00475725,16:10 - 00:10,61,0
2023-01-10 20:41:00,0.00473391,16:10 - 00:10,61,0
2023-01-10 20:42:00,0.00475058,16:10 - 00:10,61,0
2023-01-10 20:43:00,0.00472958,16:10 - 00:10,61,0
2023-01-10 20:44:00,0.00472758,16:10 - 00:10,61,0
2023-01-10 20:45:00,0.00470741,16:10 - 00:10,61,0
2023-01-10 20:46:00,0.00471241,16:10 - 00:10,61,0
2023-01-10 20:47:00,0.00469708,16:10 - 00:10,61,0
2023-01-10 20:48:00,0.00469708,16:10 - 00:10,61,0
2023-01-10 20:49:00,0.00468108,16:10 - 00:10,61,0
2023-01-10 20:50:00,0.00468241,16:10 - 00:10,61,0
2023-01-10 20:51:00,0.00466725,16:10 - 00:10,61,0
2023-01-10 20:52:00,0.00467258,16:10 - 00:10,61,0
2023-01-10 20:53:00,0.00467258,16:10 - 00:10,61,0
2023-01-10 20:54:00,0.00467358,16:10 - 00:10,61,0
2023-01-10 20:55:00,0.00467108,16:10 - 00:10,61,0
2023-01-10 20:56:00,0.00467375,16:10 - 00:10,61,0
2023-01-10 20:57:00,0.00468191,16:10 - 00:10,61,0
2023-01-10 20:58:00,0.00469858,16:10 - 00:10,61,0
2023-01-10 20:59:00,0.00470458,16:10 - 00:10,61,0
2023-01-10 21:00:00,0.00469758,16:10 - 00:10,61,0
2023-01-10 21:01:00,0.00469508,16:10 - 00:10,61,0
2023-01-10 21:02:00,0.00468408,16:10 - 00:10,61,0
2023-01-10 21:03:00,0.00467408,16:10 - 00:10,61,0
2023-01-10 21:04:00,0.00467408,16:10 - 00:10,61,0
2023-01-10 21:05:00,0.00466525,16:10 - 00:10,61,0
2023-01-10 21:06:00,0.00465225,16:10 - 00:10,61,0
2023-01-10 21:07:00,0.00463108,16:10 - 00:10,61,0
2023-01-10 21:08:00,0.00462291,16:10 - 00:10,61,0
2023-01-10 21:09:00,0.00460625,16:10 - 00:10,61,0
2023-01-10 21:10:00,0.00460425,16:10 - 00:10,61,0
2023-01-10 21:11:00,0.00458191,16:10 - 00:10,61,0
2023-01-10 21:12:00,0.00458825,16:10 - 00:10,61,0
2023-01-10 21:13:00,0.00456208,16:10 - 00:10,61,0
2023-01-10 21:14:00,0.00455591,16:10 - 00:10,61,0
2023-01-10 21:15:00,0.00455591,16:10 - 00:10,61,0
2023-01-10 21:16:00,0.00456291,16:10 - 00:10,61,0
2023-01-10 21:17:00,0.00455525,16:10 - 00:10,61,0
2023-01-10 21:18:00,0.00454958,16:10 - 00:10,61,0
2023-01-10 21:19:00,0.00454808,16:10 - 00:10,61,0
2023-01-10 21:20:00,0.00456308,16:10 - 00:10,61,0
2023-01-10 21:21:00,0.00456308,16:10 - 00:10,61,0
2023-01-10 21:22:00,0.00456558,16:10 - 00:10,61,0
2023-01-10 21:23:00,0.00458458,16:10 - 00:10,61,0
2023-01-10 21:24:00,0.00460275,16:10 - 00:10,61,0
2023-01-10 21:25:00,0.00461991,16:10 - 00:10,61,0
2023-01-10 21:26:00,0.00463658,16:10 - 00:10,61,0
2023-01-10 21:27:00,0.00463391,16:10 - 00:10,61,0
2023-01-10 21:28:00,0.00465975,16:10 - 00:10,61,0
2023-01-10 21:29:00,0.00466625,16:10 - 00:10,61,0
2023-01-10 21:30:00,0.00467358,16:10 - 00:10,61,0
2023-01-10 21:31:00,0.00467358,16:10 - 00:10,61,0
2023-01-10 21:32:00,0.00468308,16:10 - 00:10,61,0
2023-01-10 21:33:00,0.00467775,16:10 - 00:10,61,0
2023-01-10 21:34:00,0.00469225,16:10 - 00:10,61,0
2023-01-10 21:35:00,0.00469591,16:10 - 00:10,61,0
2023-01-10 21:36:00,0.00469641,16:10 - 00:10,61,0
2023-01-10 21:37:00,0.00471308,16:10 - 00:10,61,0
2023-01-10 21:38:00,0.00472658,16:10 - 00:10,61,0
2023-01-10 21:39:00,0.00472641,16:10 - 00:10,61,0
2023-01-10 21:40:00,0.00474691,16:10 - 00:10,61,0
2023-01-10 21:41:00,0.00474358,16:10 - 00:10,61,0
2023-01-10 21:42:00,0.00476025,16:10 - 00:10,61,0
2023-01-10 21:43:00,0.00475808,16:10 - 00:10,61,0
2023-01-10 21:44:00,0.00475241,16:10 - 00:10,61,0
2023-01-10 21:45:00,0.00476258,16:10 - 00:10,61,0
2023-01-10 21:46:00,0.00475275,16:10 - 00:10,61,0
2023-01-10 21:47:00,0.00476925,16:10 - 00:10,61,0
2023-01-10 21:48:00,0.00475858,16:10 - 00:10,61,0
2023-01-10 21:49:00,0.00473391,16:10 - 00:10,61,0
2023-01-10 21:50:00,0.00474208,16:10 - 00:10,61,0
2023-01-10 21:51:00,0.00473325,16:10 - 00:10,61,0
2023-01-10 21:52:00,0.00473325,16:10 - 00:10,61,0
2023-01-10 21:53:00,0.00472391,16:10 - 00:10,61,0
2023-01-10 21:54:00,0.00470125,16:10 - 00:10,61,0
2023-01-10 21:55:00,0.00469525,16:10 - 00:10,61,0
2023-01-10 21:56:00,0.00467891,16:10 - 00:10,61,0
2023-01-10 21:57:00,0.00468158,16:10 - 00:10,61,0
2023-01-10 21:58:00,0.00468158,16:10 - 00:10,61,0
2023-01-10 21:59:00,0.00467791,16:10 - 00:10,61,0
2023-01-10 22:00:00,0.00465975,16:10 - 00:10,61,0
2023-01-10 22:01:00,0.00464508,16:10 - 00:10,61,0
2023-01-10 22:02:00,0.00461275,16:10 - 00:10,61,0
2023-01-10 22:03:00,0.00461275,16:10 - 00:10,61,0
2023-01-10 22:04:00,0.00459541,16:10 - 00:10,61,0
2023-01-10 22:05:00,0.00456491,16:10 - 00:10,61,0
2023-01-10 22:06:00,0.00455341,16:10 - 00:10,61,0
2023-01-10 22:07:00,0.00455375,16:10 - 00:10,61,0
2023-01-10 22:08:00,0.00455158,16:10 - 00:10,61,0
2023-01-10 22:09:00,0.00453408,16:10 - 00:10,61,0
2023-01-10 22:10:00,0.00452741,16:10 - 00:10,61,0
2023-01-10 22:11:00,0.00452058,16:10 - 00:10,61,0
2023-01-10 22:12:00,0.00450091,16:10 - 00:10,61,0
2023-01-10 22:13:00,0.00448325,16:10 - 00:10,61,0
2023-01-10 22:14:00,0.00448325,16:10 - 00:10,61,0
2023-01-10 22:15:00,0.00446208,16:10 - 00:10,61,0
2023-01-10 22:16:00,0.00443975,16:10 - 00:10,61,0
2023-01-10 22:17:00,0.00441791,16:10 - 00:10,61,0
2023-01-10 22:18:00,0.00439975,16:10 - 00:10,61,0
2023-01-10 22:19:00,0.00437641,16:10 - 00:10,61,0
2023-01-10 22:20:00,0.00435975,16:10 - 00:10,61,0
2023-01-10 22:21:00,0.00434625,16:10 - 00:10,61,0
2023-01-10 22:22:00,0.00431275,16:10 - 00:10,61,0
2023-01-10 22:23:00,0.00430725,16:10 - 00:10,61,0
2023-01-10 22:24:00,0.00428675,16:10 - 00:10,61,0
2023-01-10 22:25:00,0.00425341,16:10 - 00:10,61,0
2023-01-10 22:26:00,0.00424375,16:10 - 00:10,61,0
2023-01-10 22:27:00,0.00422541,16:10 - 00:10,61,0
2023-01-10 22:28:00,0.00419291,16:10 - 00:10,61,0
2023-01-10 22:29:00,0.00418258,16:10 - 00:10,61,0
2023-01-10 22:30:00,0.00414925,16:10 - 00:10,61,0
2023-01-10 22:31:00,0.00413891,16:10 - 00:10,61,0
2023-01-10 22:32:00,0.00413258,16:10 - 00:10,61,0
2023-01-10 22:33:00,0.00410741,16:10 - 00:10,61,0
2023-01-10 22:34:00,0.00409758,16:10 - 00:10,61,0
2023-01-10 22:35:00,0.00407675,16:10 - 00:10,61,0
2023-01-10 22:36:00,0.00407675,16:10 - 00:10,61,0
2023-01-10 22:37:00,0.00405258,16:10 - 00:10,61,0
2023-01-10 22:38:00,0.00404475,16:10 - 00:10,61,0
2023-01-10 22:39:00,0.00403491,16:10 - 00:10,61,0
2023-01-10 22:40:00,0.00402525,16:10 - 00:10,61,0
2023-01-10 22:41:00,0.00402525,16:10 - 00:10,61,0
2023-01-10 22:42:00,0.00402758,16:10 - 00:10,61,0
2023-01-10 22:43:00,0.00403108,16:10 - 00:10,61,0
2023-01-10 22:44:00,0.00401825,16:10 - 00:10,61,0
2023-01-10 22:45:00,0.00400091,16:10 - 00:10,61,0
2023-01-10 22:46:00,0.00398425,16:10 - 00:10,61,0
2023-01-10 22:47:00,0.00395325,16:10 - 00:10,61,0
2023-01-10 22:48:00,0.00393491,16:10 - 00:10,61,0
2023-01-10 22:49:00,0.00391858,16:10 - 00:10,61,0
2023-01-10 22:50:00,0.00390425,16:10 - 00:10,61,0
2023-01-10 22:51:00,0.00389708,16:10 - 00:10,61,0
2023-01-10 22:52:00,0.00389708,16:10 - 00:10,61,0
2023-01-10 22:53:00,0.00389141,16:10 - 00:10,61,0
2023-01-10 22:54:00,0.00388491,16:10 - 00:10,61,0
2023-01-10 22:55:00,0.00386575,16:10 - 00:10,61,0
2023-01-10 22:56:00,0.00384375,16:10 - 00:10,61,0
2023-01-10 22:57:00,0.00384375,16:10 - 00:10,61,0
2023-01-10 22:58:00,0.00383575,16:10 - 00:10,61,0
2023-01-10 22:59:00,0.00382941,16:10 - 00:10,61,0
2023-01-10 23:00:00,0.00380641,16:10 - 00:10,61,0
2023-01-10 23:01:00,0.00380641,16:10 - 00:10,61,0
2023-01-10 23:02:00,0.00380075,16:10 - 00:10,61,0
2023-01-10 23:03:00,0.00379141,16:10 - 00:10,61,0
2023-01-10 23:04:00,0.00379008,16:10 - 00:10,61,0
2023-01-10 23:05:00,0.00378841,16:10 - 00:10,61,0
2023-01-10 23:06:00,0.00381108,16:10 - 00:10,61,0
2023-01-10 23:07:00,0.00381108,16:10 - 00:10,61,0
2023-01-10 23:08:00,0.00381525,16:10 - 00:10,61,0
2023-01-10 23:09:00,0.00383291,16:10 - 00:10,61,0
2023-01-10 23:10:00,0.00383491,16:10 - 00:10,61,0
2023-01-10 23:11:00,0.00383541,16:10 - 00:10,61,0
2023-01-10 23:12:00,0.00383541,16:10 - 00:10,61,0
2023-01-10 23:13:00,0.00384991,16:10 - 00:10,61,0
2023-01-10 23:14:00,0.00384641,16:10 - 00:10,61,0
2023-01-10 23:15:00,0.00385791,16:10 - 00:10,61,0
2023-01-10 23:16:00,0.00385408,16:10 - 00:10,61,0
2023-01-10 23:17:00,0.00385408,16:10 - 00:10,61,0
2023-01-10 23:18:00,0.00385158,16:10 - 00:10,61,0
2023-01-10 23:19:00,0.00385625,16:10 - 00:10,61,0
2023-01-10 23:20:00,0.00386041,16:10 - 00:10,61,0
2023-01-10 23:21:00,0.00385175,16:10 - 00:10,61,0
2023-01-10 23:22:00,0.00386841,16:10 - 00:10,61,0
2023-01-10 23:23:00,0.00386925,16:10 - 00:10,61,0
2023-01-10 23:24:00,0.00386841,16:10 - 00:10,61,0
2023-01-10 23:25:00,0.00388841,16:10 - 00:10,61,0
2023-01-10 23:26:00,0.00388675,16:10 - 00:10,61,0
2023-01-10 23:27:00,0.00388675,16:10 - 00:10,61,0
2023-01-10 23:28:00,0.00388458,16:10 - 00:10,61,0
2023-01-10 23:29:00,0.00390008,16:10 - 00:10,61,0
2023-01-10 23:30:00,0.00389925,16:10 - 00:10,61,0
2023-01-10 23:31:00,0.00389691,16:10 - 00:10,61,0
2023-01-10 23:32:00,0.00390625,16:10 - 00:10,61,0
2023-01-10 23:33:00,0.00390625,16:10 - 00:10,61,0
2023-01-10 23:34:00,0.00389975,16:10 - 00:10,61,0
2023-01-10 23:35:00,0.00391641,16:10 - 00:10,61,0
2023-01-10 23:36:00,0.00392175,16:10 - 00:10,61,0
2023-01-10 23:37:00,0.00391691,16:10 - 00:10,61,0
2023-01-10 23:38:00,0.00393358,16:10 - 00:10,61,0
2023-01-10 23:39:00,0.00394025,16:10 - 00:10,61,0
2023-01-10 23:40:00,0.00393375,16:10 - 00:10,61,0
2023-01-10 23:41:00,0.00394775,16:10 - 00:10,61,0
2023-01-10 23:42:00,0.00394375,16:10 - 00:10,61,0
2023-01-10 23:43:00,0.00396041,16:10 - 00:10,61,0
2023-01-10 23:44:00,0.00395708,16:10 - 00:10,61,0
2023-01-10 23:45:00,0.00397141,16:10 - 00:10,61,0
2023-01-10 23:46:00,0.00398608,16:10 - 00:10,61,0
2023-01-10 23:47:00,0.00397475,16:10 - 00:10,61,0
2023-01-10 23:48:00,0.00397791,16:10 - 00:10,61,0
2023-01-10 23:49:00,0.00397791,16:10 - 00:10,61,0
2023-01-10 23:50:00,0.00398425,16:10 - 00:10,61,0
2023-01-10 23:51:00,0.00397691,16:10 - 00:10,61,0
2023-01-10 23:52:00,0.00398825,16:10 - 00:10,61,0
2023-01-10 23:53:00,0.00397758,16:10 - 00:10,61,0
2023-01-10 23:54:00,0.00399425,16:10 - 00:10,61,0
2023-01-10 23:55:00,0.00398675,16:10 - 00:10,61,0
2023-01-10 23:56:00,0.00399758,16:10 - 00:10,61,0
2023-01-10 23:57:00,0.00399808,16:10 - 00:10,61,0
2023-01-10 23:58:00,0.00400441,16:10 - 00:10,61,0
2023-01-10 23:59:00,0.00402108,16:10 - 00:10,61,0
